model,local_or_cloud,profile,task_id,status,score,max_score,normalized_score,wall_seconds,time_to_first_token,prompt_eval_count,eval_count,output_tokens_per_second,digest,legacy_status,legacy_score,semantic_score,protocol_score,infrastructure_failure,offline_note,raw_response_path
deepscaler:1.5b,local,v2_deterministic,CODE01,runtime_error,0.0,10,0.0,41.198,0.202,59,2829,69.017,0031bcf7459f9405e9ae68b522c3fb791ad64814eff25dbec007435d837977e6,syntax_error,,,,0,"fenced_code_extracted; policy passed; Traceback (most recent call last):
  File ""C:\WINDOWS\TEMP\v2_code_i79jvys1\harness.py"", line 12, in <module>
    assert fn(*('Apple banana apple, BANANA! pear.', 2)) == [('apple', 2), ('banana', 2)]
           ^^^^^^^^^^^^^^^^^^^^^^^^^^^^^^^^^^^^^^^^^^^^^^^^^^^^^^^^^^^^^^^^^^^^^^^^^^^^^^
AssertionError
",raw\deepscaler__1.5b\v2_deterministic__CODE01__attempt02.json
deepscaler:1.5b,local,v2_deterministic,CODE02,syntax_error,,10,,59.758,0.219,44,4096,68.803,0031bcf7459f9405e9ae68b522c3fb791ad64814eff25dbec007435d837977e6,truncated,0,,,0,"invalid character '，' (U+FF0C) (<unknown>, line 2)",raw\deepscaler__1.5b\v2_deterministic__CODE02__attempt02.json
deepscaler:1.5b,local,v2_deterministic,CODE03,completed,5.0,10,0.5,51.001,0.224,48,3499,68.918,0031bcf7459f9405e9ae68b522c3fb791ad64814eff25dbec007435d837977e6,syntax_error,,,,0,fenced_code_extracted; policy passed; 1/2 hidden cases,raw\deepscaler__1.5b\v2_deterministic__CODE03__attempt02.json
deepscaler:1.5b,local,v2_deterministic,CODE04,runtime_error,0.0,10,0.0,23.434,0.23,53,1612,69.485,0031bcf7459f9405e9ae68b522c3fb791ad64814eff25dbec007435d837977e6,syntax_error,,,,0,"fenced_code_extracted; policy passed; Traceback (most recent call last):
  File ""C:\WINDOWS\TEMP\v2_code_drrswicp\harness.py"", line 32, in <module>
    assert fn(*(['[INFO] ok', '[WARN] x', 'bad', '[ERROR] y', '[DEBUG] z'],)) == {'INFO': 1, 'WARN': 1, 'ERROR': 1}
           ^^^^^^^^^^^^^^^^^^^^^^^^^^^^^^^^^^^^^^^^^^^^^^^^^^^^^^^^^^^^^^^^^^
  File ""C:\WINDOWS\TEMP\v2_code_drrswicp\harness.py"", line 7, in parse_log_counts
    for record in lines.split('\n'):
                  ^^^^^^^^^^^
AttributeError: 'list' object has no attribute ",raw\deepscaler__1.5b\v2_deterministic__CODE04__attempt02.json
deepscaler:1.5b,local,v2_deterministic,CODE05,runtime_error,0.0,10,0.0,33.014,0.221,53,2268,69.172,0031bcf7459f9405e9ae68b522c3fb791ad64814eff25dbec007435d837977e6,syntax_error,,,,0,"fenced_code_extracted; policy passed; Traceback (most recent call last):
  File ""C:\WINDOWS\TEMP\v2_code_12pvbu8t\harness.py"", line 12, in <module>
    assert fn(*([{'id': 1, 'x': 1}, {'id': 1, 'x': 2}, {'x': 3}],)) == [{'id': 1, 'x': 1}, {'x': 3}]
           ^^^^^^^^^^^^^^^^^^^^^^^^^^^^^^^^^^^^^^^^^^^^^^^^^^^^^^^^
  File ""C:\WINDOWS\TEMP\v2_code_12pvbu8t\harness.py"", line 6, in dedupe_records
    key = record.keys()[0]
          ~~~~~~~~~~~~~^^^
TypeError: 'dict_keys' object is not subscriptable
",raw\deepscaler__1.5b\v2_deterministic__CODE05__attempt02.json
deepscaler:1.5b,local,v2_deterministic,CODE06,syntax_error,,10,,59.929,0.225,50,4096,68.616,0031bcf7459f9405e9ae68b522c3fb791ad64814eff25dbec007435d837977e6,truncated,0,,,0,"invalid character '，' (U+FF0C) (<unknown>, line 2)",raw\deepscaler__1.5b\v2_deterministic__CODE06__attempt02.json
deepscaler:1.5b,local,v2_deterministic,CODE07,syntax_error,,10,,59.828,0.247,46,4096,68.755,0031bcf7459f9405e9ae68b522c3fb791ad64814eff25dbec007435d837977e6,truncated,0,,,0,"invalid character '，' (U+FF0C) (<unknown>, line 2)",raw\deepscaler__1.5b\v2_deterministic__CODE07__attempt02.json
deepscaler:1.5b,local,v2_deterministic,CODE08,runtime_error,0.0,10,0.0,40.523,0.239,50,2781,69.045,0031bcf7459f9405e9ae68b522c3fb791ad64814eff25dbec007435d837977e6,syntax_error,,,,0,"fenced_code_extracted; policy passed; Traceback (most recent call last):
  File ""C:\WINDOWS\TEMP\v2_code_8o5fwqrz\harness.py"", line 17, in <module>
    assert fn(*([{'customer': 'B', 'amount_cents': 2}, {'customer': 'A', 'amount_cents': 3}, {'customer': 'B', 'amount_cents': 4}],)) == [('A', 3), ('B', 6)]
           ^^^^^^^^^^^^^^^^^^^^^^^^^^^^^^^^^^^^^^^^^^^^^^^^^^^^^^^^^^^^^^^^^^^^^^^^^^^^^^^^^^^^^^^^^^^^^^^^^^^^^^^^^^^^^^^^^^^^^^^^^^
  File ""C:\WINDOWS\TEMP\v2_code_8o5fwqrz\harness.py"", line 5, in summarize_orders
    customer_nam",raw\deepscaler__1.5b\v2_deterministic__CODE08__attempt02.json
deepscaler:1.5b,local,v2_deterministic,CODE09,syntax_error,,10,,59.842,0.211,48,4096,68.695,0031bcf7459f9405e9ae68b522c3fb791ad64814eff25dbec007435d837977e6,truncated,0,,,0,"invalid character '，' (U+FF0C) (<unknown>, line 2)",raw\deepscaler__1.5b\v2_deterministic__CODE09__attempt02.json
deepscaler:1.5b,local,v2_deterministic,CODE10,timeout_absolute,,10,,7222.91,0.223,,,,0031bcf7459f9405e9ae68b522c3fb791ad64814eff25dbec007435d837977e6,timeout_absolute,,,,1,"invalid character '，' (U+FF0C) (<unknown>, line 2)",raw\deepscaler__1.5b\v2_deterministic__CODE10__attempt02.json
deepseek-r1:8b,local,v2_deterministic,CODE01,network_error,,10,,9.091,,,,,6995872bfe4c521a67b32da386cd21d5c6e819b6e0d62f79f64ec83be99f5763,network_error,0.0,,,1,"Traceback (most recent call last):
  File ""C:\WINDOWS\TEMP\v2_code_9ixb3kte\harness.py"", line 4, in <module>
    assert fn(*('Apple banana apple, BANANA! pear.', 2)) == [('apple', 2), ('banana', 2)]
           ^^^^^^^^^^^^^^^^^^^^^^^^^^^^^^^^^^^^^^^^^^^^^
TypeError: 'NoneType' object is not callable
",raw\deepseek-r1__8b\v2_deterministic__CODE01__attempt02.json
deepseek-r1:8b,local,v2_deterministic,CODE02,network_error,,10,,9.124,,,,,6995872bfe4c521a67b32da386cd21d5c6e819b6e0d62f79f64ec83be99f5763,network_error,0.0,,,1,"Traceback (most recent call last):
  File ""C:\WINDOWS\TEMP\v2_code_oewhwyrm\harness.py"", line 4, in <module>
    assert fn(*([[1, 3], [2, 6], [8, 10], [10, 12]],)) == [[1, 6], [8, 12]]
           ^^^^^^^^^^^^^^^^^^^^^^^^^^^^^^^^^^^^^^^^^^^
TypeError: 'NoneType' object is not callable
",raw\deepseek-r1__8b\v2_deterministic__CODE02__attempt02.json
deepseek-r1:8b,local,v2_deterministic,CODE03,network_error,,10,,9.115,,,,,6995872bfe4c521a67b32da386cd21d5c6e819b6e0d62f79f64ec83be99f5763,network_error,0.0,,,1,"Traceback (most recent call last):
  File ""C:\WINDOWS\TEMP\v2_code_t__k3ut5\harness.py"", line 4, in <module>
    assert fn(*([1, 2, 2, 2, 5], 2)) == 1
           ^^^^^^^^^^^^^^^^^^^^^^^^^
TypeError: 'NoneType' object is not callable
",raw\deepseek-r1__8b\v2_deterministic__CODE03__attempt02.json
deepseek-r1:8b,local,v2_deterministic,CODE04,network_error,,10,,9.116,,,,,6995872bfe4c521a67b32da386cd21d5c6e819b6e0d62f79f64ec83be99f5763,network_error,0.0,,,1,"Traceback (most recent call last):
  File ""C:\WINDOWS\TEMP\v2_code_5zeqzjc_\harness.py"", line 4, in <module>
    assert fn(*(['[INFO] ok', '[WARN] x', 'bad', '[ERROR] y', '[DEBUG] z'],)) == {'INFO': 1, 'WARN': 1, 'ERROR': 1}
           ^^^^^^^^^^^^^^^^^^^^^^^^^^^^^^^^^^^^^^^^^^^^^^^^^^^^^^^^^^^^^^^^^^
TypeError: 'NoneType' object is not callable
",raw\deepseek-r1__8b\v2_deterministic__CODE04__attempt02.json
deepseek-r1:8b,local,v2_deterministic,CODE05,network_error,,10,,9.11,,,,,6995872bfe4c521a67b32da386cd21d5c6e819b6e0d62f79f64ec83be99f5763,network_error,0.0,,,1,"Traceback (most recent call last):
  File ""C:\WINDOWS\TEMP\v2_code_4p_irjxq\harness.py"", line 4, in <module>
    assert fn(*([{'id': 1, 'x': 1}, {'id': 1, 'x': 2}, {'x': 3}],)) == [{'id': 1, 'x': 1}, {'x': 3}]
           ^^^^^^^^^^^^^^^^^^^^^^^^^^^^^^^^^^^^^^^^^^^^^^^^^^^^^^^^
TypeError: 'NoneType' object is not callable
",raw\deepseek-r1__8b\v2_deterministic__CODE05__attempt02.json
deepseek-r1:8b,local,v2_deterministic,CODE06,network_error,,10,,9.128,,,,,6995872bfe4c521a67b32da386cd21d5c6e819b6e0d62f79f64ec83be99f5763,network_error,0.0,,,1,"Traceback (most recent call last):
  File ""C:\WINDOWS\TEMP\v2_code_j_rpb6fq\harness.py"", line 4, in <module>
    assert fn(*(['a', 'b', 'c'], [['a', 'b'], ['a', 'c']])) == ['a', 'b', 'c']
           ^^^^^^^^^^^^^^^^^^^^^^^^^^^^^^^^^^^^^^^^^^^^^^^^
TypeError: 'NoneType' object is not callable
",raw\deepseek-r1__8b\v2_deterministic__CODE06__attempt02.json
deepseek-r1:8b,local,v2_deterministic,CODE07,network_error,,10,,9.118,,,,,6995872bfe4c521a67b32da386cd21d5c6e819b6e0d62f79f64ec83be99f5763,network_error,0.0,,,1,"Traceback (most recent call last):
  File ""C:\WINDOWS\TEMP\v2_code_lq86swsr\harness.py"", line 4, in <module>
    assert fn(*([1, 3, -1, -3, 5, 3, 6, 7], 3)) == [3, 3, 5, 6, 7]
           ^^^^^^^^^^^^^^^^^^^^^^^^^^^^^^^^^^^^
TypeError: 'NoneType' object is not callable
",raw\deepseek-r1__8b\v2_deterministic__CODE07__attempt02.json
deepseek-r1:8b,local,v2_deterministic,CODE08,network_error,,10,,9.092,,,,,6995872bfe4c521a67b32da386cd21d5c6e819b6e0d62f79f64ec83be99f5763,network_error,0.0,,,1,"Traceback (most recent call last):
  File ""C:\WINDOWS\TEMP\v2_code_bi4m0_kt\harness.py"", line 4, in <module>
    assert fn(*([{'customer': 'B', 'amount_cents': 2}, {'customer': 'A', 'amount_cents': 3}, {'customer': 'B', 'amount_cents': 4}],)) == [('A', 3), ('B', 6)]
           ^^^^^^^^^^^^^^^^^^^^^^^^^^^^^^^^^^^^^^^^^^^^^^^^^^^^^^^^^^^^^^^^^^^^^^^^^^^^^^^^^^^^^^^^^^^^^^^^^^^^^^^^^^^^^^^^^^^^^^^^^^
TypeError: 'NoneType' object is not callable
",raw\deepseek-r1__8b\v2_deterministic__CODE08__attempt02.json
deepseek-r1:8b,local,v2_deterministic,CODE09,network_error,,10,,9.121,,,,,6995872bfe4c521a67b32da386cd21d5c6e819b6e0d62f79f64ec83be99f5763,network_error,0.0,,,1,"Traceback (most recent call last):
  File ""C:\WINDOWS\TEMP\v2_code_i4vip724\harness.py"", line 4, in <module>
    assert fn(*('abcdef', 4, 1)) == ['abcd', 'def', 'f']
           ^^^^^^^^^^^^^^^^^^^^^
TypeError: 'NoneType' object is not callable
",raw\deepseek-r1__8b\v2_deterministic__CODE09__attempt02.json
deepseek-r1:8b,local,v2_deterministic,CODE10,network_error,,10,,9.124,,,,,6995872bfe4c521a67b32da386cd21d5c6e819b6e0d62f79f64ec83be99f5763,network_error,0.0,,,1,"Traceback (most recent call last):
  File ""C:\WINDOWS\TEMP\v2_code_0p384sx6\harness.py"", line 4, in <module>
    assert fn(*('([{}])',)) == True
           ^^^^^^^^^^^^^^^^
TypeError: 'NoneType' object is not callable
",raw\deepseek-r1__8b\v2_deterministic__CODE10__attempt02.json
gemma3n:e4b,local,v2_deterministic,CODE01,syntax_error,,10,,6.489,0.473,76,358,59.533,15cb39fd9394fd2549f6df9081cfc84dd134ecf2c9c5be911e5629920489ac32,syntax_error,,,,0,"invalid character '▁' (U+2581) (<unknown>, line 6)",raw\gemma3n__e4b\v2_deterministic__CODE01__attempt02.json
gemma3n:e4b,local,v2_deterministic,CODE02,syntax_error,,10,,5.734,0.479,62,313,59.584,15cb39fd9394fd2549f6df9081cfc84dd134ecf2c9c5be911e5629920489ac32,syntax_error,,,,0,"invalid character '▁' (U+2581) (<unknown>, line 3)",raw\gemma3n__e4b\v2_deterministic__CODE02__attempt02.json
gemma3n:e4b,local,v2_deterministic,CODE03,syntax_error,,10,,3.992,0.465,60,210,59.586,15cb39fd9394fd2549f6df9081cfc84dd134ecf2c9c5be911e5629920489ac32,syntax_error,,,,0,"invalid character '▁' (U+2581) (<unknown>, line 3)",raw\gemma3n__e4b\v2_deterministic__CODE03__attempt02.json
gemma3n:e4b,local,v2_deterministic,CODE04,syntax_error,,10,,4.226,0.456,68,225,59.704,15cb39fd9394fd2549f6df9081cfc84dd134ecf2c9c5be911e5629920489ac32,syntax_error,,,,0,"invalid character '▁' (U+2581) (<unknown>, line 3)",raw\gemma3n__e4b\v2_deterministic__CODE04__attempt02.json
gemma3n:e4b,local,v2_deterministic,CODE05,syntax_error,,10,,4.193,0.474,61,220,59.195,15cb39fd9394fd2549f6df9081cfc84dd134ecf2c9c5be911e5629920489ac32,syntax_error,,,,0,"invalid character '▁' (U+2581) (<unknown>, line 3)",raw\gemma3n__e4b\v2_deterministic__CODE05__attempt02.json
gemma3n:e4b,local,v2_deterministic,CODE06,syntax_error,,10,,6.442,0.473,71,355,59.495,15cb39fd9394fd2549f6df9081cfc84dd134ecf2c9c5be911e5629920489ac32,syntax_error,,,,0,"invalid character '▁' (U+2581) (<unknown>, line 3)",raw\gemma3n__e4b\v2_deterministic__CODE06__attempt02.json
gemma3n:e4b,local,v2_deterministic,CODE07,syntax_error,,10,,5.99,0.454,59,329,59.45,15cb39fd9394fd2549f6df9081cfc84dd134ecf2c9c5be911e5629920489ac32,syntax_error,,,,0,"invalid character '▁' (U+2581) (<unknown>, line 3)",raw\gemma3n__e4b\v2_deterministic__CODE07__attempt02.json
gemma3n:e4b,local,v2_deterministic,CODE08,syntax_error,,10,,6.209,0.467,61,342,59.582,15cb39fd9394fd2549f6df9081cfc84dd134ecf2c9c5be911e5629920489ac32,syntax_error,,,,0,"invalid character '▁' (U+2581) (<unknown>, line 3)",raw\gemma3n__e4b\v2_deterministic__CODE08__attempt02.json
gemma3n:e4b,local,v2_deterministic,CODE09,syntax_error,,10,,4.855,0.483,60,260,59.491,15cb39fd9394fd2549f6df9081cfc84dd134ecf2c9c5be911e5629920489ac32,syntax_error,,,,0,"invalid character '▁' (U+2581) (<unknown>, line 3)",raw\gemma3n__e4b\v2_deterministic__CODE09__attempt02.json
gemma3n:e4b,local,v2_deterministic,CODE10,syntax_error,,10,,3.109,0.452,53,159,59.857,15cb39fd9394fd2549f6df9081cfc84dd134ecf2c9c5be911e5629920489ac32,syntax_error,,,,0,"invalid character '▁' (U+2581) (<unknown>, line 3)",raw\gemma3n__e4b\v2_deterministic__CODE10__attempt02.json
granite4.1:8b,local,v2_deterministic,CODE01,network_error,,10,,9.115,,,,,444af1c4b2fedd6b54041aca558e7300b0b3d5c0468c44619126240323ba2852,network_error,0.0,,,1,"Traceback (most recent call last):
  File ""C:\WINDOWS\TEMP\v2_code_zv0iyklh\harness.py"", line 4, in <module>
    assert fn(*('Apple banana apple, BANANA! pear.', 2)) == [('apple', 2), ('banana', 2)]
           ^^^^^^^^^^^^^^^^^^^^^^^^^^^^^^^^^^^^^^^^^^^^^
TypeError: 'NoneType' object is not callable
",raw\granite4.1__8b\v2_deterministic__CODE01__attempt02.json
granite4.1:8b,local,v2_deterministic,CODE02,network_error,,10,,9.096,,,,,444af1c4b2fedd6b54041aca558e7300b0b3d5c0468c44619126240323ba2852,network_error,0.0,,,1,"Traceback (most recent call last):
  File ""C:\WINDOWS\TEMP\v2_code_6ahjdzfl\harness.py"", line 4, in <module>
    assert fn(*([[1, 3], [2, 6], [8, 10], [10, 12]],)) == [[1, 6], [8, 12]]
           ^^^^^^^^^^^^^^^^^^^^^^^^^^^^^^^^^^^^^^^^^^^
TypeError: 'NoneType' object is not callable
",raw\granite4.1__8b\v2_deterministic__CODE02__attempt02.json
granite4.1:8b,local,v2_deterministic,CODE03,network_error,,10,,9.106,,,,,444af1c4b2fedd6b54041aca558e7300b0b3d5c0468c44619126240323ba2852,network_error,0.0,,,1,"Traceback (most recent call last):
  File ""C:\WINDOWS\TEMP\v2_code_q_0_spas\harness.py"", line 4, in <module>
    assert fn(*([1, 2, 2, 2, 5], 2)) == 1
           ^^^^^^^^^^^^^^^^^^^^^^^^^
TypeError: 'NoneType' object is not callable
",raw\granite4.1__8b\v2_deterministic__CODE03__attempt02.json
granite4.1:8b,local,v2_deterministic,CODE04,network_error,,10,,9.135,,,,,444af1c4b2fedd6b54041aca558e7300b0b3d5c0468c44619126240323ba2852,network_error,0.0,,,1,"Traceback (most recent call last):
  File ""C:\WINDOWS\TEMP\v2_code_hy6snd3a\harness.py"", line 4, in <module>
    assert fn(*(['[INFO] ok', '[WARN] x', 'bad', '[ERROR] y', '[DEBUG] z'],)) == {'INFO': 1, 'WARN': 1, 'ERROR': 1}
           ^^^^^^^^^^^^^^^^^^^^^^^^^^^^^^^^^^^^^^^^^^^^^^^^^^^^^^^^^^^^^^^^^^
TypeError: 'NoneType' object is not callable
",raw\granite4.1__8b\v2_deterministic__CODE04__attempt02.json
granite4.1:8b,local,v2_deterministic,CODE05,network_error,,10,,9.151,,,,,444af1c4b2fedd6b54041aca558e7300b0b3d5c0468c44619126240323ba2852,network_error,0.0,,,1,"Traceback (most recent call last):
  File ""C:\WINDOWS\TEMP\v2_code_2hsro94n\harness.py"", line 4, in <module>
    assert fn(*([{'id': 1, 'x': 1}, {'id': 1, 'x': 2}, {'x': 3}],)) == [{'id': 1, 'x': 1}, {'x': 3}]
           ^^^^^^^^^^^^^^^^^^^^^^^^^^^^^^^^^^^^^^^^^^^^^^^^^^^^^^^^
TypeError: 'NoneType' object is not callable
",raw\granite4.1__8b\v2_deterministic__CODE05__attempt02.json
granite4.1:8b,local,v2_deterministic,CODE06,network_error,,10,,9.147,,,,,444af1c4b2fedd6b54041aca558e7300b0b3d5c0468c44619126240323ba2852,network_error,0.0,,,1,"Traceback (most recent call last):
  File ""C:\WINDOWS\TEMP\v2_code_3sa1w55j\harness.py"", line 4, in <module>
    assert fn(*(['a', 'b', 'c'], [['a', 'b'], ['a', 'c']])) == ['a', 'b', 'c']
           ^^^^^^^^^^^^^^^^^^^^^^^^^^^^^^^^^^^^^^^^^^^^^^^^
TypeError: 'NoneType' object is not callable
",raw\granite4.1__8b\v2_deterministic__CODE06__attempt02.json
granite4.1:8b,local,v2_deterministic,CODE07,network_error,,10,,9.12,,,,,444af1c4b2fedd6b54041aca558e7300b0b3d5c0468c44619126240323ba2852,network_error,0.0,,,1,"Traceback (most recent call last):
  File ""C:\WINDOWS\TEMP\v2_code_qja1kw1g\harness.py"", line 4, in <module>
    assert fn(*([1, 3, -1, -3, 5, 3, 6, 7], 3)) == [3, 3, 5, 6, 7]
           ^^^^^^^^^^^^^^^^^^^^^^^^^^^^^^^^^^^^
TypeError: 'NoneType' object is not callable
",raw\granite4.1__8b\v2_deterministic__CODE07__attempt02.json
granite4.1:8b,local,v2_deterministic,CODE08,network_error,,10,,9.1,,,,,444af1c4b2fedd6b54041aca558e7300b0b3d5c0468c44619126240323ba2852,network_error,0.0,,,1,"Traceback (most recent call last):
  File ""C:\WINDOWS\TEMP\v2_code_3__xunib\harness.py"", line 4, in <module>
    assert fn(*([{'customer': 'B', 'amount_cents': 2}, {'customer': 'A', 'amount_cents': 3}, {'customer': 'B', 'amount_cents': 4}],)) == [('A', 3), ('B', 6)]
           ^^^^^^^^^^^^^^^^^^^^^^^^^^^^^^^^^^^^^^^^^^^^^^^^^^^^^^^^^^^^^^^^^^^^^^^^^^^^^^^^^^^^^^^^^^^^^^^^^^^^^^^^^^^^^^^^^^^^^^^^^^
TypeError: 'NoneType' object is not callable
",raw\granite4.1__8b\v2_deterministic__CODE08__attempt02.json
granite4.1:8b,local,v2_deterministic,CODE09,network_error,,10,,9.114,,,,,444af1c4b2fedd6b54041aca558e7300b0b3d5c0468c44619126240323ba2852,network_error,0.0,,,1,"Traceback (most recent call last):
  File ""C:\WINDOWS\TEMP\v2_code_m0jh_hhv\harness.py"", line 4, in <module>
    assert fn(*('abcdef', 4, 1)) == ['abcd', 'def', 'f']
           ^^^^^^^^^^^^^^^^^^^^^
TypeError: 'NoneType' object is not callable
",raw\granite4.1__8b\v2_deterministic__CODE09__attempt02.json
granite4.1:8b,local,v2_deterministic,CODE10,network_error,,10,,9.088,,,,,444af1c4b2fedd6b54041aca558e7300b0b3d5c0468c44619126240323ba2852,network_error,0.0,,,1,"Traceback (most recent call last):
  File ""C:\WINDOWS\TEMP\v2_code_euzxocon\harness.py"", line 4, in <module>
    assert fn(*('([{}])',)) == True
           ^^^^^^^^^^^^^^^^
TypeError: 'NoneType' object is not callable
",raw\granite4.1__8b\v2_deterministic__CODE10__attempt02.json
granite4:7b-a1b-h,local,v2_deterministic,CODE01,unsafe_code_detected,,10,,1.358,0.219,92,154,135.412,566b725534ea0e9824f844abe6a78e1ab6f7357f1efb549be94908cb681513bb,syntax_error,,,,0,"invalid syntax (<unknown>, line 1)",raw\granite4__7b-a1b-h\v2_deterministic__CODE01__attempt02.json
granite4:7b-a1b-h,local,v2_deterministic,CODE02,completed,5.0,10,0.5,1.281,0.231,77,142,135.402,566b725534ea0e9824f844abe6a78e1ab6f7357f1efb549be94908cb681513bb,syntax_error,,,,0,fenced_code_extracted; policy passed; 1/2 hidden cases,raw\granite4__7b-a1b-h\v2_deterministic__CODE02__attempt02.json
granite4:7b-a1b-h,local,v2_deterministic,CODE03,completed,5.0,10,0.5,1.153,0.23,81,125,135.569,566b725534ea0e9824f844abe6a78e1ab6f7357f1efb549be94908cb681513bb,completed,5.0,,,0,plain_code; policy passed; 1/2 hidden cases,raw\granite4__7b-a1b-h\v2_deterministic__CODE03__attempt02.json
granite4:7b-a1b-h,local,v2_deterministic,CODE04,completed,10.0,10,1.0,0.962,0.232,86,99,135.944,566b725534ea0e9824f844abe6a78e1ab6f7357f1efb549be94908cb681513bb,completed,10.0,,,0,plain_code; policy passed; 1/1 hidden cases,raw\granite4__7b-a1b-h\v2_deterministic__CODE04__attempt02.json
granite4:7b-a1b-h,local,v2_deterministic,CODE05,completed,10.0,10,1.0,0.846,0.253,86,80,135.231,566b725534ea0e9824f844abe6a78e1ab6f7357f1efb549be94908cb681513bb,completed,10.0,,,0,plain_code; policy passed; 1/1 hidden cases,raw\granite4__7b-a1b-h\v2_deterministic__CODE05__attempt02.json
granite4:7b-a1b-h,local,v2_deterministic,CODE06,completed,5.0,10,0.5,1.677,0.24,83,193,134.449,566b725534ea0e9824f844abe6a78e1ab6f7357f1efb549be94908cb681513bb,syntax_error,,,,0,fenced_code_extracted; policy passed; 1/2 hidden cases,raw\granite4__7b-a1b-h\v2_deterministic__CODE06__attempt02.json
granite4:7b-a1b-h,local,v2_deterministic,CODE07,runtime_error,0.0,10,0.0,1.455,0.24,79,165,136.045,566b725534ea0e9824f844abe6a78e1ab6f7357f1efb549be94908cb681513bb,syntax_error,,,,0,"fenced_code_extracted; policy passed; Traceback (most recent call last):
  File ""C:\WINDOWS\TEMP\v2_code_bh4rx_zy\harness.py"", line 32, in <module>
    assert fn(*([1, 3, -1, -3, 5, 3, 6, 7], 3)) == [3, 3, 5, 6, 7]
           ^^^^^^^^^^^^^^^^^^^^^^^^^^^^^^^^^^^^^^^^^^^^^^^^^^^^^^^
AssertionError
",raw\granite4__7b-a1b-h\v2_deterministic__CODE07__attempt02.json
granite4:7b-a1b-h,local,v2_deterministic,CODE08,runtime_error,0.0,10,0.0,1.045,0.24,83,109,135.649,566b725534ea0e9824f844abe6a78e1ab6f7357f1efb549be94908cb681513bb,runtime_error,0.0,,,0,"plain_code; policy passed; Traceback (most recent call last):
  File ""C:\WINDOWS\TEMP\v2_code_qcqcm2kw\harness.py"", line 19, in <module>
    assert fn(*([{'customer': 'B', 'amount_cents': 2}, {'customer': 'A', 'amount_cents': 3}, {'customer': 'B', 'amount_cents': 4}],)) == [('A', 3), ('B', 6)]
           ^^^^^^^^^^^^^^^^^^^^^^^^^^^^^^^^^^^^^^^^^^^^^^^^^^^^^^^^^^^^^^^^^^^^^^^^^^^^^^^^^^^^^^^^^^^^^^^^^^^^^^^^^^^^^^^^^^^^^^^^^^^^^^^^^^^^^^^^^^^^^^^^^^
AssertionError
",raw\granite4__7b-a1b-h\v2_deterministic__CODE08__attempt02.json
granite4:7b-a1b-h,local,v2_deterministic,CODE09,runtime_error,0.0,10,0.0,1.607,0.246,81,183,134.568,566b725534ea0e9824f844abe6a78e1ab6f7357f1efb549be94908cb681513bb,syntax_error,,,,0,"fenced_code_extracted; policy passed; Traceback (most recent call last):
  File ""C:\WINDOWS\TEMP\v2_code_ueumkt7z\harness.py"", line 26, in <module>
    assert fn(*('abcdef', 4, 1)) == ['abcd', 'def', 'f']
           ^^^^^^^^^^^^^^^^^^^^^^^^^^^^^^^^^^^^^^^^^^^^^
AssertionError
",raw\granite4__7b-a1b-h\v2_deterministic__CODE09__attempt02.json
granite4:7b-a1b-h,local,v2_deterministic,CODE10,completed,3.333333333333333,10,0.3333,0.858,0.246,74,82,134.188,566b725534ea0e9824f844abe6a78e1ab6f7357f1efb549be94908cb681513bb,completed,3.333333333333333,,,0,plain_code; policy passed; 1/3 hidden cases,raw\granite4__7b-a1b-h\v2_deterministic__CODE10__attempt02.json
hf.co/lmstudio-community/Qwen3-8B-GGUF:Q4_K_M,local,v2_deterministic,CODE01,runtime_error,0.0,10,0.0,51.463,0.626,66,1556,30.611,f1ab988bb6ceec875a24553886116b82b15aa804e9cb6a374a2e5e1133dd0b7d,syntax_error,,,,0,"fenced_code_extracted; policy passed; Traceback (most recent call last):
  File ""C:\WINDOWS\TEMP\v2_code_c543z0t8\harness.py"", line 13, in <module>
    assert fn(*('b a c b c c', 3)) == [('c', 3), ('a', 1), ('b', 2)]
           ^^^^^^^^^^^^^^^^^^^^^^^^^^^^^^^^^^^^^^^^^^^^^^^^^^^^^^^^^
AssertionError
",raw\hf.co_lmstudio-community_Qwen3-8B-GGUF__Q4_K_M\v2_deterministic__CODE01__attempt02.json
hf.co/lmstudio-community/Qwen3-8B-GGUF:Q4_K_M,local,v2_deterministic,CODE02,completed,5.0,10,0.5,58.422,0.561,51,1754,30.317,f1ab988bb6ceec875a24553886116b82b15aa804e9cb6a374a2e5e1133dd0b7d,syntax_error,,,,0,fenced_code_extracted; policy passed; 1/2 hidden cases,raw\hf.co_lmstudio-community_Qwen3-8B-GGUF__Q4_K_M\v2_deterministic__CODE02__attempt02.json
hf.co/lmstudio-community/Qwen3-8B-GGUF:Q4_K_M,local,v2_deterministic,CODE03,completed,5.0,10,0.5,52.749,0.594,55,1590,30.49,f1ab988bb6ceec875a24553886116b82b15aa804e9cb6a374a2e5e1133dd0b7d,syntax_error,,,,0,fenced_code_extracted; policy passed; 1/2 hidden cases,raw\hf.co_lmstudio-community_Qwen3-8B-GGUF__Q4_K_M\v2_deterministic__CODE03__attempt02.json
hf.co/lmstudio-community/Qwen3-8B-GGUF:Q4_K_M,local,v2_deterministic,CODE04,empty_response,,10,,150.337,0.608,60,4096,27.358,f1ab988bb6ceec875a24553886116b82b15aa804e9cb6a374a2e5e1133dd0b7d,truncated_before_final_answer,0,,,0,"Traceback (most recent call last):
  File ""C:\WINDOWS\TEMP\v2_code_dqqpd6sm\harness.py"", line 4, in <module>
    assert fn(*(['[INFO] ok', '[WARN] x', 'bad', '[ERROR] y', '[DEBUG] z'],)) == {'INFO': 1, 'WARN': 1, 'ERROR': 1}
           ^^^^^^^^^^^^^^^^^^^^^^^^^^^^^^^^^^^^^^^^^^^^^^^^^^^^^^^^^^^^^^^^^^
TypeError: 'NoneType' object is not callable
",raw\hf.co_lmstudio-community_Qwen3-8B-GGUF__Q4_K_M\v2_deterministic__CODE04__attempt02.json
hf.co/lmstudio-community/Qwen3-8B-GGUF:Q4_K_M,local,v2_deterministic,CODE05,completed,10.0,10,1.0,57.344,0.766,60,1723,30.457,f1ab988bb6ceec875a24553886116b82b15aa804e9cb6a374a2e5e1133dd0b7d,syntax_error,,,,0,fenced_code_extracted; policy passed; 1/1 hidden cases,raw\hf.co_lmstudio-community_Qwen3-8B-GGUF__Q4_K_M\v2_deterministic__CODE05__attempt02.json
hf.co/lmstudio-community/Qwen3-8B-GGUF:Q4_K_M,local,v2_deterministic,CODE06,completed,5.0,10,0.5,148.186,0.621,57,4042,27.393,f1ab988bb6ceec875a24553886116b82b15aa804e9cb6a374a2e5e1133dd0b7d,syntax_error,,,,0,fenced_code_extracted; policy passed; 1/2 hidden cases,raw\hf.co_lmstudio-community_Qwen3-8B-GGUF__Q4_K_M\v2_deterministic__CODE06__attempt02.json
hf.co/lmstudio-community/Qwen3-8B-GGUF:Q4_K_M,local,v2_deterministic,CODE07,runtime_error,0.0,10,0.0,141.221,0.696,53,3875,27.577,f1ab988bb6ceec875a24553886116b82b15aa804e9cb6a374a2e5e1133dd0b7d,syntax_error,,,,0,"fenced_code_extracted; policy passed; Traceback (most recent call last):
  File ""C:\WINDOWS\TEMP\v2_code_7pr3t9p8\harness.py"", line 19, in <module>
    assert fn(*([1, 3, -1, -3, 5, 3, 6, 7], 3)) == [3, 3, 5, 6, 7]
           ^^^^^^^^^^^^^^^^^^^^^^^^^^^^^^^^^^^^^^^^^^^^^^^^^^^^^^^
AssertionError
",raw\hf.co_lmstudio-community_Qwen3-8B-GGUF__Q4_K_M\v2_deterministic__CODE07__attempt02.json
hf.co/lmstudio-community/Qwen3-8B-GGUF:Q4_K_M,local,v2_deterministic,CODE08,empty_response,,10,,151.136,0.763,57,4096,27.241,f1ab988bb6ceec875a24553886116b82b15aa804e9cb6a374a2e5e1133dd0b7d,truncated_before_final_answer,0,,,0,"Traceback (most recent call last):
  File ""C:\WINDOWS\TEMP\v2_code_ecl2g8co\harness.py"", line 4, in <module>
    assert fn(*([{'customer': 'B', 'amount_cents': 2}, {'customer': 'A', 'amount_cents': 3}, {'customer': 'B', 'amount_cents': 4}],)) == [('A', 3), ('B', 6)]
           ^^^^^^^^^^^^^^^^^^^^^^^^^^^^^^^^^^^^^^^^^^^^^^^^^^^^^^^^^^^^^^^^^^^^^^^^^^^^^^^^^^^^^^^^^^^^^^^^^^^^^^^^^^^^^^^^^^^^^^^^^^
TypeError: 'NoneType' object is not callable
",raw\hf.co_lmstudio-community_Qwen3-8B-GGUF__Q4_K_M\v2_deterministic__CODE08__attempt02.json
hf.co/lmstudio-community/Qwen3-8B-GGUF:Q4_K_M,local,v2_deterministic,CODE09,empty_response,,10,,151.184,0.755,55,4096,27.23,f1ab988bb6ceec875a24553886116b82b15aa804e9cb6a374a2e5e1133dd0b7d,truncated_before_final_answer,0,,,0,"Traceback (most recent call last):
  File ""C:\WINDOWS\TEMP\v2_code_nqzj6sy1\harness.py"", line 4, in <module>
    assert fn(*('abcdef', 4, 1)) == ['abcd', 'def', 'f']
           ^^^^^^^^^^^^^^^^^^^^^
TypeError: 'NoneType' object is not callable
",raw\hf.co_lmstudio-community_Qwen3-8B-GGUF__Q4_K_M\v2_deterministic__CODE09__attempt02.json
hf.co/lmstudio-community/Qwen3-8B-GGUF:Q4_K_M,local,v2_deterministic,CODE10,completed,3.333333333333333,10,0.3333,51.334,0.73,48,1544,30.514,f1ab988bb6ceec875a24553886116b82b15aa804e9cb6a374a2e5e1133dd0b7d,syntax_error,,,,0,fenced_code_extracted; policy passed; 1/3 hidden cases,raw\hf.co_lmstudio-community_Qwen3-8B-GGUF__Q4_K_M\v2_deterministic__CODE10__attempt02.json
hf.co/tiiuae/Falcon-H1R-7B-GGUF:Q4_K_M,local,v2_deterministic,CODE01,runtime_error,0.0,10,0.0,28.187,0.41,75,1195,43.025,7a8fccc56374707c68bd2f899aeaf06b7977a71a5ea1f34b81d4c0afecd77552,syntax_error,,,,0,"fenced_code_extracted; policy passed; Traceback (most recent call last):
  File ""C:\WINDOWS\TEMP\v2_code_u548f3vs\harness.py"", line 41, in <module>
    assert fn(*('b a c b c c', 3)) == [('c', 3), ('a', 1), ('b', 2)]
           ^^^^^^^^^^^^^^^^^^^^^^^^^^^^^^^^^^^^^^^^^^^^^^^^^^^^^^^^^
AssertionError
",raw\hf.co_tiiuae_Falcon-H1R-7B-GGUF__Q4_K_M\v2_deterministic__CODE01.json
hf.co/tiiuae/Falcon-H1R-7B-GGUF:Q4_K_M,local,v2_deterministic,CODE02,runtime_error,0.0,10,0.0,47.379,0.427,57,2011,42.834,7a8fccc56374707c68bd2f899aeaf06b7977a71a5ea1f34b81d4c0afecd77552,syntax_error,,,,0,"fenced_code_extracted; policy passed; Traceback (most recent call last):
  File ""C:\WINDOWS\TEMP\v2_code_d49pit40\harness.py"", line 39, in <module>
    assert fn(*([[1, 3], [2, 6], [8, 10], [10, 12]],)) == [[1, 6], [8, 12]]
           ^^^^^^^^^^^^^^^^^^^^^^^^^^^^^^^^^^^^^^^^^^^^^^^^^^^^^^^^^^^^^^^^
AssertionError
",raw\hf.co_tiiuae_Falcon-H1R-7B-GGUF__Q4_K_M\v2_deterministic__CODE02.json
hf.co/tiiuae/Falcon-H1R-7B-GGUF:Q4_K_M,local,v2_deterministic,CODE03,unsafe_code_detected,,10,,33.261,0.432,63,1409,42.922,7a8fccc56374707c68bd2f899aeaf06b7977a71a5ea1f34b81d4c0afecd77552,syntax_error,,,,0,"invalid syntax (<unknown>, line 1)",raw\hf.co_tiiuae_Falcon-H1R-7B-GGUF__Q4_K_M\v2_deterministic__CODE03.json
hf.co/tiiuae/Falcon-H1R-7B-GGUF:Q4_K_M,local,v2_deterministic,CODE04,unsafe_code_detected,,10,,48.317,0.413,71,2051,42.817,7a8fccc56374707c68bd2f899aeaf06b7977a71a5ea1f34b81d4c0afecd77552,syntax_error,,,,0,"invalid syntax (<unknown>, line 1)",raw\hf.co_tiiuae_Falcon-H1R-7B-GGUF__Q4_K_M\v2_deterministic__CODE04.json
hf.co/tiiuae/Falcon-H1R-7B-GGUF:Q4_K_M,local,v2_deterministic,CODE05,unsafe_code_detected,,10,,47.504,0.439,66,2017,42.859,7a8fccc56374707c68bd2f899aeaf06b7977a71a5ea1f34b81d4c0afecd77552,syntax_error,,,,0,"invalid syntax (<unknown>, line 1)",raw\hf.co_tiiuae_Falcon-H1R-7B-GGUF__Q4_K_M\v2_deterministic__CODE05.json
hf.co/tiiuae/Falcon-H1R-7B-GGUF:Q4_K_M,local,v2_deterministic,CODE06,runtime_error,0.0,10,0.0,70.38,0.436,61,2985,42.679,7a8fccc56374707c68bd2f899aeaf06b7977a71a5ea1f34b81d4c0afecd77552,syntax_error,,,,0,"fenced_code_extracted; policy passed; Traceback (most recent call last):
  File ""C:\WINDOWS\TEMP\v2_code_l92z2hjp\harness.py"", line 61, in <module>
    assert fn(*(['a', 'b', 'c'], [['a', 'b'], ['a', 'c']])) == ['a', 'b', 'c']
           ^^^^^^^^^^^^^^^^^^^^^^^^^^^^^^^^^^^^^^^^^^^^^^^^^^^^^^^^^^^^^^^^^^^
AssertionError
",raw\hf.co_tiiuae_Falcon-H1R-7B-GGUF__Q4_K_M\v2_deterministic__CODE06.json
hf.co/tiiuae/Falcon-H1R-7B-GGUF:Q4_K_M,local,v2_deterministic,CODE07,runtime_error,0.0,10,0.0,33.512,0.456,59,1421,42.992,7a8fccc56374707c68bd2f899aeaf06b7977a71a5ea1f34b81d4c0afecd77552,syntax_error,,,,0,"fenced_code_extracted; policy passed; Traceback (most recent call last):
  File ""C:\WINDOWS\TEMP\v2_code_pcwkhjsz\harness.py"", line 33, in <module>
    assert fn(*([1, 3, -1, -3, 5, 3, 6, 7], 3)) == [3, 3, 5, 6, 7]
           ^^^^^^^^^^^^^^^^^^^^^^^^^^^^^^^^^^^^^^^^^^^^^^^^^^^^^^^
AssertionError
",raw\hf.co_tiiuae_Falcon-H1R-7B-GGUF__Q4_K_M\v2_deterministic__CODE07.json
hf.co/tiiuae/Falcon-H1R-7B-GGUF:Q4_K_M,local,v2_deterministic,CODE08,completed,10.0,10,1.0,38.671,0.433,64,1642,42.944,7a8fccc56374707c68bd2f899aeaf06b7977a71a5ea1f34b81d4c0afecd77552,syntax_error,,,,0,fenced_code_extracted; policy passed; 1/1 hidden cases,raw\hf.co_tiiuae_Falcon-H1R-7B-GGUF__Q4_K_M\v2_deterministic__CODE08.json
hf.co/tiiuae/Falcon-H1R-7B-GGUF:Q4_K_M,local,v2_deterministic,CODE09,runtime_error,0.0,10,0.0,46.916,0.416,61,1992,42.841,7a8fccc56374707c68bd2f899aeaf06b7977a71a5ea1f34b81d4c0afecd77552,syntax_error,,,,0,"fenced_code_extracted; policy passed; Traceback (most recent call last):
  File ""C:\WINDOWS\TEMP\v2_code_ezod9ymc\harness.py"", line 44, in <module>
    assert fn(*('abcdef', 4, 1)) == ['abcd', 'def', 'f']
           ^^^^^^^^^^^^^^^^^^^^^^^^^^^^^^^^^^^^^^^^^^^^^
AssertionError
",raw\hf.co_tiiuae_Falcon-H1R-7B-GGUF__Q4_K_M\v2_deterministic__CODE09.json
hf.co/tiiuae/Falcon-H1R-7B-GGUF:Q4_K_M,local,v2_deterministic,CODE10,unsafe_code_detected,,10,,39.136,0.418,58,1663,42.954,7a8fccc56374707c68bd2f899aeaf06b7977a71a5ea1f34b81d4c0afecd77552,syntax_error,,,,0,"invalid syntax (<unknown>, line 1)",raw\hf.co_tiiuae_Falcon-H1R-7B-GGUF__Q4_K_M\v2_deterministic__CODE10.json
hf.co/unsloth/SmolLM3-3B-GGUF:UD-Q4_K_XL,local,v2_deterministic,CODE01,syntax_error,,10,,44.3,0.244,305,4096,92.989,49c1cb13df5f6647f0a1765a23d420f08a60bf844b1730054c59b271ea99804b,truncated,0,,,0,"invalid character '，' (U+FF0C) (<unknown>, line 2)",raw\hf.co_unsloth_SmolLM3-3B-GGUF__UD-Q4_K_XL\v2_deterministic__CODE01__attempt02.json
hf.co/unsloth/SmolLM3-3B-GGUF:UD-Q4_K_XL,local,v2_deterministic,CODE02,completed,5.0,10,0.5,30.53,0.321,290,2863,94.793,49c1cb13df5f6647f0a1765a23d420f08a60bf844b1730054c59b271ea99804b,syntax_error,,,,0,fenced_code_extracted; policy passed; 1/2 hidden cases,raw\hf.co_unsloth_SmolLM3-3B-GGUF__UD-Q4_K_XL\v2_deterministic__CODE02__attempt02.json
hf.co/unsloth/SmolLM3-3B-GGUF:UD-Q4_K_XL,local,v2_deterministic,CODE03,completed,5.0,10,0.5,16.279,0.296,294,1551,97.064,49c1cb13df5f6647f0a1765a23d420f08a60bf844b1730054c59b271ea99804b,syntax_error,,,,0,fenced_code_extracted; policy passed; 1/2 hidden cases,raw\hf.co_unsloth_SmolLM3-3B-GGUF__UD-Q4_K_XL\v2_deterministic__CODE03__attempt02.json
hf.co/unsloth/SmolLM3-3B-GGUF:UD-Q4_K_XL,local,v2_deterministic,CODE04,runtime_error,0.0,10,0.0,9.398,0.269,299,894,97.968,49c1cb13df5f6647f0a1765a23d420f08a60bf844b1730054c59b271ea99804b,syntax_error,,,,0,"fenced_code_extracted; policy passed; Traceback (most recent call last):
  File ""C:\WINDOWS\TEMP\v2_code_oa_pp9xn\harness.py"", line 18, in <module>
    assert fn(*(['[INFO] ok', '[WARN] x', 'bad', '[ERROR] y', '[DEBUG] z'],)) == {'INFO': 1, 'WARN': 1, 'ERROR': 1}
           ^^^^^^^^^^^^^^^^^^^^^^^^^^^^^^^^^^^^^^^^^^^^^^^^^^^^^^^^^^^^^^^^^^^^^^^^^^^^^^^^^^^^^^^^^^^^^^^^^^^^^^^^
AssertionError
",raw\hf.co_unsloth_SmolLM3-3B-GGUF__UD-Q4_K_XL\v2_deterministic__CODE04__attempt02.json
hf.co/unsloth/SmolLM3-3B-GGUF:UD-Q4_K_XL,local,v2_deterministic,CODE05,completed,10.0,10,1.0,9.969,0.259,299,947,97.564,49c1cb13df5f6647f0a1765a23d420f08a60bf844b1730054c59b271ea99804b,syntax_error,,,,0,fenced_code_extracted; policy passed; 1/1 hidden cases,raw\hf.co_unsloth_SmolLM3-3B-GGUF__UD-Q4_K_XL\v2_deterministic__CODE05__attempt02.json
hf.co/unsloth/SmolLM3-3B-GGUF:UD-Q4_K_XL,local,v2_deterministic,CODE06,syntax_error,,10,,44.269,0.25,296,4096,93.068,49c1cb13df5f6647f0a1765a23d420f08a60bf844b1730054c59b271ea99804b,truncated,0,,,0,"unterminated string literal (detected at line 2) (<unknown>, line 2)",raw\hf.co_unsloth_SmolLM3-3B-GGUF__UD-Q4_K_XL\v2_deterministic__CODE06__attempt02.json
hf.co/unsloth/SmolLM3-3B-GGUF:UD-Q4_K_XL,local,v2_deterministic,CODE07,syntax_error,,10,,44.372,0.365,292,4096,93.091,49c1cb13df5f6647f0a1765a23d420f08a60bf844b1730054c59b271ea99804b,truncated,0,,,0,"invalid character '，' (U+FF0C) (<unknown>, line 2)",raw\hf.co_unsloth_SmolLM3-3B-GGUF__UD-Q4_K_XL\v2_deterministic__CODE07__attempt02.json
hf.co/unsloth/SmolLM3-3B-GGUF:UD-Q4_K_XL,local,v2_deterministic,CODE08,syntax_error,,10,,44.329,0.343,296,4096,93.135,49c1cb13df5f6647f0a1765a23d420f08a60bf844b1730054c59b271ea99804b,truncated,0,,,0,"unterminated string literal (detected at line 2) (<unknown>, line 2)",raw\hf.co_unsloth_SmolLM3-3B-GGUF__UD-Q4_K_XL\v2_deterministic__CODE08__attempt02.json
hf.co/unsloth/SmolLM3-3B-GGUF:UD-Q4_K_XL,local,v2_deterministic,CODE09,syntax_error,,10,,44.239,0.326,294,4096,93.291,49c1cb13df5f6647f0a1765a23d420f08a60bf844b1730054c59b271ea99804b,truncated,0,,,0,"unterminated string literal (detected at line 4) (<unknown>, line 4)",raw\hf.co_unsloth_SmolLM3-3B-GGUF__UD-Q4_K_XL\v2_deterministic__CODE09__attempt02.json
hf.co/unsloth/SmolLM3-3B-GGUF:UD-Q4_K_XL,local,v2_deterministic,CODE10,completed,3.333333333333333,10,0.3333,12.925,0.338,287,1221,97.033,49c1cb13df5f6647f0a1765a23d420f08a60bf844b1730054c59b271ea99804b,syntax_error,,,,0,fenced_code_extracted; policy passed; 1/3 hidden cases,raw\hf.co_unsloth_SmolLM3-3B-GGUF__UD-Q4_K_XL\v2_deterministic__CODE10__attempt02.json
huggingface.co/llmware/phi-4-mini-gguf:latest,local,v2_deterministic,CODE01,syntax_error,,10,,2.088,0.238,61,151,81.705,812893abf9e42b8b19361eff7b2f4355ccdef03bfae6283c316ca0fb286e14d0,syntax_error,,,,0,"'(' was never closed (<unknown>, line 14)",raw\huggingface.co_llmware_phi-4-mini-gguf__latest\v2_deterministic__CODE01__attempt02.json
huggingface.co/llmware/phi-4-mini-gguf:latest,local,v2_deterministic,CODE02,completed,5.0,10,0.5,1.867,0.248,48,132,81.629,812893abf9e42b8b19361eff7b2f4355ccdef03bfae6283c316ca0fb286e14d0,completed,5.0,,,0,plain_code; policy passed; 1/2 hidden cases,raw\huggingface.co_llmware_phi-4-mini-gguf__latest\v2_deterministic__CODE02__attempt02.json
huggingface.co/llmware/phi-4-mini-gguf:latest,local,v2_deterministic,CODE03,completed,5.0,10,0.5,1.5,0.269,50,101,82.147,812893abf9e42b8b19361eff7b2f4355ccdef03bfae6283c316ca0fb286e14d0,completed,5.0,,,0,plain_code; policy passed; 1/2 hidden cases,raw\huggingface.co_llmware_phi-4-mini-gguf__latest\v2_deterministic__CODE03__attempt02.json
huggingface.co/llmware/phi-4-mini-gguf:latest,local,v2_deterministic,CODE04,completed,10.0,10,1.0,1.317,0.244,55,88,82.168,812893abf9e42b8b19361eff7b2f4355ccdef03bfae6283c316ca0fb286e14d0,completed,10.0,,,0,plain_code; policy passed; 1/1 hidden cases,raw\huggingface.co_llmware_phi-4-mini-gguf__latest\v2_deterministic__CODE04__attempt02.json
huggingface.co/llmware/phi-4-mini-gguf:latest,local,v2_deterministic,CODE05,completed,10.0,10,1.0,0.944,0.252,54,57,82.557,812893abf9e42b8b19361eff7b2f4355ccdef03bfae6283c316ca0fb286e14d0,completed,10.0,,,0,plain_code; policy passed; 1/1 hidden cases,raw\huggingface.co_llmware_phi-4-mini-gguf__latest\v2_deterministic__CODE05__attempt02.json
huggingface.co/llmware/phi-4-mini-gguf:latest,local,v2_deterministic,CODE06,runtime_error,0.0,10,0.0,4.978,0.252,52,382,80.88,812893abf9e42b8b19361eff7b2f4355ccdef03bfae6283c316ca0fb286e14d0,runtime_error,0.0,,,0,"plain_code; policy passed; Traceback (most recent call last):
  File ""C:\WINDOWS\TEMP\v2_code_3b5e8_ux\harness.py"", line 41, in <module>
    assert fn(*(['a', 'b', 'c'], [['a', 'b'], ['a', 'c']])) == ['a', 'b', 'c']
           ^^^^^^^^^^^^^^^^^^^^^^^^^^^^^^^^^^^^^^^^^^^^^^^^^^^^^^^^^^^^^^^^^^^
AssertionError
",raw\huggingface.co_llmware_phi-4-mini-gguf__latest\v2_deterministic__CODE06__attempt02.json
huggingface.co/llmware/phi-4-mini-gguf:latest,local,v2_deterministic,CODE07,runtime_error,0.0,10,0.0,2.917,0.263,47,215,81.077,812893abf9e42b8b19361eff7b2f4355ccdef03bfae6283c316ca0fb286e14d0,runtime_error,0.0,,,0,"plain_code; policy passed; Traceback (most recent call last):
  File ""C:\WINDOWS\TEMP\v2_code_o5tjw2_y\harness.py"", line 28, in <module>
    print(window_max(nums, k))  # 输出：[17, 12, 15]
          ^^^^^^^^^^^^^^^^^^^
  File ""C:\WINDOWS\TEMP\v2_code_o5tjw2_y\harness.py"", line 21, in window_max
    result.append(nums[window[-1]])
                  ~~~~^^^^^^^^^^^^
IndexError: list index out of range
",raw\huggingface.co_llmware_phi-4-mini-gguf__latest\v2_deterministic__CODE07__attempt02.json
huggingface.co/llmware/phi-4-mini-gguf:latest,local,v2_deterministic,CODE08,completed,10.0,10,1.0,2.001,0.248,52,143,81.632,812893abf9e42b8b19361eff7b2f4355ccdef03bfae6283c316ca0fb286e14d0,completed,10.0,,,0,plain_code; policy passed; 1/1 hidden cases,raw\huggingface.co_llmware_phi-4-mini-gguf__latest\v2_deterministic__CODE08__attempt02.json
huggingface.co/llmware/phi-4-mini-gguf:latest,local,v2_deterministic,CODE09,syntax_error,,10,,3.135,0.254,51,233,80.919,812893abf9e42b8b19361eff7b2f4355ccdef03bfae6283c316ca0fb286e14d0,syntax_error,,,,0,"invalid syntax (<unknown>, line 3)",raw\huggingface.co_llmware_phi-4-mini-gguf__latest\v2_deterministic__CODE09__attempt02.json
huggingface.co/llmware/phi-4-mini-gguf:latest,local,v2_deterministic,CODE10,completed,3.333333333333333,10,0.3333,1.333,0.249,43,88,81.342,812893abf9e42b8b19361eff7b2f4355ccdef03bfae6283c316ca0fb286e14d0,completed,3.333333333333333,,,0,plain_code; policy passed; 1/3 hidden cases,raw\huggingface.co_llmware_phi-4-mini-gguf__latest\v2_deterministic__CODE10__attempt02.json
huggingface.co/lmstudio-community/DeepSeek-R1-0528-Qwen3-8B-GGUF:latest,local,v2_deterministic,CODE01,syntax_error,,10,,153.531,0.609,59,4096,26.787,1a41a532bd9af10aa092d04bcd0ed7a20c9f4f39bf592d9cea55f46efae6b2f9,truncated,0,,,0,"unterminated string literal (detected at line 7) (<unknown>, line 7)",raw\huggingface.co_lmstudio-community_DeepSeek-R1-0528-Qwen3-8B-GGUF__latest\v2_deterministic__CODE01__attempt02.json
huggingface.co/lmstudio-community/DeepSeek-R1-0528-Qwen3-8B-GGUF:latest,local,v2_deterministic,CODE02,runtime_error,0.0,10,0.0,131.998,0.699,44,3585,27.306,1a41a532bd9af10aa092d04bcd0ed7a20c9f4f39bf592d9cea55f46efae6b2f9,syntax_error,,,,0,"fenced_code_extracted; policy passed; Traceback (most recent call last):
  File ""C:\WINDOWS\TEMP\v2_code_ykp9pe55\harness.py"", line 27, in <module>
    assert fn(*([[1, 3], [2, 6], [8, 10], [10, 12]],)) == [[1, 6], [8, 12]]
           ^^^^^^^^^^^^^^^^^^^^^^^^^^^^^^^^^^^^^^^^^^^^^^^^^^^^^^^^^^^^^^^^
AssertionError
",raw\huggingface.co_lmstudio-community_DeepSeek-R1-0528-Qwen3-8B-GGUF__latest\v2_deterministic__CODE02__attempt02.json
huggingface.co/lmstudio-community/DeepSeek-R1-0528-Qwen3-8B-GGUF:latest,local,v2_deterministic,CODE03,completed,5.0,10,0.5,41.997,0.714,48,1243,30.112,1a41a532bd9af10aa092d04bcd0ed7a20c9f4f39bf592d9cea55f46efae6b2f9,syntax_error,,,,0,fenced_code_extracted; policy passed; 1/2 hidden cases,raw\huggingface.co_lmstudio-community_DeepSeek-R1-0528-Qwen3-8B-GGUF__latest\v2_deterministic__CODE03__attempt02.json
huggingface.co/lmstudio-community/DeepSeek-R1-0528-Qwen3-8B-GGUF:latest,local,v2_deterministic,CODE04,runtime_error,0.0,10,0.0,54.309,0.606,53,1591,29.629,1a41a532bd9af10aa092d04bcd0ed7a20c9f4f39bf592d9cea55f46efae6b2f9,syntax_error,,,,0,"fenced_code_extracted; policy passed; Traceback (most recent call last):
  File ""C:\WINDOWS\TEMP\v2_code_g8szdub2\harness.py"", line 23, in <module>
    assert fn(*(['[INFO] ok', '[WARN] x', 'bad', '[ERROR] y', '[DEBUG] z'],)) == {'INFO': 1, 'WARN': 1, 'ERROR': 1}
           ^^^^^^^^^^^^^^^^^^^^^^^^^^^^^^^^^^^^^^^^^^^^^^^^^^^^^^^^^^^^^^^^^^^^^^^^^^^^^^^^^^^^^^^^^^^^^^^^^^^^^^^^
AssertionError
",raw\huggingface.co_lmstudio-community_DeepSeek-R1-0528-Qwen3-8B-GGUF__latest\v2_deterministic__CODE04__attempt02.json
huggingface.co/lmstudio-community/DeepSeek-R1-0528-Qwen3-8B-GGUF:latest,local,v2_deterministic,CODE05,syntax_error,,10,,153.523,0.613,53,4096,26.789,1a41a532bd9af10aa092d04bcd0ed7a20c9f4f39bf592d9cea55f46efae6b2f9,truncated,0,,,0,"unterminated string literal (detected at line 11) (<unknown>, line 11)",raw\huggingface.co_lmstudio-community_DeepSeek-R1-0528-Qwen3-8B-GGUF__latest\v2_deterministic__CODE05__attempt02.json
huggingface.co/lmstudio-community/DeepSeek-R1-0528-Qwen3-8B-GGUF:latest,local,v2_deterministic,CODE06,syntax_error,,10,,153.669,0.685,50,4096,26.776,1a41a532bd9af10aa092d04bcd0ed7a20c9f4f39bf592d9cea55f46efae6b2f9,truncated,0,,,0,"unterminated string literal (detected at line 4) (<unknown>, line 4)",raw\huggingface.co_lmstudio-community_DeepSeek-R1-0528-Qwen3-8B-GGUF__latest\v2_deterministic__CODE06__attempt02.json
huggingface.co/lmstudio-community/DeepSeek-R1-0528-Qwen3-8B-GGUF:latest,local,v2_deterministic,CODE07,syntax_error,,10,,153.498,0.684,46,4096,26.805,1a41a532bd9af10aa092d04bcd0ed7a20c9f4f39bf592d9cea55f46efae6b2f9,truncated,0,,,0,"unterminated string literal (detected at line 7) (<unknown>, line 7)",raw\huggingface.co_lmstudio-community_DeepSeek-R1-0528-Qwen3-8B-GGUF__latest\v2_deterministic__CODE07__attempt02.json
huggingface.co/lmstudio-community/DeepSeek-R1-0528-Qwen3-8B-GGUF:latest,local,v2_deterministic,CODE08,completed,10.0,10,1.0,61.493,0.679,50,1786,29.371,1a41a532bd9af10aa092d04bcd0ed7a20c9f4f39bf592d9cea55f46efae6b2f9,syntax_error,,,,0,fenced_code_extracted; policy passed; 1/1 hidden cases,raw\huggingface.co_lmstudio-community_DeepSeek-R1-0528-Qwen3-8B-GGUF__latest\v2_deterministic__CODE08__attempt02.json
huggingface.co/lmstudio-community/DeepSeek-R1-0528-Qwen3-8B-GGUF:latest,local,v2_deterministic,CODE09,syntax_error,,10,,154.289,0.584,48,4096,26.65,1a41a532bd9af10aa092d04bcd0ed7a20c9f4f39bf592d9cea55f46efae6b2f9,truncated,0,,,0,"unterminated string literal (detected at line 5) (<unknown>, line 5)",raw\huggingface.co_lmstudio-community_DeepSeek-R1-0528-Qwen3-8B-GGUF__latest\v2_deterministic__CODE09__attempt02.json
huggingface.co/lmstudio-community/DeepSeek-R1-0528-Qwen3-8B-GGUF:latest,local,v2_deterministic,CODE10,runtime_error,0.0,10,0.0,27.139,0.64,41,807,30.458,1a41a532bd9af10aa092d04bcd0ed7a20c9f4f39bf592d9cea55f46efae6b2f9,syntax_error,,,,0,"fenced_code_extracted; policy passed; Traceback (most recent call last):
  File ""C:\WINDOWS\TEMP\v2_code_3zf0hou2\harness.py"", line 20, in <module>
    assert fn(*('a+()',)) == True
           ^^^^^^^^^^^^^^^^^^^^^^
AssertionError
",raw\huggingface.co_lmstudio-community_DeepSeek-R1-0528-Qwen3-8B-GGUF__latest\v2_deterministic__CODE10__attempt02.json
kaelri/hy-mt2:7b-q4_K_M,local,v2_deterministic,CODE01,network_error,,10,,9.111,,,,,1981e6ac165f7a519ae9fd6571b78284dae89d6d8fa7bd11ab20c1c7a7f89144,network_error,0.0,,,1,"Traceback (most recent call last):
  File ""C:\WINDOWS\TEMP\v2_code_p0ks9y12\harness.py"", line 4, in <module>
    assert fn(*('Apple banana apple, BANANA! pear.', 2)) == [('apple', 2), ('banana', 2)]
           ^^^^^^^^^^^^^^^^^^^^^^^^^^^^^^^^^^^^^^^^^^^^^
TypeError: 'NoneType' object is not callable
",raw\kaelri_hy-mt2__7b-q4_K_M\v2_deterministic__CODE01__attempt02.json
kaelri/hy-mt2:7b-q4_K_M,local,v2_deterministic,CODE02,network_error,,10,,9.099,,,,,1981e6ac165f7a519ae9fd6571b78284dae89d6d8fa7bd11ab20c1c7a7f89144,network_error,0.0,,,1,"Traceback (most recent call last):
  File ""C:\WINDOWS\TEMP\v2_code_7qq7fntn\harness.py"", line 4, in <module>
    assert fn(*([[1, 3], [2, 6], [8, 10], [10, 12]],)) == [[1, 6], [8, 12]]
           ^^^^^^^^^^^^^^^^^^^^^^^^^^^^^^^^^^^^^^^^^^^
TypeError: 'NoneType' object is not callable
",raw\kaelri_hy-mt2__7b-q4_K_M\v2_deterministic__CODE02__attempt02.json
kaelri/hy-mt2:7b-q4_K_M,local,v2_deterministic,CODE03,network_error,,10,,9.083,,,,,1981e6ac165f7a519ae9fd6571b78284dae89d6d8fa7bd11ab20c1c7a7f89144,network_error,0.0,,,1,"Traceback (most recent call last):
  File ""C:\WINDOWS\TEMP\v2_code_ti_dgc40\harness.py"", line 4, in <module>
    assert fn(*([1, 2, 2, 2, 5], 2)) == 1
           ^^^^^^^^^^^^^^^^^^^^^^^^^
TypeError: 'NoneType' object is not callable
",raw\kaelri_hy-mt2__7b-q4_K_M\v2_deterministic__CODE03__attempt02.json
kaelri/hy-mt2:7b-q4_K_M,local,v2_deterministic,CODE04,network_error,,10,,9.137,,,,,1981e6ac165f7a519ae9fd6571b78284dae89d6d8fa7bd11ab20c1c7a7f89144,network_error,0.0,,,1,"Traceback (most recent call last):
  File ""C:\WINDOWS\TEMP\v2_code_432bp6es\harness.py"", line 4, in <module>
    assert fn(*(['[INFO] ok', '[WARN] x', 'bad', '[ERROR] y', '[DEBUG] z'],)) == {'INFO': 1, 'WARN': 1, 'ERROR': 1}
           ^^^^^^^^^^^^^^^^^^^^^^^^^^^^^^^^^^^^^^^^^^^^^^^^^^^^^^^^^^^^^^^^^^
TypeError: 'NoneType' object is not callable
",raw\kaelri_hy-mt2__7b-q4_K_M\v2_deterministic__CODE04__attempt02.json
kaelri/hy-mt2:7b-q4_K_M,local,v2_deterministic,CODE05,network_error,,10,,9.129,,,,,1981e6ac165f7a519ae9fd6571b78284dae89d6d8fa7bd11ab20c1c7a7f89144,network_error,0.0,,,1,"Traceback (most recent call last):
  File ""C:\WINDOWS\TEMP\v2_code_aek_lo4x\harness.py"", line 4, in <module>
    assert fn(*([{'id': 1, 'x': 1}, {'id': 1, 'x': 2}, {'x': 3}],)) == [{'id': 1, 'x': 1}, {'x': 3}]
           ^^^^^^^^^^^^^^^^^^^^^^^^^^^^^^^^^^^^^^^^^^^^^^^^^^^^^^^^
TypeError: 'NoneType' object is not callable
",raw\kaelri_hy-mt2__7b-q4_K_M\v2_deterministic__CODE05__attempt02.json
kaelri/hy-mt2:7b-q4_K_M,local,v2_deterministic,CODE06,network_error,,10,,9.115,,,,,1981e6ac165f7a519ae9fd6571b78284dae89d6d8fa7bd11ab20c1c7a7f89144,network_error,0.0,,,1,"Traceback (most recent call last):
  File ""C:\WINDOWS\TEMP\v2_code_jg9mo7n5\harness.py"", line 4, in <module>
    assert fn(*(['a', 'b', 'c'], [['a', 'b'], ['a', 'c']])) == ['a', 'b', 'c']
           ^^^^^^^^^^^^^^^^^^^^^^^^^^^^^^^^^^^^^^^^^^^^^^^^
TypeError: 'NoneType' object is not callable
",raw\kaelri_hy-mt2__7b-q4_K_M\v2_deterministic__CODE06__attempt02.json
kaelri/hy-mt2:7b-q4_K_M,local,v2_deterministic,CODE07,network_error,,10,,9.145,,,,,1981e6ac165f7a519ae9fd6571b78284dae89d6d8fa7bd11ab20c1c7a7f89144,network_error,0.0,,,1,"Traceback (most recent call last):
  File ""C:\WINDOWS\TEMP\v2_code_88tkr8y4\harness.py"", line 4, in <module>
    assert fn(*([1, 3, -1, -3, 5, 3, 6, 7], 3)) == [3, 3, 5, 6, 7]
           ^^^^^^^^^^^^^^^^^^^^^^^^^^^^^^^^^^^^
TypeError: 'NoneType' object is not callable
",raw\kaelri_hy-mt2__7b-q4_K_M\v2_deterministic__CODE07__attempt02.json
kaelri/hy-mt2:7b-q4_K_M,local,v2_deterministic,CODE08,network_error,,10,,9.114,,,,,1981e6ac165f7a519ae9fd6571b78284dae89d6d8fa7bd11ab20c1c7a7f89144,network_error,0.0,,,1,"Traceback (most recent call last):
  File ""C:\WINDOWS\TEMP\v2_code_1y637src\harness.py"", line 4, in <module>
    assert fn(*([{'customer': 'B', 'amount_cents': 2}, {'customer': 'A', 'amount_cents': 3}, {'customer': 'B', 'amount_cents': 4}],)) == [('A', 3), ('B', 6)]
           ^^^^^^^^^^^^^^^^^^^^^^^^^^^^^^^^^^^^^^^^^^^^^^^^^^^^^^^^^^^^^^^^^^^^^^^^^^^^^^^^^^^^^^^^^^^^^^^^^^^^^^^^^^^^^^^^^^^^^^^^^^
TypeError: 'NoneType' object is not callable
",raw\kaelri_hy-mt2__7b-q4_K_M\v2_deterministic__CODE08__attempt02.json
kaelri/hy-mt2:7b-q4_K_M,local,v2_deterministic,CODE09,network_error,,10,,9.133,,,,,1981e6ac165f7a519ae9fd6571b78284dae89d6d8fa7bd11ab20c1c7a7f89144,network_error,0.0,,,1,"Traceback (most recent call last):
  File ""C:\WINDOWS\TEMP\v2_code_cg_zetfc\harness.py"", line 4, in <module>
    assert fn(*('abcdef', 4, 1)) == ['abcd', 'def', 'f']
           ^^^^^^^^^^^^^^^^^^^^^
TypeError: 'NoneType' object is not callable
",raw\kaelri_hy-mt2__7b-q4_K_M\v2_deterministic__CODE09__attempt02.json
kaelri/hy-mt2:7b-q4_K_M,local,v2_deterministic,CODE10,network_error,,10,,9.109,,,,,1981e6ac165f7a519ae9fd6571b78284dae89d6d8fa7bd11ab20c1c7a7f89144,network_error,0.0,,,1,"Traceback (most recent call last):
  File ""C:\WINDOWS\TEMP\v2_code_24kfgspu\harness.py"", line 4, in <module>
    assert fn(*('([{}])',)) == True
           ^^^^^^^^^^^^^^^^
TypeError: 'NoneType' object is not callable
",raw\kaelri_hy-mt2__7b-q4_K_M\v2_deterministic__CODE10__attempt02.json
lfm2.5:8b,local,v2_deterministic,CODE01,network_error,,10,,9.137,,,,,9cf756159fc2f3b9128c6a3f544ec90c5e9b8afdbb4179a57b8aea9de589cfb2,network_error,0.0,,,1,"Traceback (most recent call last):
  File ""C:\WINDOWS\TEMP\v2_code_8yguzz93\harness.py"", line 4, in <module>
    assert fn(*('Apple banana apple, BANANA! pear.', 2)) == [('apple', 2), ('banana', 2)]
           ^^^^^^^^^^^^^^^^^^^^^^^^^^^^^^^^^^^^^^^^^^^^^
TypeError: 'NoneType' object is not callable
",raw\lfm2.5__8b\v2_deterministic__CODE01__attempt02.json
lfm2.5:8b,local,v2_deterministic,CODE02,network_error,,10,,9.128,,,,,9cf756159fc2f3b9128c6a3f544ec90c5e9b8afdbb4179a57b8aea9de589cfb2,network_error,0.0,,,1,"Traceback (most recent call last):
  File ""C:\WINDOWS\TEMP\v2_code_daizc3ky\harness.py"", line 4, in <module>
    assert fn(*([[1, 3], [2, 6], [8, 10], [10, 12]],)) == [[1, 6], [8, 12]]
           ^^^^^^^^^^^^^^^^^^^^^^^^^^^^^^^^^^^^^^^^^^^
TypeError: 'NoneType' object is not callable
",raw\lfm2.5__8b\v2_deterministic__CODE02__attempt02.json
lfm2.5:8b,local,v2_deterministic,CODE03,network_error,,10,,9.136,,,,,9cf756159fc2f3b9128c6a3f544ec90c5e9b8afdbb4179a57b8aea9de589cfb2,network_error,0.0,,,1,"Traceback (most recent call last):
  File ""C:\WINDOWS\TEMP\v2_code_k989qfi3\harness.py"", line 4, in <module>
    assert fn(*([1, 2, 2, 2, 5], 2)) == 1
           ^^^^^^^^^^^^^^^^^^^^^^^^^
TypeError: 'NoneType' object is not callable
",raw\lfm2.5__8b\v2_deterministic__CODE03__attempt02.json
lfm2.5:8b,local,v2_deterministic,CODE04,network_error,,10,,9.134,,,,,9cf756159fc2f3b9128c6a3f544ec90c5e9b8afdbb4179a57b8aea9de589cfb2,network_error,0.0,,,1,"Traceback (most recent call last):
  File ""C:\WINDOWS\TEMP\v2_code_eoy5624n\harness.py"", line 4, in <module>
    assert fn(*(['[INFO] ok', '[WARN] x', 'bad', '[ERROR] y', '[DEBUG] z'],)) == {'INFO': 1, 'WARN': 1, 'ERROR': 1}
           ^^^^^^^^^^^^^^^^^^^^^^^^^^^^^^^^^^^^^^^^^^^^^^^^^^^^^^^^^^^^^^^^^^
TypeError: 'NoneType' object is not callable
",raw\lfm2.5__8b\v2_deterministic__CODE04__attempt02.json
lfm2.5:8b,local,v2_deterministic,CODE05,network_error,,10,,9.133,,,,,9cf756159fc2f3b9128c6a3f544ec90c5e9b8afdbb4179a57b8aea9de589cfb2,network_error,0.0,,,1,"Traceback (most recent call last):
  File ""C:\WINDOWS\TEMP\v2_code_m8ttt8sg\harness.py"", line 4, in <module>
    assert fn(*([{'id': 1, 'x': 1}, {'id': 1, 'x': 2}, {'x': 3}],)) == [{'id': 1, 'x': 1}, {'x': 3}]
           ^^^^^^^^^^^^^^^^^^^^^^^^^^^^^^^^^^^^^^^^^^^^^^^^^^^^^^^^
TypeError: 'NoneType' object is not callable
",raw\lfm2.5__8b\v2_deterministic__CODE05__attempt02.json
lfm2.5:8b,local,v2_deterministic,CODE06,network_error,,10,,9.137,,,,,9cf756159fc2f3b9128c6a3f544ec90c5e9b8afdbb4179a57b8aea9de589cfb2,network_error,0.0,,,1,"Traceback (most recent call last):
  File ""C:\WINDOWS\TEMP\v2_code_bbpz3n8d\harness.py"", line 4, in <module>
    assert fn(*(['a', 'b', 'c'], [['a', 'b'], ['a', 'c']])) == ['a', 'b', 'c']
           ^^^^^^^^^^^^^^^^^^^^^^^^^^^^^^^^^^^^^^^^^^^^^^^^
TypeError: 'NoneType' object is not callable
",raw\lfm2.5__8b\v2_deterministic__CODE06__attempt02.json
lfm2.5:8b,local,v2_deterministic,CODE07,network_error,,10,,9.148,,,,,9cf756159fc2f3b9128c6a3f544ec90c5e9b8afdbb4179a57b8aea9de589cfb2,network_error,0.0,,,1,"Traceback (most recent call last):
  File ""C:\WINDOWS\TEMP\v2_code_uzq1wo_o\harness.py"", line 4, in <module>
    assert fn(*([1, 3, -1, -3, 5, 3, 6, 7], 3)) == [3, 3, 5, 6, 7]
           ^^^^^^^^^^^^^^^^^^^^^^^^^^^^^^^^^^^^
TypeError: 'NoneType' object is not callable
",raw\lfm2.5__8b\v2_deterministic__CODE07__attempt02.json
lfm2.5:8b,local,v2_deterministic,CODE08,network_error,,10,,9.118,,,,,9cf756159fc2f3b9128c6a3f544ec90c5e9b8afdbb4179a57b8aea9de589cfb2,network_error,0.0,,,1,"Traceback (most recent call last):
  File ""C:\WINDOWS\TEMP\v2_code__wpx5c9u\harness.py"", line 4, in <module>
    assert fn(*([{'customer': 'B', 'amount_cents': 2}, {'customer': 'A', 'amount_cents': 3}, {'customer': 'B', 'amount_cents': 4}],)) == [('A', 3), ('B', 6)]
           ^^^^^^^^^^^^^^^^^^^^^^^^^^^^^^^^^^^^^^^^^^^^^^^^^^^^^^^^^^^^^^^^^^^^^^^^^^^^^^^^^^^^^^^^^^^^^^^^^^^^^^^^^^^^^^^^^^^^^^^^^^
TypeError: 'NoneType' object is not callable
",raw\lfm2.5__8b\v2_deterministic__CODE08__attempt02.json
lfm2.5:8b,local,v2_deterministic,CODE09,network_error,,10,,9.13,,,,,9cf756159fc2f3b9128c6a3f544ec90c5e9b8afdbb4179a57b8aea9de589cfb2,network_error,0.0,,,1,"Traceback (most recent call last):
  File ""C:\WINDOWS\TEMP\v2_code_w_vfgrm5\harness.py"", line 4, in <module>
    assert fn(*('abcdef', 4, 1)) == ['abcd', 'def', 'f']
           ^^^^^^^^^^^^^^^^^^^^^
TypeError: 'NoneType' object is not callable
",raw\lfm2.5__8b\v2_deterministic__CODE09__attempt02.json
lfm2.5:8b,local,v2_deterministic,CODE10,network_error,,10,,9.087,,,,,9cf756159fc2f3b9128c6a3f544ec90c5e9b8afdbb4179a57b8aea9de589cfb2,network_error,0.0,,,1,"Traceback (most recent call last):
  File ""C:\WINDOWS\TEMP\v2_code_94noikop\harness.py"", line 4, in <module>
    assert fn(*('([{}])',)) == True
           ^^^^^^^^^^^^^^^^
TypeError: 'NoneType' object is not callable
",raw\lfm2.5__8b\v2_deterministic__CODE10__attempt02.json
llama3.2:3b,local,v2_deterministic,CODE01,runtime_error,0.0,10,0.0,2.867,0.241,82,259,98.697,a80c4f17acd55265feec403c7aef86be0c25983ab279d83f3bcd3abbcb5b8b72,syntax_error,,,,0,"fenced_code_extracted; policy passed; Traceback (most recent call last):
  File ""C:\WINDOWS\TEMP\v2_code_r8msr00d\harness.py"", line 37, in <module>
    assert fn(*('b a c b c c', 3)) == [('c', 3), ('a', 1), ('b', 2)]
           ^^^^^^^^^^^^^^^^^^^^^^^^^^^^^^^^^^^^^^^^^^^^^^^^^^^^^^^^^
AssertionError
",raw\llama3.2__3b\v2_deterministic__CODE01__attempt02.json
llama3.2:3b,local,v2_deterministic,CODE02,completed,5.0,10,0.5,1.948,0.283,67,137,82.434,a80c4f17acd55265feec403c7aef86be0c25983ab279d83f3bcd3abbcb5b8b72,completed,5.0,,,0,plain_code; policy passed; 1/2 hidden cases,raw\llama3.2__3b\v2_deterministic__CODE02__attempt02.json
llama3.2:3b,local,v2_deterministic,CODE03,completed,5.0,10,0.5,2.538,1.012,71,121,79.545,a80c4f17acd55265feec403c7aef86be0c25983ab279d83f3bcd3abbcb5b8b72,completed,5.0,,,0,plain_code; policy passed; 1/2 hidden cases,raw\llama3.2__3b\v2_deterministic__CODE03__attempt02.json
llama3.2:3b,local,v2_deterministic,CODE04,completed,10.0,10,1.0,2.846,1.528,76,87,66.304,a80c4f17acd55265feec403c7aef86be0c25983ab279d83f3bcd3abbcb5b8b72,completed,10.0,,,0,plain_code; policy passed; 1/1 hidden cases,raw\llama3.2__3b\v2_deterministic__CODE04__attempt02.json
llama3.2:3b,local,v2_deterministic,CODE05,runtime_error,0.0,10,0.0,5.749,1.301,76,333,74.978,a80c4f17acd55265feec403c7aef86be0c25983ab279d83f3bcd3abbcb5b8b72,syntax_error,,,,0,"fenced_code_extracted; policy passed; Traceback (most recent call last):
  File ""C:\WINDOWS\TEMP\v2_code_ha8m5m2v\harness.py"", line 23, in <module>
    assert fn(*([{'id': 1, 'x': 1}, {'id': 1, 'x': 2}, {'x': 3}],)) == [{'id': 1, 'x': 1}, {'x': 3}]
           ^^^^^^^^^^^^^^^^^^^^^^^^^^^^^^^^^^^^^^^^^^^^^^^^^^^^^^^^
  File ""C:\WINDOWS\TEMP\v2_code_ha8m5m2v\harness.py"", line 17, in dedupe_records
    if record['id'] not in seen:
       ~~~~~~^^^^^^
KeyError: 'id'
",raw\llama3.2__3b\v2_deterministic__CODE05__attempt02.json
llama3.2:3b,local,v2_deterministic,CODE06,syntax_error,,10,,3.348,1.178,,,,a80c4f17acd55265feec403c7aef86be0c25983ab279d83f3bcd3abbcb5b8b72,syntax_error,,,,0,"invalid syntax (<unknown>, line 1)",raw\llama3.2__3b\v2_deterministic__CODE06__attempt02.json
llama3.2:3b,local,v2_deterministic,CODE07,network_error,,10,,9.142,,,,,a80c4f17acd55265feec403c7aef86be0c25983ab279d83f3bcd3abbcb5b8b72,network_error,0.0,,,1,"Traceback (most recent call last):
  File ""C:\WINDOWS\TEMP\v2_code_wknnnx1f\harness.py"", line 4, in <module>
    assert fn(*([1, 3, -1, -3, 5, 3, 6, 7], 3)) == [3, 3, 5, 6, 7]
           ^^^^^^^^^^^^^^^^^^^^^^^^^^^^^^^^^^^^
TypeError: 'NoneType' object is not callable
",raw\llama3.2__3b\v2_deterministic__CODE07__attempt02.json
llama3.2:3b,local,v2_deterministic,CODE08,network_error,,10,,9.155,,,,,a80c4f17acd55265feec403c7aef86be0c25983ab279d83f3bcd3abbcb5b8b72,network_error,0.0,,,1,"Traceback (most recent call last):
  File ""C:\WINDOWS\TEMP\v2_code_ub1h6wq6\harness.py"", line 4, in <module>
    assert fn(*([{'customer': 'B', 'amount_cents': 2}, {'customer': 'A', 'amount_cents': 3}, {'customer': 'B', 'amount_cents': 4}],)) == [('A', 3), ('B', 6)]
           ^^^^^^^^^^^^^^^^^^^^^^^^^^^^^^^^^^^^^^^^^^^^^^^^^^^^^^^^^^^^^^^^^^^^^^^^^^^^^^^^^^^^^^^^^^^^^^^^^^^^^^^^^^^^^^^^^^^^^^^^^^
TypeError: 'NoneType' object is not callable
",raw\llama3.2__3b\v2_deterministic__CODE08__attempt02.json
llama3.2:3b,local,v2_deterministic,CODE09,network_error,,10,,9.152,,,,,a80c4f17acd55265feec403c7aef86be0c25983ab279d83f3bcd3abbcb5b8b72,network_error,0.0,,,1,"Traceback (most recent call last):
  File ""C:\WINDOWS\TEMP\v2_code_ugqm7gno\harness.py"", line 4, in <module>
    assert fn(*('abcdef', 4, 1)) == ['abcd', 'def', 'f']
           ^^^^^^^^^^^^^^^^^^^^^
TypeError: 'NoneType' object is not callable
",raw\llama3.2__3b\v2_deterministic__CODE09__attempt02.json
llama3.2:3b,local,v2_deterministic,CODE10,network_error,,10,,9.155,,,,,a80c4f17acd55265feec403c7aef86be0c25983ab279d83f3bcd3abbcb5b8b72,network_error,0.0,,,1,"Traceback (most recent call last):
  File ""C:\WINDOWS\TEMP\v2_code_nrvxje08\harness.py"", line 4, in <module>
    assert fn(*('([{}])',)) == True
           ^^^^^^^^^^^^^^^^
TypeError: 'NoneType' object is not callable
",raw\llama3.2__3b\v2_deterministic__CODE10__attempt02.json
mistral:7b,local,v2_deterministic,CODE01,runtime_error,0.0,10,0.0,4.716,0.135,84,193,42.15,6577803aa9a036369e481d648a2baebb381ebc6e897f2bb9a766a2aa7bfbc1cf,syntax_error,,,,0,"fenced_code_extracted; policy passed; Traceback (most recent call last):
  File ""C:\WINDOWS\TEMP\v2_code_ubdvbq3j\harness.py"", line 20, in <module>
    assert fn(*('b a c b c c', 3)) == [('c', 3), ('a', 1), ('b', 2)]
           ^^^^^^^^^^^^^^^^^^^^^^^^^^^^^^^^^^^^^^^^^^^^^^^^^^^^^^^^^
AssertionError
",raw\mistral__7b\v2_deterministic__CODE01__attempt02.json
mistral:7b,local,v2_deterministic,CODE02,completed,5.0,10,0.5,5.397,0.125,64,220,41.749,6577803aa9a036369e481d648a2baebb381ebc6e897f2bb9a766a2aa7bfbc1cf,syntax_error,,,,0,fenced_code_extracted; policy passed; 1/2 hidden cases,raw\mistral__7b\v2_deterministic__CODE02__attempt02.json
mistral:7b,local,v2_deterministic,CODE03,completed,5.0,10,0.5,4.925,0.121,68,201,41.861,6577803aa9a036369e481d648a2baebb381ebc6e897f2bb9a766a2aa7bfbc1cf,syntax_error,,,,0,fenced_code_extracted; policy passed; 1/2 hidden cases,raw\mistral__7b\v2_deterministic__CODE03__attempt02.json
mistral:7b,local,v2_deterministic,CODE04,completed,10.0,10,1.0,4.92,0.121,73,200,41.698,6577803aa9a036369e481d648a2baebb381ebc6e897f2bb9a766a2aa7bfbc1cf,syntax_error,,,,0,fenced_code_extracted; policy passed; 1/1 hidden cases,raw\mistral__7b\v2_deterministic__CODE04__attempt02.json
mistral:7b,local,v2_deterministic,CODE05,runtime_error,0.0,10,0.0,5.987,0.127,73,244,41.652,6577803aa9a036369e481d648a2baebb381ebc6e897f2bb9a766a2aa7bfbc1cf,syntax_error,,,,0,"fenced_code_extracted; policy passed; Traceback (most recent call last):
  File ""C:\WINDOWS\TEMP\v2_code_60xdbtrn\harness.py"", line 21, in <module>
    assert fn(*([{'id': 1, 'x': 1}, {'id': 1, 'x': 2}, {'x': 3}],)) == [{'id': 1, 'x': 1}, {'x': 3}]
           ^^^^^^^^^^^^^^^^^^^^^^^^^^^^^^^^^^^^^^^^^^^^^^^^^^^^^^^^
  File ""C:\WINDOWS\TEMP\v2_code_60xdbtrn\harness.py"", line 12, in dedupe_records
    if record['id'] not in unique_ids:
       ~~~~~~^^^^^^
KeyError: 'id'
",raw\mistral__7b\v2_deterministic__CODE05__attempt02.json
mistral:7b,local,v2_deterministic,CODE06,runtime_error,0.0,10,0.0,7.237,0.125,68,295,41.496,6577803aa9a036369e481d648a2baebb381ebc6e897f2bb9a766a2aa7bfbc1cf,syntax_error,,,,0,"fenced_code_extracted; policy passed; Traceback (most recent call last):
  File ""C:\WINDOWS\TEMP\v2_code_joetue_5\harness.py"", line 29, in <module>
    assert fn(*(['a', 'b', 'c'], [['a', 'b'], ['a', 'c']])) == ['a', 'b', 'c']
           ^^^^^^^^^^^^^^^^^^^^^^^^^^^^^^^^^^^^^^^^^^^^^^^^
  File ""C:\WINDOWS\TEMP\v2_code_joetue_5\harness.py"", line 8, in topological_order
    for task, deps in dependencies.items():
                      ^^^^^^^^^^^^^^^^^^
AttributeError: 'list' object has no attribute 'items'
",raw\mistral__7b\v2_deterministic__CODE06__attempt02.json
mistral:7b,local,v2_deterministic,CODE07,runtime_error,0.0,10,0.0,5.723,0.135,64,232,41.535,6577803aa9a036369e481d648a2baebb381ebc6e897f2bb9a766a2aa7bfbc1cf,syntax_error,,,,0,"fenced_code_extracted; policy passed; Traceback (most recent call last):
  File ""C:\WINDOWS\TEMP\v2_code_nkwl2be8\harness.py"", line 17, in <module>
    assert fn(*([1, 3, -1, -3, 5, 3, 6, 7], 3)) == [3, 3, 5, 6, 7]
           ^^^^^^^^^^^^^^^^^^^^^^^^^^^^^^^^^^^^
  File ""C:\WINDOWS\TEMP\v2_code_nkwl2be8\harness.py"", line 6, in window_max
    window = deque(nums[:k])
             ^^^^^
NameError: name 'deque' is not defined
",raw\mistral__7b\v2_deterministic__CODE07__attempt02.json
mistral:7b,local,v2_deterministic,CODE08,runtime_error,0.0,10,0.0,6.408,0.133,70,260,41.44,6577803aa9a036369e481d648a2baebb381ebc6e897f2bb9a766a2aa7bfbc1cf,syntax_error,,,,0,"fenced_code_extracted; policy passed; Traceback (most recent call last):
  File ""C:\WINDOWS\TEMP\v2_code_xbk5pegy\harness.py"", line 17, in <module>
    assert fn(*([{'customer': 'B', 'amount_cents': 2}, {'customer': 'A', 'amount_cents': 3}, {'customer': 'B', 'amount_cents': 4}],)) == [('A', 3), ('B', 6)]
           ^^^^^^^^^^^^^^^^^^^^^^^^^^^^^^^^^^^^^^^^^^^^^^^^^^^^^^^^^^^^^^^^^^^^^^^^^^^^^^^^^^^^^^^^^^^^^^^^^^^^^^^^^^^^^^^^^^^^^^^^^^^^^^^^^^^^^^^^^^^^^^^^^^
AssertionError
",raw\mistral__7b\v2_deterministic__CODE08__attempt02.json
mistral:7b,local,v2_deterministic,CODE09,runtime_error,0.0,10,0.0,4.653,0.136,68,190,42.09,6577803aa9a036369e481d648a2baebb381ebc6e897f2bb9a766a2aa7bfbc1cf,syntax_error,,,,0,"fenced_code_extracted; policy passed; Traceback (most recent call last):
  File ""C:\WINDOWS\TEMP\v2_code_9pxaf6xf\harness.py"", line 15, in <module>
    assert fn(*('abcdef', 4, 1)) == ['abcd', 'def', 'f']
           ^^^^^^^^^^^^^^^^^^^^^^^^^^^^^^^^^^^^^^^^^^^^^
AssertionError
",raw\mistral__7b\v2_deterministic__CODE09__attempt02.json
mistral:7b,local,v2_deterministic,CODE10,completed,3.333333333333333,10,0.3333,4.421,0.131,62,179,41.74,6577803aa9a036369e481d648a2baebb381ebc6e897f2bb9a766a2aa7bfbc1cf,syntax_error,,,,0,fenced_code_extracted; policy passed; 1/3 hidden cases,raw\mistral__7b\v2_deterministic__CODE10__attempt02.json
nemotron-3-nano:4b,local,v2_deterministic,CODE01,runtime_error,0.0,10,0.0,3.453,0.331,97,234,74.996,6cc467f054393a55e98a74098abde0c762ffb6d1d8cd64becf30458f38886197,runtime_error,0.0,,,0,"plain_code; policy passed; Traceback (most recent call last):
  File ""C:\WINDOWS\TEMP\v2_code_2n433tzz\harness.py"", line 14, in <module>
    assert fn(*('b a c b c c', 3)) == [('c', 3), ('a', 1), ('b', 2)]
           ^^^^^^^^^^^^^^^^^^^^^^^^^^^^^^^^^^^^^^^^^^^^^^^^^^^^^^^^^
AssertionError
",raw\nemotron-3-nano__4b\v2_deterministic__CODE01__attempt02.json
nemotron-3-nano:4b,local,v2_deterministic,CODE02,completed,5.0,10,0.5,6.185,0.353,79,436,74.792,6cc467f054393a55e98a74098abde0c762ffb6d1d8cd64becf30458f38886197,completed,5.0,,,0,plain_code; policy passed; 1/2 hidden cases,raw\nemotron-3-nano__4b\v2_deterministic__CODE02__attempt02.json
nemotron-3-nano:4b,local,v2_deterministic,CODE03,completed,5.0,10,0.5,5.896,0.339,83,416,74.882,6cc467f054393a55e98a74098abde0c762ffb6d1d8cd64becf30458f38886197,syntax_error,,,,0,fenced_code_extracted; policy passed; 1/2 hidden cases,raw\nemotron-3-nano__4b\v2_deterministic__CODE03__attempt02.json
nemotron-3-nano:4b,local,v2_deterministic,CODE04,runtime_error,0.0,10,0.0,4.78,0.353,93,331,74.796,6cc467f054393a55e98a74098abde0c762ffb6d1d8cd64becf30458f38886197,syntax_error,,,,0,"fenced_code_extracted; policy passed; Traceback (most recent call last):
  File ""C:\WINDOWS\TEMP\v2_code_38h1s43k\harness.py"", line 23, in <module>
    assert fn(*(['[INFO] ok', '[WARN] x', 'bad', '[ERROR] y', '[DEBUG] z'],)) == {'INFO': 1, 'WARN': 1, 'ERROR': 1}
           ^^^^^^^^^^^^^^^^^^^^^^^^^^^^^^^^^^^^^^^^^^^^^^^^^^^^^^^^^^^^^^^^^^^^^^^^^^^^^^^^^^^^^^^^^^^^^^^^^^^^^^^^
AssertionError
",raw\nemotron-3-nano__4b\v2_deterministic__CODE04__attempt02.json
nemotron-3-nano:4b,local,v2_deterministic,CODE05,completed,10.0,10,1.0,4.803,0.334,86,334,74.777,6cc467f054393a55e98a74098abde0c762ffb6d1d8cd64becf30458f38886197,completed,10.0,,,0,plain_code; policy passed; 1/1 hidden cases,raw\nemotron-3-nano__4b\v2_deterministic__CODE05__attempt02.json
nemotron-3-nano:4b,local,v2_deterministic,CODE06,runtime_error,0.0,10,0.0,12.234,0.345,82,885,74.469,6cc467f054393a55e98a74098abde0c762ffb6d1d8cd64becf30458f38886197,syntax_error,,,,0,"fenced_code_extracted; policy passed; Traceback (most recent call last):
  File ""C:\WINDOWS\TEMP\v2_code_klzhdjjc\harness.py"", line 30, in <module>
    assert fn(*(['a', 'b', 'c'], [['a', 'b'], ['a', 'c']])) == ['a', 'b', 'c']
           ^^^^^^^^^^^^^^^^^^^^^^^^^^^^^^^^^^^^^^^^^^^^^^^^^^^^^^^^^^^^^^^^^^^
AssertionError
",raw\nemotron-3-nano__4b\v2_deterministic__CODE06__attempt02.json
nemotron-3-nano:4b,local,v2_deterministic,CODE07,runtime_error,0.0,10,0.0,5.242,0.338,80,366,74.658,6cc467f054393a55e98a74098abde0c762ffb6d1d8cd64becf30458f38886197,runtime_error,0.0,,,0,"plain_code; policy passed; Traceback (most recent call last):
  File ""C:\WINDOWS\TEMP\v2_code_uugm0rf3\harness.py"", line 18, in <module>
    assert fn(*([1, 3, -1, -3, 5, 3, 6, 7], 3)) == [3, 3, 5, 6, 7]
           ^^^^^^^^^^^^^^^^^^^^^^^^^^^^^^^^^^^^^^^^^^^^^^^^^^^^^^^
AssertionError
",raw\nemotron-3-nano__4b\v2_deterministic__CODE07__attempt02.json
nemotron-3-nano:4b,local,v2_deterministic,CODE08,completed,10.0,10,1.0,9.039,0.347,84,647,74.464,6cc467f054393a55e98a74098abde0c762ffb6d1d8cd64becf30458f38886197,completed,10.0,,,0,plain_code; policy passed; 1/1 hidden cases,raw\nemotron-3-nano__4b\v2_deterministic__CODE08__attempt02.json
nemotron-3-nano:4b,local,v2_deterministic,CODE09,runtime_error,0.0,10,0.0,8.607,0.352,83,615,74.527,6cc467f054393a55e98a74098abde0c762ffb6d1d8cd64becf30458f38886197,syntax_error,,,,0,"fenced_code_extracted; policy passed; Traceback (most recent call last):
  File ""C:\WINDOWS\TEMP\v2_code_eq26re04\harness.py"", line 34, in <module>
    assert fn(*('abcdef', 4, 1)) == ['abcd', 'def', 'f']
           ^^^^^^^^^^^^^^^^^^^^^^^^^^^^^^^^^^^^^^^^^^^^^
AssertionError
",raw\nemotron-3-nano__4b\v2_deterministic__CODE09__attempt02.json
nemotron-3-nano:4b,local,v2_deterministic,CODE10,completed,3.333333333333333,10,0.3333,4.105,0.357,78,280,74.753,6cc467f054393a55e98a74098abde0c762ffb6d1d8cd64becf30458f38886197,syntax_error,,,,0,fenced_code_extracted; policy passed; 1/3 hidden cases,raw\nemotron-3-nano__4b\v2_deterministic__CODE10__attempt02.json
olmo-3:7b-instruct,local,v2_deterministic,CODE01,runtime_error,0.0,10,0.0,5.167,0.426,98,128,27.009,ea72df8c85d75c6783ab0d00278803c53a634fc9d0fe38d3fd4ab6f35adbdbb2,runtime_error,0.0,,,0,"plain_code; policy passed; Traceback (most recent call last):
  File ""C:\WINDOWS\TEMP\v2_code_m__3izfd\harness.py"", line 21, in <module>
    assert fn(*('b a c b c c', 3)) == [('c', 3), ('a', 1), ('b', 2)]
           ^^^^^^^^^^^^^^^^^^^^^^^^^^^^^^^^^^^^^^^^^^^^^^^^^^^^^^^^^
AssertionError
",raw\olmo-3__7b-instruct\v2_deterministic__CODE01__attempt02.json
olmo-3:7b-instruct,local,v2_deterministic,CODE02,completed,5.0,10,0.5,7.071,0.431,83,179,26.969,ea72df8c85d75c6783ab0d00278803c53a634fc9d0fe38d3fd4ab6f35adbdbb2,completed,5.0,,,0,plain_code; policy passed; 1/2 hidden cases,raw\olmo-3__7b-instruct\v2_deterministic__CODE02__attempt02.json
olmo-3:7b-instruct,local,v2_deterministic,CODE03,completed,5.0,10,0.5,4.493,0.449,87,110,27.21,ea72df8c85d75c6783ab0d00278803c53a634fc9d0fe38d3fd4ab6f35adbdbb2,completed,5.0,,,0,plain_code; policy passed; 1/2 hidden cases,raw\olmo-3__7b-instruct\v2_deterministic__CODE03__attempt02.json
olmo-3:7b-instruct,local,v2_deterministic,CODE04,runtime_error,0.0,10,0.0,6.322,0.427,92,158,26.803,ea72df8c85d75c6783ab0d00278803c53a634fc9d0fe38d3fd4ab6f35adbdbb2,runtime_error,0.0,,,0,"plain_code; policy passed; Traceback (most recent call last):
  File ""C:\WINDOWS\TEMP\v2_code_yrjirvmw\harness.py"", line 25, in <module>
    assert fn(*(['[INFO] ok', '[WARN] x', 'bad', '[ERROR] y', '[DEBUG] z'],)) == {'INFO': 1, 'WARN': 1, 'ERROR': 1}
           ^^^^^^^^^^^^^^^^^^^^^^^^^^^^^^^^^^^^^^^^^^^^^^^^^^^^^^^^^^^^^^^^^^^^^^^^^^^^^^^^^^^^^^^^^^^^^^^^^^^^^^^^
AssertionError
",raw\olmo-3__7b-instruct\v2_deterministic__CODE04__attempt02.json
olmo-3:7b-instruct,local,v2_deterministic,CODE05,runtime_error,0.0,10,0.0,7.457,0.425,92,188,26.745,ea72df8c85d75c6783ab0d00278803c53a634fc9d0fe38d3fd4ab6f35adbdbb2,runtime_error,0.0,,,0,"plain_code; policy passed; Traceback (most recent call last):
  File ""C:\WINDOWS\TEMP\v2_code_toub3vtz\harness.py"", line 24, in <module>
    assert fn(*([{'id': 1, 'x': 1}, {'id': 1, 'x': 2}, {'x': 3}],)) == [{'id': 1, 'x': 1}, {'x': 3}]
           ^^^^^^^^^^^^^^^^^^^^^^^^^^^^^^^^^^^^^^^^^^^^^^^^^^^^^^^^^^^^^^^^^^^^^^^^^^^^^^^^^^^^^^^^^
AssertionError
",raw\olmo-3__7b-instruct\v2_deterministic__CODE05__attempt02.json
olmo-3:7b-instruct,local,v2_deterministic,CODE06,completed,5.0,10,0.5,14.169,0.442,89,358,26.083,ea72df8c85d75c6783ab0d00278803c53a634fc9d0fe38d3fd4ab6f35adbdbb2,completed,5.0,,,0,plain_code; policy passed; 1/2 hidden cases,raw\olmo-3__7b-instruct\v2_deterministic__CODE06__attempt02.json
olmo-3:7b-instruct,local,v2_deterministic,CODE07,runtime_error,0.0,10,0.0,5.763,0.468,85,143,27.017,ea72df8c85d75c6783ab0d00278803c53a634fc9d0fe38d3fd4ab6f35adbdbb2,runtime_error,0.0,,,0,"plain_code; policy passed; Traceback (most recent call last):
  File ""C:\WINDOWS\TEMP\v2_code_6shv6m_w\harness.py"", line 21, in <module>
    assert fn(*([1, 3, -1, -3, 5, 3, 6, 7], 3)) == [3, 3, 5, 6, 7]
           ^^^^^^^^^^^^^^^^^^^^^^^^^^^^^^^^^^^^^^^^^^^^^^^^^^^^^^^
AssertionError
",raw\olmo-3__7b-instruct\v2_deterministic__CODE07__attempt02.json
olmo-3:7b-instruct,local,v2_deterministic,CODE08,unsafe_code_detected,,10,,6.176,0.405,89,155,26.867,ea72df8c85d75c6783ab0d00278803c53a634fc9d0fe38d3fd4ab6f35adbdbb2,unsafe_code_detected,,,,0,name blocked: getattr,raw\olmo-3__7b-instruct\v2_deterministic__CODE08__attempt02.json
olmo-3:7b-instruct,local,v2_deterministic,CODE09,runtime_error,0.0,10,0.0,8.07,0.411,87,204,26.644,ea72df8c85d75c6783ab0d00278803c53a634fc9d0fe38d3fd4ab6f35adbdbb2,runtime_error,0.0,,,0,"plain_code; policy passed; Traceback (most recent call last):
  File ""C:\WINDOWS\TEMP\v2_code_qod2q181\harness.py"", line 27, in <module>
    assert fn(*('abcdef', 4, 1)) == ['abcd', 'def', 'f']
           ^^^^^^^^^^^^^^^^^^^^^^^^^^^^^^^^^^^^^^^^^^^^^
AssertionError
",raw\olmo-3__7b-instruct\v2_deterministic__CODE09__attempt02.json
olmo-3:7b-instruct,local,v2_deterministic,CODE10,completed,3.333333333333333,10,0.3333,3.371,0.448,80,79,27.05,ea72df8c85d75c6783ab0d00278803c53a634fc9d0fe38d3fd4ab6f35adbdbb2,completed,3.333333333333333,,,0,plain_code; policy passed; 1/3 hidden cases,raw\olmo-3__7b-instruct\v2_deterministic__CODE10__attempt02.json
olmo-3:7b-think,local,v2_deterministic,CODE01,empty_response,,10,,223.685,1.155,118,4096,18.407,b8d4c92ac9c103f858f4f09a418b62de8ca1abf1b20b4020006346535634dd35,truncated_before_final_answer,0,,,0,"Traceback (most recent call last):
  File ""C:\WINDOWS\TEMP\v2_code_8qu2ch27\harness.py"", line 4, in <module>
    assert fn(*('Apple banana apple, BANANA! pear.', 2)) == [('apple', 2), ('banana', 2)]
           ^^^^^^^^^^^^^^^^^^^^^^^^^^^^^^^^^^^^^^^^^^^^^
TypeError: 'NoneType' object is not callable
",raw\olmo-3__7b-think\v2_deterministic__CODE01__attempt02.json
olmo-3:7b-think,local,v2_deterministic,CODE02,completed,5.0,10,0.5,224.064,1.774,103,4096,18.427,b8d4c92ac9c103f858f4f09a418b62de8ca1abf1b20b4020006346535634dd35,truncated,0,,,0,fenced_code_extracted; policy passed; 1/2 hidden cases,raw\olmo-3__7b-think\v2_deterministic__CODE02__attempt02.json
olmo-3:7b-think,local,v2_deterministic,CODE03,completed,5.0,10,0.5,81.243,1.684,107,1785,22.437,b8d4c92ac9c103f858f4f09a418b62de8ca1abf1b20b4020006346535634dd35,completed,5.0,,,0,plain_code; policy passed; 1/2 hidden cases,raw\olmo-3__7b-think\v2_deterministic__CODE03__attempt02.json
olmo-3:7b-think,local,v2_deterministic,CODE04,empty_response,,10,,223.062,1.371,112,4096,18.477,b8d4c92ac9c103f858f4f09a418b62de8ca1abf1b20b4020006346535634dd35,truncated_before_final_answer,0,,,0,"Traceback (most recent call last):
  File ""C:\WINDOWS\TEMP\v2_code_y8mj0rkx\harness.py"", line 4, in <module>
    assert fn(*(['[INFO] ok', '[WARN] x', 'bad', '[ERROR] y', '[DEBUG] z'],)) == {'INFO': 1, 'WARN': 1, 'ERROR': 1}
           ^^^^^^^^^^^^^^^^^^^^^^^^^^^^^^^^^^^^^^^^^^^^^^^^^^^^^^^^^^^^^^^^^^
TypeError: 'NoneType' object is not callable
",raw\olmo-3__7b-think\v2_deterministic__CODE04__attempt02.json
olmo-3:7b-think,local,v2_deterministic,CODE05,completed,10.0,10,1.0,179.845,1.75,112,3476,19.518,b8d4c92ac9c103f858f4f09a418b62de8ca1abf1b20b4020006346535634dd35,completed,10.0,,,0,plain_code; policy passed; 1/1 hidden cases,raw\olmo-3__7b-think\v2_deterministic__CODE05__attempt02.json
olmo-3:7b-think,local,v2_deterministic,CODE06,empty_response,,10,,222.005,1.689,109,4096,18.592,b8d4c92ac9c103f858f4f09a418b62de8ca1abf1b20b4020006346535634dd35,truncated_before_final_answer,0,,,0,"Traceback (most recent call last):
  File ""C:\WINDOWS\TEMP\v2_code_eak5navw\harness.py"", line 4, in <module>
    assert fn(*(['a', 'b', 'c'], [['a', 'b'], ['a', 'c']])) == ['a', 'b', 'c']
           ^^^^^^^^^^^^^^^^^^^^^^^^^^^^^^^^^^^^^^^^^^^^^^^^
TypeError: 'NoneType' object is not callable
",raw\olmo-3__7b-think\v2_deterministic__CODE06__attempt02.json
olmo-3:7b-think,local,v2_deterministic,CODE07,empty_response,,10,,222.606,1.892,105,4096,18.558,b8d4c92ac9c103f858f4f09a418b62de8ca1abf1b20b4020006346535634dd35,truncated_before_final_answer,0,,,0,"Traceback (most recent call last):
  File ""C:\WINDOWS\TEMP\v2_code_u_rfh5gq\harness.py"", line 4, in <module>
    assert fn(*([1, 3, -1, -3, 5, 3, 6, 7], 3)) == [3, 3, 5, 6, 7]
           ^^^^^^^^^^^^^^^^^^^^^^^^^^^^^^^^^^^^
TypeError: 'NoneType' object is not callable
",raw\olmo-3__7b-think\v2_deterministic__CODE07__attempt02.json
olmo-3:7b-think,local,v2_deterministic,CODE08,empty_response,,10,,222.399,1.773,109,4096,18.566,b8d4c92ac9c103f858f4f09a418b62de8ca1abf1b20b4020006346535634dd35,truncated_before_final_answer,0,,,0,"Traceback (most recent call last):
  File ""C:\WINDOWS\TEMP\v2_code_5nekyatl\harness.py"", line 4, in <module>
    assert fn(*([{'customer': 'B', 'amount_cents': 2}, {'customer': 'A', 'amount_cents': 3}, {'customer': 'B', 'amount_cents': 4}],)) == [('A', 3), ('B', 6)]
           ^^^^^^^^^^^^^^^^^^^^^^^^^^^^^^^^^^^^^^^^^^^^^^^^^^^^^^^^^^^^^^^^^^^^^^^^^^^^^^^^^^^^^^^^^^^^^^^^^^^^^^^^^^^^^^^^^^^^^^^^^^
TypeError: 'NoneType' object is not callable
",raw\olmo-3__7b-think\v2_deterministic__CODE08__attempt02.json
olmo-3:7b-think,local,v2_deterministic,CODE09,empty_response,,10,,221.015,1.898,107,4096,18.694,b8d4c92ac9c103f858f4f09a418b62de8ca1abf1b20b4020006346535634dd35,truncated_before_final_answer,0,,,0,"Traceback (most recent call last):
  File ""C:\WINDOWS\TEMP\v2_code_ga60gv77\harness.py"", line 4, in <module>
    assert fn(*('abcdef', 4, 1)) == ['abcd', 'def', 'f']
           ^^^^^^^^^^^^^^^^^^^^^
TypeError: 'NoneType' object is not callable
",raw\olmo-3__7b-think\v2_deterministic__CODE09__attempt02.json
olmo-3:7b-think,local,v2_deterministic,CODE10,completed,3.333333333333333,10,0.3333,74.434,1.748,100,1659,22.825,b8d4c92ac9c103f858f4f09a418b62de8ca1abf1b20b4020006346535634dd35,completed,3.333333333333333,,,0,plain_code; policy passed; 1/3 hidden cases,raw\olmo-3__7b-think\v2_deterministic__CODE10__attempt02.json
openbmb/minicpm5:Q4_K_M,local,v2_deterministic,CODE01,runtime_error,0.0,10,0.0,3.092,0.19,66,725,250.068,08239e8f70e09fc079ff3b5c4f011fd846d452ae9ba4e4b4c40e526bd4950ded,syntax_error,,,,0,"fenced_code_extracted; policy passed; Traceback (most recent call last):
  File ""C:\WINDOWS\TEMP\v2_code_qcmqsz8p\harness.py"", line 25, in <module>
    assert fn(*('b a c b c c', 3)) == [('c', 3), ('a', 1), ('b', 2)]
           ^^^^^^^^^^^^^^^^^^^^^^^^^^^^^^^^^^^^^^^^^^^^^^^^^^^^^^^^^
AssertionError
",raw\openbmb_minicpm5__Q4_K_M\v2_deterministic__CODE01__attempt02.json
openbmb/minicpm5:Q4_K_M,local,v2_deterministic,CODE02,runtime_error,0.0,10,0.0,2.816,0.168,54,671,253.636,08239e8f70e09fc079ff3b5c4f011fd846d452ae9ba4e4b4c40e526bd4950ded,syntax_error,,,,0,"fenced_code_extracted; policy passed; Traceback (most recent call last):
  File ""C:\WINDOWS\TEMP\v2_code_41uih0u8\harness.py"", line 23, in <module>
    assert fn(*([[1, 3], [2, 6], [8, 10], [10, 12]],)) == [[1, 6], [8, 12]]
           ^^^^^^^^^^^^^^^^^^^^^^^^^^^^^^^^^^^^^^^^^^^^^^^^^^^^^^^^^^^^^^^^
AssertionError
",raw\openbmb_minicpm5__Q4_K_M\v2_deterministic__CODE02__attempt02.json
openbmb/minicpm5:Q4_K_M,local,v2_deterministic,CODE03,runtime_error,0.0,10,0.0,3.446,0.184,56,813,249.48,08239e8f70e09fc079ff3b5c4f011fd846d452ae9ba4e4b4c40e526bd4950ded,syntax_error,,,,0,"fenced_code_extracted; policy passed; Traceback (most recent call last):
  File ""C:\WINDOWS\TEMP\v2_code_bfdsja5c\harness.py"", line 18, in <module>
    assert fn(*([1, 2, 2, 2, 5], 2)) == 1
           ^^^^^^^^^^^^^^^^^^^^^^^^^^^^^^
AssertionError
",raw\openbmb_minicpm5__Q4_K_M\v2_deterministic__CODE03__attempt02.json
openbmb/minicpm5:Q4_K_M,local,v2_deterministic,CODE04,runtime_error,0.0,10,0.0,1.28,0.17,62,281,253.651,08239e8f70e09fc079ff3b5c4f011fd846d452ae9ba4e4b4c40e526bd4950ded,syntax_error,,,,0,"fenced_code_extracted; policy passed; Traceback (most recent call last):
  File ""C:\WINDOWS\TEMP\v2_code_o6235j31\harness.py"", line 9, in <module>
    assert fn(*(['[INFO] ok', '[WARN] x', 'bad', '[ERROR] y', '[DEBUG] z'],)) == {'INFO': 1, 'WARN': 1, 'ERROR': 1}
           ^^^^^^^^^^^^^^^^^^^^^^^^^^^^^^^^^^^^^^^^^^^^^^^^^^^^^^^^^^^^^^^^^^^^^^^^^^^^^^^^^^^^^^^^^^^^^^^^^^^^^^^^
AssertionError
",raw\openbmb_minicpm5__Q4_K_M\v2_deterministic__CODE04__attempt02.json
openbmb/minicpm5:Q4_K_M,local,v2_deterministic,CODE05,runtime_error,0.0,10,0.0,3.115,0.16,63,743,251.638,08239e8f70e09fc079ff3b5c4f011fd846d452ae9ba4e4b4c40e526bd4950ded,syntax_error,,,,0,"fenced_code_extracted; policy passed; Traceback (most recent call last):
  File ""C:\WINDOWS\TEMP\v2_code_zqid6ooj\harness.py"", line 9, in <module>
    assert fn(*([{'id': 1, 'x': 1}, {'id': 1, 'x': 2}, {'x': 3}],)) == [{'id': 1, 'x': 1}, {'x': 3}]
           ^^^^^^^^^^^^^^^^^^^^^^^^^^^^^^^^^^^^^^^^^^^^^^^^^^^^^^^^
  File ""C:\WINDOWS\TEMP\v2_code_zqid6ooj\harness.py"", line 4, in dedupe_records
    for key, value in records.items():
                      ^^^^^^^^^^^^^
AttributeError: 'list' object has no attribute 'items'
",raw\openbmb_minicpm5__Q4_K_M\v2_deterministic__CODE05__attempt02.json
openbmb/minicpm5:Q4_K_M,local,v2_deterministic,CODE06,runtime_error,0.0,10,0.0,14.176,0.172,55,3326,237.625,08239e8f70e09fc079ff3b5c4f011fd846d452ae9ba4e4b4c40e526bd4950ded,syntax_error,,,,0,"fenced_code_extracted; policy passed; Traceback (most recent call last):
  File ""C:\WINDOWS\TEMP\v2_code_bi131reb\harness.py"", line 35, in <module>
    assert fn(*(['a', 'b', 'c'], [['a', 'b'], ['a', 'c']])) == ['a', 'b', 'c']
           ^^^^^^^^^^^^^^^^^^^^^^^^^^^^^^^^^^^^^^^^^^^^^^^^
  File ""C:\WINDOWS\TEMP\v2_code_bi131reb\harness.py"", line 8, in topological_order
    for prereq, dependents in dependencies.items():
                              ^^^^^^^^^^^^^^^^^^
AttributeError: 'list' object has no attribute 'items'
",raw\openbmb_minicpm5__Q4_K_M\v2_deterministic__CODE06__attempt02.json
openbmb/minicpm5:Q4_K_M,local,v2_deterministic,CODE07,runtime_error,0.0,10,0.0,6.516,0.209,54,1553,246.407,08239e8f70e09fc079ff3b5c4f011fd846d452ae9ba4e4b4c40e526bd4950ded,syntax_error,,,,0,"fenced_code_extracted; policy passed; Traceback (most recent call last):
  File ""C:\WINDOWS\TEMP\v2_code_7za_p03w\harness.py"", line 20, in <module>
    assert fn(*([1, 3, -1, -3, 5, 3, 6, 7], 3)) == [3, 3, 5, 6, 7]
           ^^^^^^^^^^^^^^^^^^^^^^^^^^^^^^^^^^^^^^^^^^^^^^^^^^^^^^^
AssertionError
",raw\openbmb_minicpm5__Q4_K_M\v2_deterministic__CODE07__attempt02.json
openbmb/minicpm5:Q4_K_M,local,v2_deterministic,CODE08,runtime_error,0.0,10,0.0,6.132,0.185,57,1463,246.162,08239e8f70e09fc079ff3b5c4f011fd846d452ae9ba4e4b4c40e526bd4950ded,syntax_error,,,,0,"fenced_code_extracted; policy passed; Traceback (most recent call last):
  File ""C:\WINDOWS\TEMP\v2_code_nguga_ph\harness.py"", line 24, in <module>
    assert fn(*([{'customer': 'B', 'amount_cents': 2}, {'customer': 'A', 'amount_cents': 3}, {'customer': 'B', 'amount_cents': 4}],)) == [('A', 3), ('B', 6)]
           ^^^^^^^^^^^^^^^^^^^^^^^^^^^^^^^^^^^^^^^^^^^^^^^^^^^^^^^^^^^^^^^^^^^^^^^^^^^^^^^^^^^^^^^^^^^^^^^^^^^^^^^^^^^^^^^^^^^^^^^^^^^^^^^^^^^^^^^^^^^^^^^^^^
AssertionError
",raw\openbmb_minicpm5__Q4_K_M\v2_deterministic__CODE08__attempt02.json
openbmb/minicpm5:Q4_K_M,local,v2_deterministic,CODE09,runtime_error,0.0,10,0.0,3.648,0.189,57,865,250.298,08239e8f70e09fc079ff3b5c4f011fd846d452ae9ba4e4b4c40e526bd4950ded,syntax_error,,,,0,"fenced_code_extracted; policy passed; Traceback (most recent call last):
  File ""C:\WINDOWS\TEMP\v2_code_ewslrzid\harness.py"", line 20, in <module>
    assert fn(*('abcdef', 4, 1)) == ['abcd', 'def', 'f']
           ^^^^^^^^^^^^^^^^^^^^^^^^^^^^^^^^^^^^^^^^^^^^^
AssertionError
",raw\openbmb_minicpm5__Q4_K_M\v2_deterministic__CODE09__attempt02.json
openbmb/minicpm5:Q4_K_M,local,v2_deterministic,CODE10,syntax_error,,10,,17.561,0.173,51,4096,235.646,08239e8f70e09fc079ff3b5c4f011fd846d452ae9ba4e4b4c40e526bd4950ded,truncated,0,,,0,"invalid character '，' (U+FF0C) (<unknown>, line 1)",raw\openbmb_minicpm5__Q4_K_M\v2_deterministic__CODE10__attempt02.json
ornith:9b,local,v2_deterministic,CODE01,network_error,,10,,9.106,,,,,a75697c145891910e312c95e4a9fc1ccb8653e5ef543b23b0403a4665b82fd91,network_error,0.0,,,1,"Traceback (most recent call last):
  File ""C:\WINDOWS\TEMP\v2_code_iwju7j6v\harness.py"", line 4, in <module>
    assert fn(*('Apple banana apple, BANANA! pear.', 2)) == [('apple', 2), ('banana', 2)]
           ^^^^^^^^^^^^^^^^^^^^^^^^^^^^^^^^^^^^^^^^^^^^^
TypeError: 'NoneType' object is not callable
",raw\ornith__9b\v2_deterministic__CODE01__attempt02.json
ornith:9b,local,v2_deterministic,CODE02,network_error,,10,,9.104,,,,,a75697c145891910e312c95e4a9fc1ccb8653e5ef543b23b0403a4665b82fd91,network_error,0.0,,,1,"Traceback (most recent call last):
  File ""C:\WINDOWS\TEMP\v2_code_1g3fagia\harness.py"", line 4, in <module>
    assert fn(*([[1, 3], [2, 6], [8, 10], [10, 12]],)) == [[1, 6], [8, 12]]
           ^^^^^^^^^^^^^^^^^^^^^^^^^^^^^^^^^^^^^^^^^^^
TypeError: 'NoneType' object is not callable
",raw\ornith__9b\v2_deterministic__CODE02__attempt02.json
ornith:9b,local,v2_deterministic,CODE03,network_error,,10,,9.15,,,,,a75697c145891910e312c95e4a9fc1ccb8653e5ef543b23b0403a4665b82fd91,network_error,0.0,,,1,"Traceback (most recent call last):
  File ""C:\WINDOWS\TEMP\v2_code_2kllcoq5\harness.py"", line 4, in <module>
    assert fn(*([1, 2, 2, 2, 5], 2)) == 1
           ^^^^^^^^^^^^^^^^^^^^^^^^^
TypeError: 'NoneType' object is not callable
",raw\ornith__9b\v2_deterministic__CODE03__attempt02.json
ornith:9b,local,v2_deterministic,CODE04,network_error,,10,,9.136,,,,,a75697c145891910e312c95e4a9fc1ccb8653e5ef543b23b0403a4665b82fd91,network_error,0.0,,,1,"Traceback (most recent call last):
  File ""C:\WINDOWS\TEMP\v2_code_xs850y99\harness.py"", line 4, in <module>
    assert fn(*(['[INFO] ok', '[WARN] x', 'bad', '[ERROR] y', '[DEBUG] z'],)) == {'INFO': 1, 'WARN': 1, 'ERROR': 1}
           ^^^^^^^^^^^^^^^^^^^^^^^^^^^^^^^^^^^^^^^^^^^^^^^^^^^^^^^^^^^^^^^^^^
TypeError: 'NoneType' object is not callable
",raw\ornith__9b\v2_deterministic__CODE04__attempt02.json
ornith:9b,local,v2_deterministic,CODE05,network_error,,10,,9.11,,,,,a75697c145891910e312c95e4a9fc1ccb8653e5ef543b23b0403a4665b82fd91,network_error,0.0,,,1,"Traceback (most recent call last):
  File ""C:\WINDOWS\TEMP\v2_code_i09xhc4g\harness.py"", line 4, in <module>
    assert fn(*([{'id': 1, 'x': 1}, {'id': 1, 'x': 2}, {'x': 3}],)) == [{'id': 1, 'x': 1}, {'x': 3}]
           ^^^^^^^^^^^^^^^^^^^^^^^^^^^^^^^^^^^^^^^^^^^^^^^^^^^^^^^^
TypeError: 'NoneType' object is not callable
",raw\ornith__9b\v2_deterministic__CODE05__attempt02.json
ornith:9b,local,v2_deterministic,CODE06,network_error,,10,,9.139,,,,,a75697c145891910e312c95e4a9fc1ccb8653e5ef543b23b0403a4665b82fd91,network_error,0.0,,,1,"Traceback (most recent call last):
  File ""C:\WINDOWS\TEMP\v2_code_7yz7n9w8\harness.py"", line 4, in <module>
    assert fn(*(['a', 'b', 'c'], [['a', 'b'], ['a', 'c']])) == ['a', 'b', 'c']
           ^^^^^^^^^^^^^^^^^^^^^^^^^^^^^^^^^^^^^^^^^^^^^^^^
TypeError: 'NoneType' object is not callable
",raw\ornith__9b\v2_deterministic__CODE06__attempt02.json
ornith:9b,local,v2_deterministic,CODE07,network_error,,10,,9.141,,,,,a75697c145891910e312c95e4a9fc1ccb8653e5ef543b23b0403a4665b82fd91,network_error,0.0,,,1,"Traceback (most recent call last):
  File ""C:\WINDOWS\TEMP\v2_code_n48husef\harness.py"", line 4, in <module>
    assert fn(*([1, 3, -1, -3, 5, 3, 6, 7], 3)) == [3, 3, 5, 6, 7]
           ^^^^^^^^^^^^^^^^^^^^^^^^^^^^^^^^^^^^
TypeError: 'NoneType' object is not callable
",raw\ornith__9b\v2_deterministic__CODE07__attempt02.json
ornith:9b,local,v2_deterministic,CODE08,network_error,,10,,9.112,,,,,a75697c145891910e312c95e4a9fc1ccb8653e5ef543b23b0403a4665b82fd91,network_error,0.0,,,1,"Traceback (most recent call last):
  File ""C:\WINDOWS\TEMP\v2_code_2ekui0zh\harness.py"", line 4, in <module>
    assert fn(*([{'customer': 'B', 'amount_cents': 2}, {'customer': 'A', 'amount_cents': 3}, {'customer': 'B', 'amount_cents': 4}],)) == [('A', 3), ('B', 6)]
           ^^^^^^^^^^^^^^^^^^^^^^^^^^^^^^^^^^^^^^^^^^^^^^^^^^^^^^^^^^^^^^^^^^^^^^^^^^^^^^^^^^^^^^^^^^^^^^^^^^^^^^^^^^^^^^^^^^^^^^^^^^
TypeError: 'NoneType' object is not callable
",raw\ornith__9b\v2_deterministic__CODE08__attempt02.json
ornith:9b,local,v2_deterministic,CODE09,network_error,,10,,9.092,,,,,a75697c145891910e312c95e4a9fc1ccb8653e5ef543b23b0403a4665b82fd91,network_error,0.0,,,1,"Traceback (most recent call last):
  File ""C:\WINDOWS\TEMP\v2_code_loqftjg1\harness.py"", line 4, in <module>
    assert fn(*('abcdef', 4, 1)) == ['abcd', 'def', 'f']
           ^^^^^^^^^^^^^^^^^^^^^
TypeError: 'NoneType' object is not callable
",raw\ornith__9b\v2_deterministic__CODE09__attempt02.json
ornith:9b,local,v2_deterministic,CODE10,network_error,,10,,9.127,,,,,a75697c145891910e312c95e4a9fc1ccb8653e5ef543b23b0403a4665b82fd91,network_error,0.0,,,1,"Traceback (most recent call last):
  File ""C:\WINDOWS\TEMP\v2_code_14htnilx\harness.py"", line 4, in <module>
    assert fn(*('([{}])',)) == True
           ^^^^^^^^^^^^^^^^
TypeError: 'NoneType' object is not callable
",raw\ornith__9b\v2_deterministic__CODE10__attempt02.json
phi4-mini-reasoning:latest,local,v2_deterministic,CODE01,syntax_error,,10,,13.891,0.303,,,,3ca8c2865ce91b6be853a25e56edfefa4f473db55a391611989b753ecf0fa419,syntax_error,,,,0,"invalid character '，' (U+FF0C) (<unknown>, line 3)",raw\phi4-mini-reasoning__latest\v2_deterministic__CODE01__attempt02.json
phi4-mini-reasoning:latest,local,v2_deterministic,CODE02,network_error,,10,,9.12,,,,,3ca8c2865ce91b6be853a25e56edfefa4f473db55a391611989b753ecf0fa419,network_error,0.0,,,1,"Traceback (most recent call last):
  File ""C:\WINDOWS\TEMP\v2_code_6t7n6int\harness.py"", line 4, in <module>
    assert fn(*([[1, 3], [2, 6], [8, 10], [10, 12]],)) == [[1, 6], [8, 12]]
           ^^^^^^^^^^^^^^^^^^^^^^^^^^^^^^^^^^^^^^^^^^^
TypeError: 'NoneType' object is not callable
",raw\phi4-mini-reasoning__latest\v2_deterministic__CODE02__attempt02.json
phi4-mini-reasoning:latest,local,v2_deterministic,CODE03,network_error,,10,,9.11,,,,,3ca8c2865ce91b6be853a25e56edfefa4f473db55a391611989b753ecf0fa419,network_error,0.0,,,1,"Traceback (most recent call last):
  File ""C:\WINDOWS\TEMP\v2_code_ega6iu1d\harness.py"", line 4, in <module>
    assert fn(*([1, 2, 2, 2, 5], 2)) == 1
           ^^^^^^^^^^^^^^^^^^^^^^^^^
TypeError: 'NoneType' object is not callable
",raw\phi4-mini-reasoning__latest\v2_deterministic__CODE03__attempt02.json
phi4-mini-reasoning:latest,local,v2_deterministic,CODE04,network_error,,10,,9.124,,,,,3ca8c2865ce91b6be853a25e56edfefa4f473db55a391611989b753ecf0fa419,network_error,0.0,,,1,"Traceback (most recent call last):
  File ""C:\WINDOWS\TEMP\v2_code_jqy7h1yo\harness.py"", line 4, in <module>
    assert fn(*(['[INFO] ok', '[WARN] x', 'bad', '[ERROR] y', '[DEBUG] z'],)) == {'INFO': 1, 'WARN': 1, 'ERROR': 1}
           ^^^^^^^^^^^^^^^^^^^^^^^^^^^^^^^^^^^^^^^^^^^^^^^^^^^^^^^^^^^^^^^^^^
TypeError: 'NoneType' object is not callable
",raw\phi4-mini-reasoning__latest\v2_deterministic__CODE04__attempt02.json
phi4-mini-reasoning:latest,local,v2_deterministic,CODE05,network_error,,10,,9.156,,,,,3ca8c2865ce91b6be853a25e56edfefa4f473db55a391611989b753ecf0fa419,network_error,0.0,,,1,"Traceback (most recent call last):
  File ""C:\WINDOWS\TEMP\v2_code_3icg9t3o\harness.py"", line 4, in <module>
    assert fn(*([{'id': 1, 'x': 1}, {'id': 1, 'x': 2}, {'x': 3}],)) == [{'id': 1, 'x': 1}, {'x': 3}]
           ^^^^^^^^^^^^^^^^^^^^^^^^^^^^^^^^^^^^^^^^^^^^^^^^^^^^^^^^
TypeError: 'NoneType' object is not callable
",raw\phi4-mini-reasoning__latest\v2_deterministic__CODE05__attempt02.json
phi4-mini-reasoning:latest,local,v2_deterministic,CODE06,network_error,,10,,9.146,,,,,3ca8c2865ce91b6be853a25e56edfefa4f473db55a391611989b753ecf0fa419,network_error,0.0,,,1,"Traceback (most recent call last):
  File ""C:\WINDOWS\TEMP\v2_code_ax_ftuyk\harness.py"", line 4, in <module>
    assert fn(*(['a', 'b', 'c'], [['a', 'b'], ['a', 'c']])) == ['a', 'b', 'c']
           ^^^^^^^^^^^^^^^^^^^^^^^^^^^^^^^^^^^^^^^^^^^^^^^^
TypeError: 'NoneType' object is not callable
",raw\phi4-mini-reasoning__latest\v2_deterministic__CODE06__attempt02.json
phi4-mini-reasoning:latest,local,v2_deterministic,CODE07,network_error,,10,,9.108,,,,,3ca8c2865ce91b6be853a25e56edfefa4f473db55a391611989b753ecf0fa419,network_error,0.0,,,1,"Traceback (most recent call last):
  File ""C:\WINDOWS\TEMP\v2_code_v5krmbmy\harness.py"", line 4, in <module>
    assert fn(*([1, 3, -1, -3, 5, 3, 6, 7], 3)) == [3, 3, 5, 6, 7]
           ^^^^^^^^^^^^^^^^^^^^^^^^^^^^^^^^^^^^
TypeError: 'NoneType' object is not callable
",raw\phi4-mini-reasoning__latest\v2_deterministic__CODE07__attempt02.json
phi4-mini-reasoning:latest,local,v2_deterministic,CODE08,network_error,,10,,9.118,,,,,3ca8c2865ce91b6be853a25e56edfefa4f473db55a391611989b753ecf0fa419,network_error,0.0,,,1,"Traceback (most recent call last):
  File ""C:\WINDOWS\TEMP\v2_code_79qomrb5\harness.py"", line 4, in <module>
    assert fn(*([{'customer': 'B', 'amount_cents': 2}, {'customer': 'A', 'amount_cents': 3}, {'customer': 'B', 'amount_cents': 4}],)) == [('A', 3), ('B', 6)]
           ^^^^^^^^^^^^^^^^^^^^^^^^^^^^^^^^^^^^^^^^^^^^^^^^^^^^^^^^^^^^^^^^^^^^^^^^^^^^^^^^^^^^^^^^^^^^^^^^^^^^^^^^^^^^^^^^^^^^^^^^^^
TypeError: 'NoneType' object is not callable
",raw\phi4-mini-reasoning__latest\v2_deterministic__CODE08__attempt02.json
phi4-mini-reasoning:latest,local,v2_deterministic,CODE09,network_error,,10,,9.12,,,,,3ca8c2865ce91b6be853a25e56edfefa4f473db55a391611989b753ecf0fa419,network_error,0.0,,,1,"Traceback (most recent call last):
  File ""C:\WINDOWS\TEMP\v2_code_j4phytbg\harness.py"", line 4, in <module>
    assert fn(*('abcdef', 4, 1)) == ['abcd', 'def', 'f']
           ^^^^^^^^^^^^^^^^^^^^^
TypeError: 'NoneType' object is not callable
",raw\phi4-mini-reasoning__latest\v2_deterministic__CODE09__attempt02.json
phi4-mini-reasoning:latest,local,v2_deterministic,CODE10,network_error,,10,,9.134,,,,,3ca8c2865ce91b6be853a25e56edfefa4f473db55a391611989b753ecf0fa419,network_error,0.0,,,1,"Traceback (most recent call last):
  File ""C:\WINDOWS\TEMP\v2_code_mgdc9d_0\harness.py"", line 4, in <module>
    assert fn(*('([{}])',)) == True
           ^^^^^^^^^^^^^^^^
TypeError: 'NoneType' object is not callable
",raw\phi4-mini-reasoning__latest\v2_deterministic__CODE10__attempt02.json
phi4-mini:latest,local,v2_deterministic,CODE01,syntax_error,,10,,2.644,0.251,61,193,80.761,78fad5d182a7c33065e153a5f8ba210754207ba9d91973f57dffa7f487363753,syntax_error,,,,0,"'(' was never closed (<unknown>, line 12)",raw\phi4-mini__latest\v2_deterministic__CODE01__attempt02.json
phi4-mini:latest,local,v2_deterministic,CODE02,syntax_error,,10,,2.57,0.26,48,188,81.428,78fad5d182a7c33065e153a5f8ba210754207ba9d91973f57dffa7f487363753,syntax_error,,,,0,"'(' was never closed (<unknown>, line 14)",raw\phi4-mini__latest\v2_deterministic__CODE02__attempt02.json
phi4-mini:latest,local,v2_deterministic,CODE03,completed,5.0,10,0.5,1.483,0.247,50,101,81.862,78fad5d182a7c33065e153a5f8ba210754207ba9d91973f57dffa7f487363753,completed,5.0,,,0,plain_code; policy passed; 1/2 hidden cases,raw\phi4-mini__latest\v2_deterministic__CODE03__attempt02.json
phi4-mini:latest,local,v2_deterministic,CODE04,unsafe_code_detected,,10,,3.39,0.263,55,253,80.971,78fad5d182a7c33065e153a5f8ba210754207ba9d91973f57dffa7f487363753,unsafe_code_detected,,,,0,attribute blocked,raw\phi4-mini__latest\v2_deterministic__CODE04__attempt02.json
phi4-mini:latest,local,v2_deterministic,CODE05,completed,10.0,10,1.0,3.368,0.271,54,239,77.44,78fad5d182a7c33065e153a5f8ba210754207ba9d91973f57dffa7f487363753,completed,10.0,,,0,plain_code; policy passed; 1/1 hidden cases,raw\phi4-mini__latest\v2_deterministic__CODE05__attempt02.json
phi4-mini:latest,local,v2_deterministic,CODE06,runtime_error,0.0,10,0.0,7.428,1.28,52,383,62.423,78fad5d182a7c33065e153a5f8ba210754207ba9d91973f57dffa7f487363753,runtime_error,0.0,,,0,"plain_code; policy passed; Traceback (most recent call last):
  File ""C:\WINDOWS\TEMP\v2_code_l68h7fjm\harness.py"", line 47, in <module>
    print(topological_order(tasks, dependencies))  # Output: [] due to the cycle or missing task
          ^^^^^^^^^^^^^^^^^^^^^^^^^^^^^^^^^^^^^^
  File ""C:\WINDOWS\TEMP\v2_code_l68h7fjm\harness.py"", line 35, in topological_order
    if topological_sort_util(task, visited, stack, in_process, graph, result) == True:
       ^^^^^^^^^^^^^^^^^^^^^^^^^^^^^^^^^^^^^^^^^^^^^^^^^^^^^^^^^^^^^^^^^^",raw\phi4-mini__latest\v2_deterministic__CODE06__attempt02.json
phi4-mini:latest,local,v2_deterministic,CODE07,syntax_error,,10,,4.788,1.29,47,246,70.358,78fad5d182a7c33065e153a5f8ba210754207ba9d91973f57dffa7f487363753,syntax_error,,,,0,"closing parenthesis ')' does not match opening parenthesis '[' (<unknown>, line 11)",raw\phi4-mini__latest\v2_deterministic__CODE07__attempt02.json
phi4-mini:latest,local,v2_deterministic,CODE08,runtime_error,0.0,10,0.0,6.926,0.274,52,453,68.153,78fad5d182a7c33065e153a5f8ba210754207ba9d91973f57dffa7f487363753,syntax_error,,,,0,"fenced_code_extracted; policy passed; Traceback (most recent call last):
  File ""C:\WINDOWS\TEMP\v2_code_k2hftwc3\harness.py"", line 4, in <module>
    assert fn(*([{'customer': 'B', 'amount_cents': 2}, {'customer': 'A', 'amount_cents': 3}, {'customer': 'B', 'amount_cents': 4}],)) == [('A', 3), ('B', 6)]
           ^^^^^^^^^^^^^^^^^^^^^^^^^^^^^^^^^^^^^^^^^^^^^^^^^^^^^^^^^^^^^^^^^^^^^^^^^^^^^^^^^^^^^^^^^^^^^^^^^^^^^^^^^^^^^^^^^^^^^^^^^^
TypeError: 'NoneType' object is not callable
",raw\phi4-mini__latest\v2_deterministic__CODE08__attempt02.json
phi4-mini:latest,local,v2_deterministic,CODE09,runtime_error,0.0,10,0.0,3.969,0.425,51,264,74.726,78fad5d182a7c33065e153a5f8ba210754207ba9d91973f57dffa7f487363753,runtime_error,0.0,,,0,"plain_code; policy passed; Traceback (most recent call last):
  File ""C:\WINDOWS\TEMP\v2_code_gjaaputu\harness.py"", line 34, in <module>
    assert fn(*('abcdef', 4, 1)) == ['abcd', 'def', 'f']
           ^^^^^^^^^^^^^^^^^^^^^^^^^^^^^^^^^^^^^^^^^^^^^
AssertionError
",raw\phi4-mini__latest\v2_deterministic__CODE09__attempt02.json
phi4-mini:latest,local,v2_deterministic,CODE10,syntax_error,,10,,8.017,1.034,43,448,64.189,78fad5d182a7c33065e153a5f8ba210754207ba9d91973f57dffa7f487363753,syntax_error,,,,0,"invalid character '！' (U+FF01) (<unknown>, line 1)",raw\phi4-mini__latest\v2_deterministic__CODE10__attempt02.json
rnj-1:latest,local,v2_deterministic,CODE01,runtime_error,0.0,10,0.0,4.824,0.716,87,115,28.004,d20e29ab8d0f11423b1e8da33764c8bdafc1d0abbb9971f68edd0f6d4176435f,syntax_error,,,,0,"fenced_code_extracted; policy passed; Traceback (most recent call last):
  File ""C:\WINDOWS\TEMP\v2_code_usjjynl5\harness.py"", line 17, in <module>
    assert fn(*('b a c b c c', 3)) == [('c', 3), ('a', 1), ('b', 2)]
           ^^^^^^^^^^^^^^^^^^^^^^^^^^^^^^^^^^^^^^^^^^^^^^^^^^^^^^^^^
AssertionError
",raw\rnj-1__latest\v2_deterministic__CODE01__attempt02.json
rnj-1:latest,local,v2_deterministic,CODE02,runtime_error,0.0,10,0.0,5.936,0.688,72,147,28.022,d20e29ab8d0f11423b1e8da33764c8bdafc1d0abbb9971f68edd0f6d4176435f,syntax_error,,,,0,"fenced_code_extracted; policy passed; Traceback (most recent call last):
  File ""C:\WINDOWS\TEMP\v2_code_kc76k97n\harness.py"", line 24, in <module>
    assert fn(*([[1, 3], [2, 6], [8, 10], [10, 12]],)) == [[1, 6], [8, 12]]
           ^^^^^^^^^^^^^^^^^^^^^^^^^^^^^^^^^^^^^^^^^^^^^^^^^^^^^^^^^^^^^^^^
AssertionError
",raw\rnj-1__latest\v2_deterministic__CODE02__attempt02.json
rnj-1:latest,local,v2_deterministic,CODE03,completed,5.0,10,0.5,4.65,0.672,76,112,28.172,d20e29ab8d0f11423b1e8da33764c8bdafc1d0abbb9971f68edd0f6d4176435f,syntax_error,,,,0,fenced_code_extracted; policy passed; 1/2 hidden cases,raw\rnj-1__latest\v2_deterministic__CODE03__attempt02.json
rnj-1:latest,local,v2_deterministic,CODE04,completed,10.0,10,1.0,6.069,0.704,81,151,28.152,d20e29ab8d0f11423b1e8da33764c8bdafc1d0abbb9971f68edd0f6d4176435f,syntax_error,,,,0,fenced_code_extracted; policy passed; 1/1 hidden cases,raw\rnj-1__latest\v2_deterministic__CODE04__attempt02.json
rnj-1:latest,local,v2_deterministic,CODE05,completed,10.0,10,1.0,3.185,0.718,81,70,28.395,d20e29ab8d0f11423b1e8da33764c8bdafc1d0abbb9971f68edd0f6d4176435f,syntax_error,,,,0,fenced_code_extracted; policy passed; 1/1 hidden cases,raw\rnj-1__latest\v2_deterministic__CODE05__attempt02.json
rnj-1:latest,local,v2_deterministic,CODE06,completed,5.0,10,0.5,7.844,0.689,78,200,27.96,d20e29ab8d0f11423b1e8da33764c8bdafc1d0abbb9971f68edd0f6d4176435f,syntax_error,,,,0,fenced_code_extracted; policy passed; 1/2 hidden cases,raw\rnj-1__latest\v2_deterministic__CODE06__attempt02.json
rnj-1:latest,local,v2_deterministic,CODE07,runtime_error,0.0,10,0.0,8.109,0.691,74,207,27.912,d20e29ab8d0f11423b1e8da33764c8bdafc1d0abbb9971f68edd0f6d4176435f,syntax_error,,,,0,"fenced_code_extracted; policy passed; Traceback (most recent call last):
  File ""C:\WINDOWS\TEMP\v2_code_4rbv6se0\harness.py"", line 33, in <module>
    assert fn(*([1, 3, -1, -3, 5, 3, 6, 7], 3)) == [3, 3, 5, 6, 7]
           ^^^^^^^^^^^^^^^^^^^^^^^^^^^^^^^^^^^^^^^^^^^^^^^^^^^^^^^
AssertionError
",raw\rnj-1__latest\v2_deterministic__CODE07__attempt02.json
rnj-1:latest,local,v2_deterministic,CODE08,runtime_error,0.0,10,0.0,6.41,0.695,78,160,28.004,d20e29ab8d0f11423b1e8da33764c8bdafc1d0abbb9971f68edd0f6d4176435f,syntax_error,,,,0,"fenced_code_extracted; policy passed; Traceback (most recent call last):
  File ""C:\WINDOWS\TEMP\v2_code_05p3m02u\harness.py"", line 27, in <module>
    assert fn(*([{'customer': 'B', 'amount_cents': 2}, {'customer': 'A', 'amount_cents': 3}, {'customer': 'B', 'amount_cents': 4}],)) == [('A', 3), ('B', 6)]
           ^^^^^^^^^^^^^^^^^^^^^^^^^^^^^^^^^^^^^^^^^^^^^^^^^^^^^^^^^^^^^^^^^^^^^^^^^^^^^^^^^^^^^^^^^^^^^^^^^^^^^^^^^^^^^^^^^^^^^^^^^^^^^^^^^^^^^^^^^^^^^^^^^^
AssertionError
",raw\rnj-1__latest\v2_deterministic__CODE08__attempt02.json
rnj-1:latest,local,v2_deterministic,CODE09,runtime_error,0.0,10,0.0,6.36,0.684,76,159,28.027,d20e29ab8d0f11423b1e8da33764c8bdafc1d0abbb9971f68edd0f6d4176435f,syntax_error,,,,0,"fenced_code_extracted; policy passed; Traceback (most recent call last):
  File ""C:\WINDOWS\TEMP\v2_code_o5i6iwfs\harness.py"", line 19, in <module>
    assert fn(*('abcdef', 4, 1)) == ['abcd', 'def', 'f']
           ^^^^^^^^^^^^^^^^^^^^^^^^^^^^^^^^^^^^^^^^^^^^^
AssertionError
",raw\rnj-1__latest\v2_deterministic__CODE09__attempt02.json
rnj-1:latest,local,v2_deterministic,CODE10,completed,3.333333333333333,10,0.3333,5.262,0.665,69,129,28.075,d20e29ab8d0f11423b1e8da33764c8bdafc1d0abbb9971f68edd0f6d4176435f,syntax_error,,,,0,fenced_code_extracted; policy passed; 1/3 hidden cases,raw\rnj-1__latest\v2_deterministic__CODE10__attempt02.json
smollm2:1.7b,local,v2_deterministic,CODE01,network_error,,10,,9.112,,,,,cef4a1e09247f018ca0c482ad4c2ce1474aba5e87f245dacf97f07948d05d8b4,network_error,0.0,,,1,"Traceback (most recent call last):
  File ""C:\WINDOWS\TEMP\v2_code_ya95e38x\harness.py"", line 4, in <module>
    assert fn(*('Apple banana apple, BANANA! pear.', 2)) == [('apple', 2), ('banana', 2)]
           ^^^^^^^^^^^^^^^^^^^^^^^^^^^^^^^^^^^^^^^^^^^^^
TypeError: 'NoneType' object is not callable
",raw\smollm2__1.7b\v2_deterministic__CODE01__attempt02.json
smollm2:1.7b,local,v2_deterministic,CODE02,network_error,,10,,9.099,,,,,cef4a1e09247f018ca0c482ad4c2ce1474aba5e87f245dacf97f07948d05d8b4,network_error,0.0,,,1,"Traceback (most recent call last):
  File ""C:\WINDOWS\TEMP\v2_code_b5q4xz5q\harness.py"", line 4, in <module>
    assert fn(*([[1, 3], [2, 6], [8, 10], [10, 12]],)) == [[1, 6], [8, 12]]
           ^^^^^^^^^^^^^^^^^^^^^^^^^^^^^^^^^^^^^^^^^^^
TypeError: 'NoneType' object is not callable
",raw\smollm2__1.7b\v2_deterministic__CODE02__attempt02.json
smollm2:1.7b,local,v2_deterministic,CODE03,network_error,,10,,9.116,,,,,cef4a1e09247f018ca0c482ad4c2ce1474aba5e87f245dacf97f07948d05d8b4,network_error,0.0,,,1,"Traceback (most recent call last):
  File ""C:\WINDOWS\TEMP\v2_code_63y15lch\harness.py"", line 4, in <module>
    assert fn(*([1, 2, 2, 2, 5], 2)) == 1
           ^^^^^^^^^^^^^^^^^^^^^^^^^
TypeError: 'NoneType' object is not callable
",raw\smollm2__1.7b\v2_deterministic__CODE03__attempt02.json
smollm2:1.7b,local,v2_deterministic,CODE04,network_error,,10,,9.123,,,,,cef4a1e09247f018ca0c482ad4c2ce1474aba5e87f245dacf97f07948d05d8b4,network_error,0.0,,,1,"Traceback (most recent call last):
  File ""C:\WINDOWS\TEMP\v2_code_t9iwjgo5\harness.py"", line 4, in <module>
    assert fn(*(['[INFO] ok', '[WARN] x', 'bad', '[ERROR] y', '[DEBUG] z'],)) == {'INFO': 1, 'WARN': 1, 'ERROR': 1}
           ^^^^^^^^^^^^^^^^^^^^^^^^^^^^^^^^^^^^^^^^^^^^^^^^^^^^^^^^^^^^^^^^^^
TypeError: 'NoneType' object is not callable
",raw\smollm2__1.7b\v2_deterministic__CODE04__attempt02.json
smollm2:1.7b,local,v2_deterministic,CODE05,network_error,,10,,9.142,,,,,cef4a1e09247f018ca0c482ad4c2ce1474aba5e87f245dacf97f07948d05d8b4,network_error,0.0,,,1,"Traceback (most recent call last):
  File ""C:\WINDOWS\TEMP\v2_code_fpbi9qye\harness.py"", line 4, in <module>
    assert fn(*([{'id': 1, 'x': 1}, {'id': 1, 'x': 2}, {'x': 3}],)) == [{'id': 1, 'x': 1}, {'x': 3}]
           ^^^^^^^^^^^^^^^^^^^^^^^^^^^^^^^^^^^^^^^^^^^^^^^^^^^^^^^^
TypeError: 'NoneType' object is not callable
",raw\smollm2__1.7b\v2_deterministic__CODE05__attempt02.json
smollm2:1.7b,local,v2_deterministic,CODE06,network_error,,10,,9.123,,,,,cef4a1e09247f018ca0c482ad4c2ce1474aba5e87f245dacf97f07948d05d8b4,network_error,0.0,,,1,"Traceback (most recent call last):
  File ""C:\WINDOWS\TEMP\v2_code_dcz1lfy0\harness.py"", line 4, in <module>
    assert fn(*(['a', 'b', 'c'], [['a', 'b'], ['a', 'c']])) == ['a', 'b', 'c']
           ^^^^^^^^^^^^^^^^^^^^^^^^^^^^^^^^^^^^^^^^^^^^^^^^
TypeError: 'NoneType' object is not callable
",raw\smollm2__1.7b\v2_deterministic__CODE06__attempt02.json
smollm2:1.7b,local,v2_deterministic,CODE07,network_error,,10,,9.156,,,,,cef4a1e09247f018ca0c482ad4c2ce1474aba5e87f245dacf97f07948d05d8b4,network_error,0.0,,,1,"Traceback (most recent call last):
  File ""C:\WINDOWS\TEMP\v2_code_i7ch4j7c\harness.py"", line 4, in <module>
    assert fn(*([1, 3, -1, -3, 5, 3, 6, 7], 3)) == [3, 3, 5, 6, 7]
           ^^^^^^^^^^^^^^^^^^^^^^^^^^^^^^^^^^^^
TypeError: 'NoneType' object is not callable
",raw\smollm2__1.7b\v2_deterministic__CODE07__attempt02.json
smollm2:1.7b,local,v2_deterministic,CODE08,network_error,,10,,9.132,,,,,cef4a1e09247f018ca0c482ad4c2ce1474aba5e87f245dacf97f07948d05d8b4,network_error,0.0,,,1,"Traceback (most recent call last):
  File ""C:\WINDOWS\TEMP\v2_code_koen36gh\harness.py"", line 4, in <module>
    assert fn(*([{'customer': 'B', 'amount_cents': 2}, {'customer': 'A', 'amount_cents': 3}, {'customer': 'B', 'amount_cents': 4}],)) == [('A', 3), ('B', 6)]
           ^^^^^^^^^^^^^^^^^^^^^^^^^^^^^^^^^^^^^^^^^^^^^^^^^^^^^^^^^^^^^^^^^^^^^^^^^^^^^^^^^^^^^^^^^^^^^^^^^^^^^^^^^^^^^^^^^^^^^^^^^^
TypeError: 'NoneType' object is not callable
",raw\smollm2__1.7b\v2_deterministic__CODE08__attempt02.json
smollm2:1.7b,local,v2_deterministic,CODE09,network_error,,10,,9.111,,,,,cef4a1e09247f018ca0c482ad4c2ce1474aba5e87f245dacf97f07948d05d8b4,network_error,0.0,,,1,"Traceback (most recent call last):
  File ""C:\WINDOWS\TEMP\v2_code_ksuv1rt8\harness.py"", line 4, in <module>
    assert fn(*('abcdef', 4, 1)) == ['abcd', 'def', 'f']
           ^^^^^^^^^^^^^^^^^^^^^
TypeError: 'NoneType' object is not callable
",raw\smollm2__1.7b\v2_deterministic__CODE09__attempt02.json
smollm2:1.7b,local,v2_deterministic,CODE10,network_error,,10,,9.13,,,,,cef4a1e09247f018ca0c482ad4c2ce1474aba5e87f245dacf97f07948d05d8b4,network_error,0.0,,,1,"Traceback (most recent call last):
  File ""C:\WINDOWS\TEMP\v2_code_9ljusad7\harness.py"", line 4, in <module>
    assert fn(*('([{}])',)) == True
           ^^^^^^^^^^^^^^^^
TypeError: 'NoneType' object is not callable
",raw\smollm2__1.7b\v2_deterministic__CODE10__attempt02.json
starcoder2:7b,local,v2_deterministic,CODE01,unsafe_code_detected,,10,,45.581,0.226,71,2371,52.283,1550ab21b10d3b3a53bcb13e628f3de773d9dbabe814d2315e5c0d8b9f3ef7e6,syntax_error,,,,0,"invalid syntax (<unknown>, line 20)",raw\starcoder2__7b\v2_deterministic__CODE01__attempt02.json
starcoder2:7b,local,v2_deterministic,CODE02,policy_rejected,,10,,65.801,0.166,54,3397,51.763,1550ab21b10d3b3a53bcb13e628f3de773d9dbabe814d2315e5c0d8b9f3ef7e6,policy_rejected,,,,0,top-level statement blocked,raw\starcoder2__7b\v2_deterministic__CODE02__attempt02.json
starcoder2:7b,local,v2_deterministic,CODE03,syntax_error,,10,,2.939,0.192,59,149,54.272,1550ab21b10d3b3a53bcb13e628f3de773d9dbabe814d2315e5c0d8b9f3ef7e6,syntax_error,,,,0,"invalid character '，' (U+FF0C) (<unknown>, line 13)",raw\starcoder2__7b\v2_deterministic__CODE03__attempt02.json
starcoder2:7b,local,v2_deterministic,CODE04,syntax_error,,10,,79.906,0.121,66,4096,51.344,1550ab21b10d3b3a53bcb13e628f3de773d9dbabe814d2315e5c0d8b9f3ef7e6,truncated,0,,,0,"invalid syntax (<unknown>, line 20)",raw\starcoder2__7b\v2_deterministic__CODE04__attempt02.json
starcoder2:7b,local,v2_deterministic,CODE05,syntax_error,,10,,80.018,0.218,63,4096,51.335,1550ab21b10d3b3a53bcb13e628f3de773d9dbabe814d2315e5c0d8b9f3ef7e6,truncated,0,,,0,"'{' was never closed (<unknown>, line 506)",raw\starcoder2__7b\v2_deterministic__CODE05__attempt02.json
starcoder2:7b,local,v2_deterministic,CODE06,syntax_error,,10,,79.888,0.204,61,4096,51.41,1550ab21b10d3b3a53bcb13e628f3de773d9dbabe814d2315e5c0d8b9f3ef7e6,truncated,0,,,0,"'(' was never closed (<unknown>, line 636)",raw\starcoder2__7b\v2_deterministic__CODE06__attempt02.json
starcoder2:7b,local,v2_deterministic,CODE07,policy_rejected,,10,,79.937,0.197,57,4096,51.373,1550ab21b10d3b3a53bcb13e628f3de773d9dbabe814d2315e5c0d8b9f3ef7e6,truncated,0,,,0,top-level statement blocked,raw\starcoder2__7b\v2_deterministic__CODE07__attempt02.json
starcoder2:7b,local,v2_deterministic,CODE08,runtime_error,0.0,10,0.0,79.996,0.201,60,4096,51.338,1550ab21b10d3b3a53bcb13e628f3de773d9dbabe814d2315e5c0d8b9f3ef7e6,truncated,0,,,0,"fenced_code_extracted; policy passed; Traceback (most recent call last):
  File ""C:\WINDOWS\TEMP\v2_code_1dh4sq9p\harness.py"", line 6, in <module>
    assert fn(*([{'customer': 'B', 'amount_cents': 2}, {'customer': 'A', 'amount_cents': 3}, {'customer': 'B', 'amount_cents': 4}],)) == [('A', 3), ('B', 6)]
           ^^^^^^^^^^^^^^^^^^^^^^^^^^^^^^^^^^^^^^^^^^^^^^^^^^^^^^^^^^^^^^^^^^^^^^^^^^^^^^^^^^^^^^^^^^^^^^^^^^^^^^^^^^^^^^^^^^^^^^^^^^^^^^^^^^^^^^^^^^^^^^^^^^
AssertionError
",raw\starcoder2__7b\v2_deterministic__CODE08__attempt02.json
starcoder2:7b,local,v2_deterministic,CODE09,syntax_error,,10,,79.972,0.202,57,4096,51.353,1550ab21b10d3b3a53bcb13e628f3de773d9dbabe814d2315e5c0d8b9f3ef7e6,truncated,0,,,0,"unterminated triple-quoted string literal (detected at line 536) (<unknown>, line 533)",raw\starcoder2__7b\v2_deterministic__CODE09__attempt02.json
starcoder2:7b,local,v2_deterministic,CODE10,syntax_error,,10,,2.288,0.209,54,113,54.391,1550ab21b10d3b3a53bcb13e628f3de773d9dbabe814d2315e5c0d8b9f3ef7e6,syntax_error,,,,0,"invalid character '，' (U+FF0C) (<unknown>, line 7)",raw\starcoder2__7b\v2_deterministic__CODE10__attempt02.json
