model,digest,profile,task_id,prompt_hash,selected_execution_attempt,selected_status,attempt_count,retry_exhausted
deepscaler:1.5b,0031bcf7459f9405e9ae68b522c3fb791ad64814eff25dbec007435d837977e6,reasoning_extended,RSN01,628e78ef737745fb5557c606a30b66302f21073ce08347b704ce4061000c8b67,1,network_error,1,0
deepscaler:1.5b,0031bcf7459f9405e9ae68b522c3fb791ad64814eff25dbec007435d837977e6,reasoning_extended,RSN02,675e2757d3419d3809b6da58309a9f12a38320e26607c24d574fdf30d2607ec6,1,network_error,1,0
deepscaler:1.5b,0031bcf7459f9405e9ae68b522c3fb791ad64814eff25dbec007435d837977e6,reasoning_extended,RSN03,182012728ae306a733a56d95c3201c61e53f8372e0a2c3e65534e598b95a2b9c,1,network_error,1,0
deepscaler:1.5b,0031bcf7459f9405e9ae68b522c3fb791ad64814eff25dbec007435d837977e6,reasoning_extended,RSN04,e2265549dfde6391abd439ef9fe3d8b0e7556b75ffea078f2655ce69f9e023b9,1,network_error,1,0
deepscaler:1.5b,0031bcf7459f9405e9ae68b522c3fb791ad64814eff25dbec007435d837977e6,reasoning_extended,RSN05,86a73bef82149c5854cc9e1b5712f6b4ec804728c831f565d55ac4f4ffa7ad6a,1,network_error,1,0
deepscaler:1.5b,0031bcf7459f9405e9ae68b522c3fb791ad64814eff25dbec007435d837977e6,reasoning_extended,RSN06,c754b9e7052124fe11e28629f5b42d792d6a35d0c51d6c3d62484b21b93a4ae7,1,network_error,1,0
deepscaler:1.5b,0031bcf7459f9405e9ae68b522c3fb791ad64814eff25dbec007435d837977e6,reasoning_extended,RSN07,de768c557bec5df8affd4152dea159695c0c3c65e18d796cdd4ce0cbf7b48656,1,network_error,1,0
deepscaler:1.5b,0031bcf7459f9405e9ae68b522c3fb791ad64814eff25dbec007435d837977e6,reasoning_extended,RSN08,961aa43057f176406d95ca3705c2fdea73202d4b3c68a37d8cc827e9e5eee70f,1,network_error,1,0
deepscaler:1.5b,0031bcf7459f9405e9ae68b522c3fb791ad64814eff25dbec007435d837977e6,reasoning_extended,RSN09,d29f7121a2177bc2c67661d94741905793c99cf2890a9e54e1f33c7c23d63669,1,network_error,1,0
deepscaler:1.5b,0031bcf7459f9405e9ae68b522c3fb791ad64814eff25dbec007435d837977e6,reasoning_extended,RSN10,e5c78d60e435d2ccdfc13bbb80fc3bba85ddcae5c8bd3e6965385df5842fce38,1,network_error,1,0
deepscaler:1.5b,0031bcf7459f9405e9ae68b522c3fb791ad64814eff25dbec007435d837977e6,reasoning_native,RSN01_native,5bee3657d213c491618572644b88f1e49b52228af489e539702f4c4fb40430d0,1,network_error,1,0
deepscaler:1.5b,0031bcf7459f9405e9ae68b522c3fb791ad64814eff25dbec007435d837977e6,reasoning_native,RSN02_native,40a32ac1c67a8f7010da1f13c8f81cb06c9953aebcf22cbc5bf7536ecfe25dbd,1,network_error,1,0
deepscaler:1.5b,0031bcf7459f9405e9ae68b522c3fb791ad64814eff25dbec007435d837977e6,reasoning_native,RSN03_native,dd615ee749b438963ad3715eb9ac7d1cfab0fd264a470eb09c814c13f5da6080,1,network_error,1,0
deepscaler:1.5b,0031bcf7459f9405e9ae68b522c3fb791ad64814eff25dbec007435d837977e6,reasoning_native,RSN04_native,bcc93f534fb7c7dacf0c7073c42049b825e09d14f614b6e8ab8cd3c1843a5c79,1,network_error,1,0
deepscaler:1.5b,0031bcf7459f9405e9ae68b522c3fb791ad64814eff25dbec007435d837977e6,reasoning_native,RSN05_native,70bf8aca8ed8efa2c43eb6cf256161e19748f9023b42ba100608c98fb55faf5c,1,network_error,1,0
deepscaler:1.5b,0031bcf7459f9405e9ae68b522c3fb791ad64814eff25dbec007435d837977e6,reasoning_native,RSN06_native,c4ec23148e34cb66123ea37e06496b3a7b70de7e4a38dee35a83cdcd8f3e8bdf,1,network_error,1,0
deepscaler:1.5b,0031bcf7459f9405e9ae68b522c3fb791ad64814eff25dbec007435d837977e6,reasoning_native,RSN07_native,014c927c42888103ffeb6cf7791f0fd752a9368757da620dcd9b05d2bcabfeac,1,network_error,1,0
deepscaler:1.5b,0031bcf7459f9405e9ae68b522c3fb791ad64814eff25dbec007435d837977e6,reasoning_native,RSN08_native,bfeed8a78f50155b54990c783e798ab124251f8a38528f93fdd997720ac7d4aa,1,network_error,1,0
deepscaler:1.5b,0031bcf7459f9405e9ae68b522c3fb791ad64814eff25dbec007435d837977e6,reasoning_native,RSN09_native,5a00284c70f458949386a433eb154a4e66589c42a762559a683073be9fd0235e,1,network_error,1,0
deepscaler:1.5b,0031bcf7459f9405e9ae68b522c3fb791ad64814eff25dbec007435d837977e6,reasoning_native,RSN10_native,af7ef8b99525f206b7874b303816d1252cce5bd7197fe6648a5ba78a9bd6efa1,1,network_error,1,0
deepscaler:1.5b,0031bcf7459f9405e9ae68b522c3fb791ad64814eff25dbec007435d837977e6,v2_deterministic,CODE01,3a6ee053f316ac797eed83be7b511d932088853ce01f109c3a3d048762277fb7,2,syntax_error,2,0
deepscaler:1.5b,0031bcf7459f9405e9ae68b522c3fb791ad64814eff25dbec007435d837977e6,v2_deterministic,CODE02,7499e2260b2e423d47622f7a06875ba06e7550d12a493ae94b3374baa89bb127,2,truncated,2,0
deepscaler:1.5b,0031bcf7459f9405e9ae68b522c3fb791ad64814eff25dbec007435d837977e6,v2_deterministic,CODE03,78fa42595ce9312c77ef3397f4f95625e10003115b153900d9b20047d7234890,2,syntax_error,2,0
deepscaler:1.5b,0031bcf7459f9405e9ae68b522c3fb791ad64814eff25dbec007435d837977e6,v2_deterministic,CODE04,cbca68dc260d8f66dc2bd9244e1cdde7634672fdf81446239f5d8d18de488af9,2,syntax_error,2,0
deepscaler:1.5b,0031bcf7459f9405e9ae68b522c3fb791ad64814eff25dbec007435d837977e6,v2_deterministic,CODE05,915cc1c3562066f0272a964950a929036d538c65db95285acb47661c925bafce,2,syntax_error,2,0
deepscaler:1.5b,0031bcf7459f9405e9ae68b522c3fb791ad64814eff25dbec007435d837977e6,v2_deterministic,CODE06,3113278ebd1124f287fba61fb40b3c2e595434d0784c7956cb5581706b337405,2,truncated,2,0
deepscaler:1.5b,0031bcf7459f9405e9ae68b522c3fb791ad64814eff25dbec007435d837977e6,v2_deterministic,CODE07,8443ca250d7b0d1ce901412d358f43cfd8a8a809ed659b7528fdab053725683d,2,truncated,2,0
deepscaler:1.5b,0031bcf7459f9405e9ae68b522c3fb791ad64814eff25dbec007435d837977e6,v2_deterministic,CODE08,ea91a6e1088aa2bcca76c26bda0e3c024ced3c823e075354ba94a454ee186d0c,2,syntax_error,2,0
deepscaler:1.5b,0031bcf7459f9405e9ae68b522c3fb791ad64814eff25dbec007435d837977e6,v2_deterministic,CODE09,890539ef90e6d604e2ae66f258de22cd74432676d4b8d18809c45c1033a45148,2,truncated,2,0
deepscaler:1.5b,0031bcf7459f9405e9ae68b522c3fb791ad64814eff25dbec007435d837977e6,v2_deterministic,CODE10,e5cebee20c39db9b1160848a6803ca80c1537c1b4a574c9e9e4719787cf90147,2,timeout_absolute,2,0
deepscaler:1.5b,0031bcf7459f9405e9ae68b522c3fb791ad64814eff25dbec007435d837977e6,v2_deterministic,EXT01,23e19240d1c16e1536e57fdc92db3b04bbdec298a06ec10cd16e75e3dde97c80,1,completed,1,0
deepscaler:1.5b,0031bcf7459f9405e9ae68b522c3fb791ad64814eff25dbec007435d837977e6,v2_deterministic,EXT02,2323b07d42fd98286ddb9984b9ac5c9251a6c8ff1f6b1b882cc710ce7afa3423,1,completed,1,0
deepscaler:1.5b,0031bcf7459f9405e9ae68b522c3fb791ad64814eff25dbec007435d837977e6,v2_deterministic,EXT03,d4536434de6a476283fdf7f9bb5149792fcd7100010686be1b32c32b639a8164,1,completed,1,0
deepscaler:1.5b,0031bcf7459f9405e9ae68b522c3fb791ad64814eff25dbec007435d837977e6,v2_deterministic,EXT04,2b65a93427ac30657446eb9d1f893339bfb1cb91a0b8beaa93b00bfc0704a7be,1,completed,1,0
deepscaler:1.5b,0031bcf7459f9405e9ae68b522c3fb791ad64814eff25dbec007435d837977e6,v2_deterministic,EXT05,71cc333232fbc880386e7682fc34da712cb28c4909a2dd3d1b95841eb6cea300,1,completed,1,0
deepscaler:1.5b,0031bcf7459f9405e9ae68b522c3fb791ad64814eff25dbec007435d837977e6,v2_deterministic,FMT01,fdbd6ebc3c347a192a47b9bb70b303406405c83ee5c1a479aed4f8a338767e4e,1,completed,1,0
deepscaler:1.5b,0031bcf7459f9405e9ae68b522c3fb791ad64814eff25dbec007435d837977e6,v2_deterministic,FMT02,4c1b340a0b2f1246a3e3b2a0e1e473e56db8c986d00d37cdc56e768eb834a0ba,1,completed,1,0
deepscaler:1.5b,0031bcf7459f9405e9ae68b522c3fb791ad64814eff25dbec007435d837977e6,v2_deterministic,FMT03,8c5cb8101d228017c6d6c30d04bcea5c1d7c8e890c4c53fdbe9d6cbc518c917d,1,completed,1,0
deepscaler:1.5b,0031bcf7459f9405e9ae68b522c3fb791ad64814eff25dbec007435d837977e6,v2_deterministic,FMT04,ae17d134fae86bb3b43f8ecdd993f970ae92f959cd70e3fa8f7450147cd0d1a6,1,completed,1,0
deepscaler:1.5b,0031bcf7459f9405e9ae68b522c3fb791ad64814eff25dbec007435d837977e6,v2_deterministic,FMT05,19ccd3dd7a0ebb4e68aab027affd34cbf0d46ea9dbd9cd14e65acd196adb89d9,1,completed,1,0
deepscaler:1.5b,0031bcf7459f9405e9ae68b522c3fb791ad64814eff25dbec007435d837977e6,v2_deterministic,FMT06,0b6ff8dc1f3a46e82558eed7660effca9d56ddd36d9def40aae0b4c5096e74d5,1,completed,1,0
deepscaler:1.5b,0031bcf7459f9405e9ae68b522c3fb791ad64814eff25dbec007435d837977e6,v2_deterministic,INS01,92c2136115d03dede4233303cc97905c7a002fb88115ebd1db9de58140e8fb49,1,completed,1,0
deepscaler:1.5b,0031bcf7459f9405e9ae68b522c3fb791ad64814eff25dbec007435d837977e6,v2_deterministic,INS02,de26b497ebe5cb51709fa9fdc577123b003dfb2c353cbebac30e4f5bf93645ac,1,completed,1,0
deepscaler:1.5b,0031bcf7459f9405e9ae68b522c3fb791ad64814eff25dbec007435d837977e6,v2_deterministic,INS03,909b31c3c031bde154ec85239290ea75c8aa5c8d4da09a98d85ae882bf2d6a7a,1,completed,1,0
deepscaler:1.5b,0031bcf7459f9405e9ae68b522c3fb791ad64814eff25dbec007435d837977e6,v2_deterministic,INS04,91b900395e2ff58c0f3c5403a06cf8c0adb533f43b20e7b3a45edb7e97ff0d62,1,completed,1,0
deepscaler:1.5b,0031bcf7459f9405e9ae68b522c3fb791ad64814eff25dbec007435d837977e6,v2_deterministic,INS05,ca81b549c99bffc97ea38de7126bc30d0c517223dee1803bb0bd3f9c421b21a1,1,truncated,1,0
deepscaler:1.5b,0031bcf7459f9405e9ae68b522c3fb791ad64814eff25dbec007435d837977e6,v2_deterministic,INS06,b3d1ebb011b327f9f8291c39dc2b40c0df649eb4b272760e8711d0a79deb97dc,1,completed,1,0
deepscaler:1.5b,0031bcf7459f9405e9ae68b522c3fb791ad64814eff25dbec007435d837977e6,v2_deterministic,MTH01,91c1b555b1295b1908a12c94ac79f1717b1b9021e13f87188c2337ca13ff4dec,1,completed,1,0
deepscaler:1.5b,0031bcf7459f9405e9ae68b522c3fb791ad64814eff25dbec007435d837977e6,v2_deterministic,MTH02,8a8537aa1edfaa1ffd07a4365fe457f9a197932d51114368857ea86e42272598,1,completed,1,0
deepscaler:1.5b,0031bcf7459f9405e9ae68b522c3fb791ad64814eff25dbec007435d837977e6,v2_deterministic,MTH03,217987bbf14051d433e3b29bc12807a016ec143004b82a3f9cbaeebbaa5985e1,1,completed,1,0
deepscaler:1.5b,0031bcf7459f9405e9ae68b522c3fb791ad64814eff25dbec007435d837977e6,v2_deterministic,MTH04,08979b2f33d1572d9db33e681685a5fc0c0e543342c412493ae9cc6bd88cc57a,1,completed,1,0
deepscaler:1.5b,0031bcf7459f9405e9ae68b522c3fb791ad64814eff25dbec007435d837977e6,v2_deterministic,MTH05,b4fa1e40b3b9684a1d2bb88676eda07383da0b57ae6824f17d843fe6d23ab09c,1,completed,1,0
deepscaler:1.5b,0031bcf7459f9405e9ae68b522c3fb791ad64814eff25dbec007435d837977e6,v2_deterministic,MTH06,8c2f6233a641c83c0994257b8c0fc1713213b00107981e82ec546653fbd48e9a,1,completed,1,0
deepscaler:1.5b,0031bcf7459f9405e9ae68b522c3fb791ad64814eff25dbec007435d837977e6,v2_deterministic,MTH07,77372f8353bd9037cf06cd16f704161fb6e710c2633b44b017de15fb2d6014ba,1,truncated,1,0
deepscaler:1.5b,0031bcf7459f9405e9ae68b522c3fb791ad64814eff25dbec007435d837977e6,v2_deterministic,MTH08,f99ba77cfd0638441528507cede31698b3f441917476c11add1ce33a9657d833,1,completed,1,0
deepscaler:1.5b,0031bcf7459f9405e9ae68b522c3fb791ad64814eff25dbec007435d837977e6,v2_deterministic,PLAN01,9a9bedfa38b9a40dfa884f7653ab7ab7493b0a9b73fac15685dbe8c11ccd1a19,1,truncated,1,0
deepscaler:1.5b,0031bcf7459f9405e9ae68b522c3fb791ad64814eff25dbec007435d837977e6,v2_deterministic,PLAN02,68bf5e5a6462e403b8af413d7eadb4a38e47c9c9ca17f61e19b43d4a2a8eaa85,1,truncated,1,0
deepscaler:1.5b,0031bcf7459f9405e9ae68b522c3fb791ad64814eff25dbec007435d837977e6,v2_deterministic,PLAN03,948844eaa5214f61f8b5335bf7eb418d08acc38c1ab8ed7432a5e51c38d3c621,1,truncated,1,0
deepscaler:1.5b,0031bcf7459f9405e9ae68b522c3fb791ad64814eff25dbec007435d837977e6,v2_deterministic,PLAN04,01baacd18d70e923eb827d25e81a39f7d264c61293c32bcbd23176bf37c9be8c,1,truncated,1,0
deepscaler:1.5b,0031bcf7459f9405e9ae68b522c3fb791ad64814eff25dbec007435d837977e6,v2_deterministic,REL01,6b594598089c44dd88cf1946a640d5ccc4f836148ee1fa955006770edee3f9cb,1,completed,1,0
deepscaler:1.5b,0031bcf7459f9405e9ae68b522c3fb791ad64814eff25dbec007435d837977e6,v2_deterministic,REL02,12c280b1b46e9da3a84ee9405c87091ac9cdae38f977960195c9c1c131da226e,1,completed,1,0
deepscaler:1.5b,0031bcf7459f9405e9ae68b522c3fb791ad64814eff25dbec007435d837977e6,v2_deterministic,REL03,5102a20c9a96783f745020f84fc5a2122c2d613b1a9f6824a63e1742ccf809ef,1,completed,1,0
deepscaler:1.5b,0031bcf7459f9405e9ae68b522c3fb791ad64814eff25dbec007435d837977e6,v2_deterministic,REL04,44db511a77a1ec50736a7ecfb1bc569e30ae22c62fcf6dde5c28135ce36c0405,1,completed,1,0
deepscaler:1.5b,0031bcf7459f9405e9ae68b522c3fb791ad64814eff25dbec007435d837977e6,v2_deterministic,REL05,e925b5c6d0945cb7ed31ff7e410f25957737e41575899546092c1b33ff7486fa,1,completed,1,0
deepscaler:1.5b,0031bcf7459f9405e9ae68b522c3fb791ad64814eff25dbec007435d837977e6,v2_deterministic,REL06,ab59032408916654f569f11bebdd1a04d719d429a06970404f315594383330e8,1,completed,1,0
deepscaler:1.5b,0031bcf7459f9405e9ae68b522c3fb791ad64814eff25dbec007435d837977e6,v2_deterministic,TRANS01,4fc6b6a3efe614d2a9a22eacd20cede0676673da9bf74a978c87bff7e323430f,2,completed,2,0
deepscaler:1.5b,0031bcf7459f9405e9ae68b522c3fb791ad64814eff25dbec007435d837977e6,v2_deterministic,TRANS02,661955c3065427dbce61a250fc3e511d79f90743ee73685d2ace500fe326e55b,2,completed,2,0
deepscaler:1.5b,0031bcf7459f9405e9ae68b522c3fb791ad64814eff25dbec007435d837977e6,v2_deterministic,TRANS03,17e64b733c6966a1296c2d7edc86c8d91705b7c521e3a509e7b41151df01fd95,2,completed,2,0
deepscaler:1.5b,0031bcf7459f9405e9ae68b522c3fb791ad64814eff25dbec007435d837977e6,v2_deterministic,TRANS04,0f9fde745eb99c505ec66656f25e1914df79fa9776e76bd38f9d08c6e4cabe75,2,completed,2,0
deepscaler:1.5b,0031bcf7459f9405e9ae68b522c3fb791ad64814eff25dbec007435d837977e6,v2_deterministic,TRANS05,57e482a869c0dffa144e65cfdfb33936399629d70e57ceb4a8d69481a63922b6,2,completed,2,0
deepscaler:1.5b,0031bcf7459f9405e9ae68b522c3fb791ad64814eff25dbec007435d837977e6,v2_deterministic,TRANS06,5bc72344646712a814e840aaf5e4b62b5638c39f80d700147273739d02bf5de8,2,completed,2,0
deepscaler:1.5b,0031bcf7459f9405e9ae68b522c3fb791ad64814eff25dbec007435d837977e6,v2_deterministic,TRANS07,f587dbde0487a4c877cafbe0eb16b34a9cecb3d51809322c7094eefc78a754d6,2,completed,2,0
deepscaler:1.5b,0031bcf7459f9405e9ae68b522c3fb791ad64814eff25dbec007435d837977e6,v2_deterministic,TRANS08,e887b6167ee63b52308c9bc24e1604252f1ec9cfbdf8d33d5178ff1bd57b5dfb,2,completed,2,0
deepseek-ocr:latest,0e7b018b8a22373167ee79c9a852821235488cbd2a2a5a93495558627423278c,runner,RUNNER_EXCEPTION,e3b0c44298fc1c149afbf4c8996fb92427ae41e4649b934ca495991b7852b855,1,server_error,1,0
deepseek-ocr:latest,0e7b018b8a22373167ee79c9a852821235488cbd2a2a5a93495558627423278c,v2_deterministic,ocr_clear_en,d7ca1880a9a5b7177b46f00d5074a7d8409ff51234f0831776b3bffa500d49a9,1,completed,1,0
deepseek-ocr:latest,0e7b018b8a22373167ee79c9a852821235488cbd2a2a5a93495558627423278c,v2_deterministic,ocr_clear_zh,bad3bb32249be4187185329c3a803271cb8f8d119168bc2848ebd03e4b00d267,1,completed,1,0
deepseek-ocr:latest,0e7b018b8a22373167ee79c9a852821235488cbd2a2a5a93495558627423278c,v2_deterministic,ocr_fields,c05917edfe4a0cfcc54ccd9fd8c316f7d3df04cde7abbd6c03ac7bb52a8eb6e7,1,completed,1,0
deepseek-ocr:latest,0e7b018b8a22373167ee79c9a852821235488cbd2a2a5a93495558627423278c,v2_deterministic,ocr_form,1bfe1c5728c9bda69ea0c7e5ac5a3f401601ab89e4f3186ad15bee7c7b0676aa,1,completed,1,0
deepseek-ocr:latest,0e7b018b8a22373167ee79c9a852821235488cbd2a2a5a93495558627423278c,v2_deterministic,ocr_mixed,5c033ded9edb670567007d1beff9c0b38848a9df76cf61ddb151527192846b67,1,completed,1,0
deepseek-r1:8b,6995872bfe4c521a67b32da386cd21d5c6e819b6e0d62f79f64ec83be99f5763,reasoning_extended,RSN01,628e78ef737745fb5557c606a30b66302f21073ce08347b704ce4061000c8b67,1,network_error,1,0
deepseek-r1:8b,6995872bfe4c521a67b32da386cd21d5c6e819b6e0d62f79f64ec83be99f5763,reasoning_extended,RSN02,675e2757d3419d3809b6da58309a9f12a38320e26607c24d574fdf30d2607ec6,1,network_error,1,0
deepseek-r1:8b,6995872bfe4c521a67b32da386cd21d5c6e819b6e0d62f79f64ec83be99f5763,reasoning_extended,RSN03,182012728ae306a733a56d95c3201c61e53f8372e0a2c3e65534e598b95a2b9c,1,network_error,1,0
deepseek-r1:8b,6995872bfe4c521a67b32da386cd21d5c6e819b6e0d62f79f64ec83be99f5763,reasoning_extended,RSN04,e2265549dfde6391abd439ef9fe3d8b0e7556b75ffea078f2655ce69f9e023b9,1,network_error,1,0
deepseek-r1:8b,6995872bfe4c521a67b32da386cd21d5c6e819b6e0d62f79f64ec83be99f5763,reasoning_extended,RSN05,86a73bef82149c5854cc9e1b5712f6b4ec804728c831f565d55ac4f4ffa7ad6a,1,network_error,1,0
deepseek-r1:8b,6995872bfe4c521a67b32da386cd21d5c6e819b6e0d62f79f64ec83be99f5763,reasoning_extended,RSN06,c754b9e7052124fe11e28629f5b42d792d6a35d0c51d6c3d62484b21b93a4ae7,1,network_error,1,0
deepseek-r1:8b,6995872bfe4c521a67b32da386cd21d5c6e819b6e0d62f79f64ec83be99f5763,reasoning_extended,RSN07,de768c557bec5df8affd4152dea159695c0c3c65e18d796cdd4ce0cbf7b48656,1,network_error,1,0
deepseek-r1:8b,6995872bfe4c521a67b32da386cd21d5c6e819b6e0d62f79f64ec83be99f5763,reasoning_extended,RSN08,961aa43057f176406d95ca3705c2fdea73202d4b3c68a37d8cc827e9e5eee70f,1,network_error,1,0
deepseek-r1:8b,6995872bfe4c521a67b32da386cd21d5c6e819b6e0d62f79f64ec83be99f5763,reasoning_extended,RSN09,d29f7121a2177bc2c67661d94741905793c99cf2890a9e54e1f33c7c23d63669,1,network_error,1,0
deepseek-r1:8b,6995872bfe4c521a67b32da386cd21d5c6e819b6e0d62f79f64ec83be99f5763,reasoning_extended,RSN10,e5c78d60e435d2ccdfc13bbb80fc3bba85ddcae5c8bd3e6965385df5842fce38,1,network_error,1,0
deepseek-r1:8b,6995872bfe4c521a67b32da386cd21d5c6e819b6e0d62f79f64ec83be99f5763,reasoning_native,RSN01_native,5bee3657d213c491618572644b88f1e49b52228af489e539702f4c4fb40430d0,1,network_error,1,0
deepseek-r1:8b,6995872bfe4c521a67b32da386cd21d5c6e819b6e0d62f79f64ec83be99f5763,reasoning_native,RSN02_native,40a32ac1c67a8f7010da1f13c8f81cb06c9953aebcf22cbc5bf7536ecfe25dbd,1,network_error,1,0
deepseek-r1:8b,6995872bfe4c521a67b32da386cd21d5c6e819b6e0d62f79f64ec83be99f5763,reasoning_native,RSN03_native,dd615ee749b438963ad3715eb9ac7d1cfab0fd264a470eb09c814c13f5da6080,1,network_error,1,0
deepseek-r1:8b,6995872bfe4c521a67b32da386cd21d5c6e819b6e0d62f79f64ec83be99f5763,reasoning_native,RSN04_native,bcc93f534fb7c7dacf0c7073c42049b825e09d14f614b6e8ab8cd3c1843a5c79,1,network_error,1,0
deepseek-r1:8b,6995872bfe4c521a67b32da386cd21d5c6e819b6e0d62f79f64ec83be99f5763,reasoning_native,RSN05_native,70bf8aca8ed8efa2c43eb6cf256161e19748f9023b42ba100608c98fb55faf5c,1,network_error,1,0
deepseek-r1:8b,6995872bfe4c521a67b32da386cd21d5c6e819b6e0d62f79f64ec83be99f5763,reasoning_native,RSN06_native,c4ec23148e34cb66123ea37e06496b3a7b70de7e4a38dee35a83cdcd8f3e8bdf,1,network_error,1,0
deepseek-r1:8b,6995872bfe4c521a67b32da386cd21d5c6e819b6e0d62f79f64ec83be99f5763,reasoning_native,RSN07_native,014c927c42888103ffeb6cf7791f0fd752a9368757da620dcd9b05d2bcabfeac,1,network_error,1,0
deepseek-r1:8b,6995872bfe4c521a67b32da386cd21d5c6e819b6e0d62f79f64ec83be99f5763,reasoning_native,RSN08_native,bfeed8a78f50155b54990c783e798ab124251f8a38528f93fdd997720ac7d4aa,1,network_error,1,0
deepseek-r1:8b,6995872bfe4c521a67b32da386cd21d5c6e819b6e0d62f79f64ec83be99f5763,reasoning_native,RSN09_native,5a00284c70f458949386a433eb154a4e66589c42a762559a683073be9fd0235e,1,network_error,1,0
deepseek-r1:8b,6995872bfe4c521a67b32da386cd21d5c6e819b6e0d62f79f64ec83be99f5763,reasoning_native,RSN10_native,af7ef8b99525f206b7874b303816d1252cce5bd7197fe6648a5ba78a9bd6efa1,1,network_error,1,0
deepseek-r1:8b,6995872bfe4c521a67b32da386cd21d5c6e819b6e0d62f79f64ec83be99f5763,v2_deterministic,CODE01,3a6ee053f316ac797eed83be7b511d932088853ce01f109c3a3d048762277fb7,2,network_error,2,0
deepseek-r1:8b,6995872bfe4c521a67b32da386cd21d5c6e819b6e0d62f79f64ec83be99f5763,v2_deterministic,CODE02,7499e2260b2e423d47622f7a06875ba06e7550d12a493ae94b3374baa89bb127,2,network_error,2,0
deepseek-r1:8b,6995872bfe4c521a67b32da386cd21d5c6e819b6e0d62f79f64ec83be99f5763,v2_deterministic,CODE03,78fa42595ce9312c77ef3397f4f95625e10003115b153900d9b20047d7234890,2,network_error,2,0
deepseek-r1:8b,6995872bfe4c521a67b32da386cd21d5c6e819b6e0d62f79f64ec83be99f5763,v2_deterministic,CODE04,cbca68dc260d8f66dc2bd9244e1cdde7634672fdf81446239f5d8d18de488af9,2,network_error,2,0
deepseek-r1:8b,6995872bfe4c521a67b32da386cd21d5c6e819b6e0d62f79f64ec83be99f5763,v2_deterministic,CODE05,915cc1c3562066f0272a964950a929036d538c65db95285acb47661c925bafce,2,network_error,2,0
deepseek-r1:8b,6995872bfe4c521a67b32da386cd21d5c6e819b6e0d62f79f64ec83be99f5763,v2_deterministic,CODE06,3113278ebd1124f287fba61fb40b3c2e595434d0784c7956cb5581706b337405,2,network_error,2,0
deepseek-r1:8b,6995872bfe4c521a67b32da386cd21d5c6e819b6e0d62f79f64ec83be99f5763,v2_deterministic,CODE07,8443ca250d7b0d1ce901412d358f43cfd8a8a809ed659b7528fdab053725683d,2,network_error,2,0
deepseek-r1:8b,6995872bfe4c521a67b32da386cd21d5c6e819b6e0d62f79f64ec83be99f5763,v2_deterministic,CODE08,ea91a6e1088aa2bcca76c26bda0e3c024ced3c823e075354ba94a454ee186d0c,2,network_error,2,0
deepseek-r1:8b,6995872bfe4c521a67b32da386cd21d5c6e819b6e0d62f79f64ec83be99f5763,v2_deterministic,CODE09,890539ef90e6d604e2ae66f258de22cd74432676d4b8d18809c45c1033a45148,2,network_error,2,0
deepseek-r1:8b,6995872bfe4c521a67b32da386cd21d5c6e819b6e0d62f79f64ec83be99f5763,v2_deterministic,CODE10,e5cebee20c39db9b1160848a6803ca80c1537c1b4a574c9e9e4719787cf90147,2,network_error,2,0
deepseek-r1:8b,6995872bfe4c521a67b32da386cd21d5c6e819b6e0d62f79f64ec83be99f5763,v2_deterministic,EXT01,23e19240d1c16e1536e57fdc92db3b04bbdec298a06ec10cd16e75e3dde97c80,1,completed,1,0
deepseek-r1:8b,6995872bfe4c521a67b32da386cd21d5c6e819b6e0d62f79f64ec83be99f5763,v2_deterministic,EXT02,2323b07d42fd98286ddb9984b9ac5c9251a6c8ff1f6b1b882cc710ce7afa3423,1,completed,1,0
deepseek-r1:8b,6995872bfe4c521a67b32da386cd21d5c6e819b6e0d62f79f64ec83be99f5763,v2_deterministic,EXT03,d4536434de6a476283fdf7f9bb5149792fcd7100010686be1b32c32b639a8164,1,completed,1,0
deepseek-r1:8b,6995872bfe4c521a67b32da386cd21d5c6e819b6e0d62f79f64ec83be99f5763,v2_deterministic,EXT04,2b65a93427ac30657446eb9d1f893339bfb1cb91a0b8beaa93b00bfc0704a7be,1,completed,1,0
deepseek-r1:8b,6995872bfe4c521a67b32da386cd21d5c6e819b6e0d62f79f64ec83be99f5763,v2_deterministic,EXT05,71cc333232fbc880386e7682fc34da712cb28c4909a2dd3d1b95841eb6cea300,1,completed,1,0
deepseek-r1:8b,6995872bfe4c521a67b32da386cd21d5c6e819b6e0d62f79f64ec83be99f5763,v2_deterministic,FMT01,fdbd6ebc3c347a192a47b9bb70b303406405c83ee5c1a479aed4f8a338767e4e,1,completed,1,0
deepseek-r1:8b,6995872bfe4c521a67b32da386cd21d5c6e819b6e0d62f79f64ec83be99f5763,v2_deterministic,FMT02,4c1b340a0b2f1246a3e3b2a0e1e473e56db8c986d00d37cdc56e768eb834a0ba,1,completed,1,0
deepseek-r1:8b,6995872bfe4c521a67b32da386cd21d5c6e819b6e0d62f79f64ec83be99f5763,v2_deterministic,FMT03,8c5cb8101d228017c6d6c30d04bcea5c1d7c8e890c4c53fdbe9d6cbc518c917d,1,completed,1,0
deepseek-r1:8b,6995872bfe4c521a67b32da386cd21d5c6e819b6e0d62f79f64ec83be99f5763,v2_deterministic,FMT04,ae17d134fae86bb3b43f8ecdd993f970ae92f959cd70e3fa8f7450147cd0d1a6,1,completed,1,0
deepseek-r1:8b,6995872bfe4c521a67b32da386cd21d5c6e819b6e0d62f79f64ec83be99f5763,v2_deterministic,FMT05,19ccd3dd7a0ebb4e68aab027affd34cbf0d46ea9dbd9cd14e65acd196adb89d9,1,completed,1,0
deepseek-r1:8b,6995872bfe4c521a67b32da386cd21d5c6e819b6e0d62f79f64ec83be99f5763,v2_deterministic,FMT06,0b6ff8dc1f3a46e82558eed7660effca9d56ddd36d9def40aae0b4c5096e74d5,1,completed,1,0
deepseek-r1:8b,6995872bfe4c521a67b32da386cd21d5c6e819b6e0d62f79f64ec83be99f5763,v2_deterministic,INS01,92c2136115d03dede4233303cc97905c7a002fb88115ebd1db9de58140e8fb49,1,completed,1,0
deepseek-r1:8b,6995872bfe4c521a67b32da386cd21d5c6e819b6e0d62f79f64ec83be99f5763,v2_deterministic,INS02,de26b497ebe5cb51709fa9fdc577123b003dfb2c353cbebac30e4f5bf93645ac,1,completed,1,0
deepseek-r1:8b,6995872bfe4c521a67b32da386cd21d5c6e819b6e0d62f79f64ec83be99f5763,v2_deterministic,INS03,909b31c3c031bde154ec85239290ea75c8aa5c8d4da09a98d85ae882bf2d6a7a,1,completed,1,0
deepseek-r1:8b,6995872bfe4c521a67b32da386cd21d5c6e819b6e0d62f79f64ec83be99f5763,v2_deterministic,INS04,91b900395e2ff58c0f3c5403a06cf8c0adb533f43b20e7b3a45edb7e97ff0d62,1,completed,1,0
deepseek-r1:8b,6995872bfe4c521a67b32da386cd21d5c6e819b6e0d62f79f64ec83be99f5763,v2_deterministic,INS05,ca81b549c99bffc97ea38de7126bc30d0c517223dee1803bb0bd3f9c421b21a1,1,completed,1,0
deepseek-r1:8b,6995872bfe4c521a67b32da386cd21d5c6e819b6e0d62f79f64ec83be99f5763,v2_deterministic,INS06,b3d1ebb011b327f9f8291c39dc2b40c0df649eb4b272760e8711d0a79deb97dc,1,completed,1,0
deepseek-r1:8b,6995872bfe4c521a67b32da386cd21d5c6e819b6e0d62f79f64ec83be99f5763,v2_deterministic,MTH01,91c1b555b1295b1908a12c94ac79f1717b1b9021e13f87188c2337ca13ff4dec,1,completed,1,0
deepseek-r1:8b,6995872bfe4c521a67b32da386cd21d5c6e819b6e0d62f79f64ec83be99f5763,v2_deterministic,MTH02,8a8537aa1edfaa1ffd07a4365fe457f9a197932d51114368857ea86e42272598,1,completed,1,0
deepseek-r1:8b,6995872bfe4c521a67b32da386cd21d5c6e819b6e0d62f79f64ec83be99f5763,v2_deterministic,MTH03,217987bbf14051d433e3b29bc12807a016ec143004b82a3f9cbaeebbaa5985e1,1,truncated_before_final_answer,1,0
deepseek-r1:8b,6995872bfe4c521a67b32da386cd21d5c6e819b6e0d62f79f64ec83be99f5763,v2_deterministic,MTH04,08979b2f33d1572d9db33e681685a5fc0c0e543342c412493ae9cc6bd88cc57a,1,completed,1,0
deepseek-r1:8b,6995872bfe4c521a67b32da386cd21d5c6e819b6e0d62f79f64ec83be99f5763,v2_deterministic,MTH05,b4fa1e40b3b9684a1d2bb88676eda07383da0b57ae6824f17d843fe6d23ab09c,1,completed,1,0
deepseek-r1:8b,6995872bfe4c521a67b32da386cd21d5c6e819b6e0d62f79f64ec83be99f5763,v2_deterministic,MTH06,8c2f6233a641c83c0994257b8c0fc1713213b00107981e82ec546653fbd48e9a,1,truncated_before_final_answer,1,0
deepseek-r1:8b,6995872bfe4c521a67b32da386cd21d5c6e819b6e0d62f79f64ec83be99f5763,v2_deterministic,MTH07,77372f8353bd9037cf06cd16f704161fb6e710c2633b44b017de15fb2d6014ba,1,truncated_before_final_answer,1,0
deepseek-r1:8b,6995872bfe4c521a67b32da386cd21d5c6e819b6e0d62f79f64ec83be99f5763,v2_deterministic,MTH08,f99ba77cfd0638441528507cede31698b3f441917476c11add1ce33a9657d833,1,completed,1,0
deepseek-r1:8b,6995872bfe4c521a67b32da386cd21d5c6e819b6e0d62f79f64ec83be99f5763,v2_deterministic,PLAN01,9a9bedfa38b9a40dfa884f7653ab7ab7493b0a9b73fac15685dbe8c11ccd1a19,1,truncated_before_final_answer,1,0
deepseek-r1:8b,6995872bfe4c521a67b32da386cd21d5c6e819b6e0d62f79f64ec83be99f5763,v2_deterministic,PLAN02,68bf5e5a6462e403b8af413d7eadb4a38e47c9c9ca17f61e19b43d4a2a8eaa85,1,completed,1,0
deepseek-r1:8b,6995872bfe4c521a67b32da386cd21d5c6e819b6e0d62f79f64ec83be99f5763,v2_deterministic,PLAN03,948844eaa5214f61f8b5335bf7eb418d08acc38c1ab8ed7432a5e51c38d3c621,1,truncated_before_final_answer,1,0
deepseek-r1:8b,6995872bfe4c521a67b32da386cd21d5c6e819b6e0d62f79f64ec83be99f5763,v2_deterministic,PLAN04,01baacd18d70e923eb827d25e81a39f7d264c61293c32bcbd23176bf37c9be8c,1,truncated_before_final_answer,1,0
deepseek-r1:8b,6995872bfe4c521a67b32da386cd21d5c6e819b6e0d62f79f64ec83be99f5763,v2_deterministic,REL01,6b594598089c44dd88cf1946a640d5ccc4f836148ee1fa955006770edee3f9cb,1,completed,1,0
deepseek-r1:8b,6995872bfe4c521a67b32da386cd21d5c6e819b6e0d62f79f64ec83be99f5763,v2_deterministic,REL02,12c280b1b46e9da3a84ee9405c87091ac9cdae38f977960195c9c1c131da226e,1,completed,1,0
deepseek-r1:8b,6995872bfe4c521a67b32da386cd21d5c6e819b6e0d62f79f64ec83be99f5763,v2_deterministic,REL03,5102a20c9a96783f745020f84fc5a2122c2d613b1a9f6824a63e1742ccf809ef,1,completed,1,0
deepseek-r1:8b,6995872bfe4c521a67b32da386cd21d5c6e819b6e0d62f79f64ec83be99f5763,v2_deterministic,REL04,44db511a77a1ec50736a7ecfb1bc569e30ae22c62fcf6dde5c28135ce36c0405,1,completed,1,0
deepseek-r1:8b,6995872bfe4c521a67b32da386cd21d5c6e819b6e0d62f79f64ec83be99f5763,v2_deterministic,REL05,e925b5c6d0945cb7ed31ff7e410f25957737e41575899546092c1b33ff7486fa,1,completed,1,0
deepseek-r1:8b,6995872bfe4c521a67b32da386cd21d5c6e819b6e0d62f79f64ec83be99f5763,v2_deterministic,REL06,ab59032408916654f569f11bebdd1a04d719d429a06970404f315594383330e8,1,completed,1,0
deepseek-r1:8b,6995872bfe4c521a67b32da386cd21d5c6e819b6e0d62f79f64ec83be99f5763,v2_deterministic,TRANS01,4fc6b6a3efe614d2a9a22eacd20cede0676673da9bf74a978c87bff7e323430f,2,network_error,2,0
deepseek-r1:8b,6995872bfe4c521a67b32da386cd21d5c6e819b6e0d62f79f64ec83be99f5763,v2_deterministic,TRANS02,661955c3065427dbce61a250fc3e511d79f90743ee73685d2ace500fe326e55b,2,network_error,2,0
deepseek-r1:8b,6995872bfe4c521a67b32da386cd21d5c6e819b6e0d62f79f64ec83be99f5763,v2_deterministic,TRANS03,17e64b733c6966a1296c2d7edc86c8d91705b7c521e3a509e7b41151df01fd95,2,network_error,2,0
deepseek-r1:8b,6995872bfe4c521a67b32da386cd21d5c6e819b6e0d62f79f64ec83be99f5763,v2_deterministic,TRANS04,0f9fde745eb99c505ec66656f25e1914df79fa9776e76bd38f9d08c6e4cabe75,2,network_error,2,0
deepseek-r1:8b,6995872bfe4c521a67b32da386cd21d5c6e819b6e0d62f79f64ec83be99f5763,v2_deterministic,TRANS05,57e482a869c0dffa144e65cfdfb33936399629d70e57ceb4a8d69481a63922b6,2,network_error,2,0
deepseek-r1:8b,6995872bfe4c521a67b32da386cd21d5c6e819b6e0d62f79f64ec83be99f5763,v2_deterministic,TRANS06,5bc72344646712a814e840aaf5e4b62b5638c39f80d700147273739d02bf5de8,2,network_error,2,0
deepseek-r1:8b,6995872bfe4c521a67b32da386cd21d5c6e819b6e0d62f79f64ec83be99f5763,v2_deterministic,TRANS07,f587dbde0487a4c877cafbe0eb16b34a9cecb3d51809322c7094eefc78a754d6,2,network_error,2,0
deepseek-r1:8b,6995872bfe4c521a67b32da386cd21d5c6e819b6e0d62f79f64ec83be99f5763,v2_deterministic,TRANS08,e887b6167ee63b52308c9bc24e1604252f1ec9cfbdf8d33d5178ff1bd57b5dfb,2,network_error,2,0
functiongemma:270m,7c19b650567acfb1bee50d12bb286370e8a54d8877f6a0ecfd01f8c8fdc223bb,v2_deterministic,TOOL01,615e025105cf3d358568f0902ad6a69b234c227d701791bd33f4b663da30be0a,1,completed,1,0
functiongemma:270m,7c19b650567acfb1bee50d12bb286370e8a54d8877f6a0ecfd01f8c8fdc223bb,v2_deterministic,TOOL02,76b038cc91d488ac431d0dd16fb5e2abda6fecd243938f98321ccaebdd33aa80,1,completed,1,0
functiongemma:270m,7c19b650567acfb1bee50d12bb286370e8a54d8877f6a0ecfd01f8c8fdc223bb,v2_deterministic,TOOL03,093bed3ba8321808a4cd06e1ea04f463d83c4bfe34671604a57d9dd516979250,1,completed,1,0
functiongemma:270m,7c19b650567acfb1bee50d12bb286370e8a54d8877f6a0ecfd01f8c8fdc223bb,v2_deterministic,TOOL04,1e2216b9fdd930b047301ac3bb6a18e7461ed2246ce6c48244ef09b3cc6011b1,1,completed,1,0
functiongemma:270m,7c19b650567acfb1bee50d12bb286370e8a54d8877f6a0ecfd01f8c8fdc223bb,v2_deterministic,TOOL05,f7e5fe8b4462ca978c043dabcd773ece3def1a1a1f93ea20407dea9cd3518d46,1,completed,1,0
functiongemma:270m,7c19b650567acfb1bee50d12bb286370e8a54d8877f6a0ecfd01f8c8fdc223bb,v2_deterministic,TOOL06,5db97c2c4c586bda2a029a3b860069ec0f906d21d81e95c033b24a8b922671f3,1,completed,1,0
functiongemma:270m,7c19b650567acfb1bee50d12bb286370e8a54d8877f6a0ecfd01f8c8fdc223bb,v2_deterministic,TOOL07,2ba4d4989cfbc17caccfc36cb2e404f1bc0e7d7dea478bc600529af5f7ff83a7,1,completed,1,0
functiongemma:270m,7c19b650567acfb1bee50d12bb286370e8a54d8877f6a0ecfd01f8c8fdc223bb,v2_deterministic,TOOL08,5ff06c249b3c770cd83f1a6db03056a529433778d86f60e85b2eacb8d626e523,1,truncated,1,0
gemma3n:e4b,15cb39fd9394fd2549f6df9081cfc84dd134ecf2c9c5be911e5629920489ac32,v2_deterministic,CODE01,3a6ee053f316ac797eed83be7b511d932088853ce01f109c3a3d048762277fb7,2,syntax_error,2,0
gemma3n:e4b,15cb39fd9394fd2549f6df9081cfc84dd134ecf2c9c5be911e5629920489ac32,v2_deterministic,CODE02,7499e2260b2e423d47622f7a06875ba06e7550d12a493ae94b3374baa89bb127,2,syntax_error,2,0
gemma3n:e4b,15cb39fd9394fd2549f6df9081cfc84dd134ecf2c9c5be911e5629920489ac32,v2_deterministic,CODE03,78fa42595ce9312c77ef3397f4f95625e10003115b153900d9b20047d7234890,2,syntax_error,2,0
gemma3n:e4b,15cb39fd9394fd2549f6df9081cfc84dd134ecf2c9c5be911e5629920489ac32,v2_deterministic,CODE04,cbca68dc260d8f66dc2bd9244e1cdde7634672fdf81446239f5d8d18de488af9,2,syntax_error,2,0
gemma3n:e4b,15cb39fd9394fd2549f6df9081cfc84dd134ecf2c9c5be911e5629920489ac32,v2_deterministic,CODE05,915cc1c3562066f0272a964950a929036d538c65db95285acb47661c925bafce,2,syntax_error,2,0
gemma3n:e4b,15cb39fd9394fd2549f6df9081cfc84dd134ecf2c9c5be911e5629920489ac32,v2_deterministic,CODE06,3113278ebd1124f287fba61fb40b3c2e595434d0784c7956cb5581706b337405,2,syntax_error,2,0
gemma3n:e4b,15cb39fd9394fd2549f6df9081cfc84dd134ecf2c9c5be911e5629920489ac32,v2_deterministic,CODE07,8443ca250d7b0d1ce901412d358f43cfd8a8a809ed659b7528fdab053725683d,2,syntax_error,2,0
gemma3n:e4b,15cb39fd9394fd2549f6df9081cfc84dd134ecf2c9c5be911e5629920489ac32,v2_deterministic,CODE08,ea91a6e1088aa2bcca76c26bda0e3c024ced3c823e075354ba94a454ee186d0c,2,syntax_error,2,0
gemma3n:e4b,15cb39fd9394fd2549f6df9081cfc84dd134ecf2c9c5be911e5629920489ac32,v2_deterministic,CODE09,890539ef90e6d604e2ae66f258de22cd74432676d4b8d18809c45c1033a45148,2,syntax_error,2,0
gemma3n:e4b,15cb39fd9394fd2549f6df9081cfc84dd134ecf2c9c5be911e5629920489ac32,v2_deterministic,CODE10,e5cebee20c39db9b1160848a6803ca80c1537c1b4a574c9e9e4719787cf90147,2,syntax_error,2,0
gemma3n:e4b,15cb39fd9394fd2549f6df9081cfc84dd134ecf2c9c5be911e5629920489ac32,v2_deterministic,EXT01,23e19240d1c16e1536e57fdc92db3b04bbdec298a06ec10cd16e75e3dde97c80,1,completed,1,0
gemma3n:e4b,15cb39fd9394fd2549f6df9081cfc84dd134ecf2c9c5be911e5629920489ac32,v2_deterministic,EXT02,2323b07d42fd98286ddb9984b9ac5c9251a6c8ff1f6b1b882cc710ce7afa3423,1,completed,1,0
gemma3n:e4b,15cb39fd9394fd2549f6df9081cfc84dd134ecf2c9c5be911e5629920489ac32,v2_deterministic,EXT03,d4536434de6a476283fdf7f9bb5149792fcd7100010686be1b32c32b639a8164,1,completed,1,0
gemma3n:e4b,15cb39fd9394fd2549f6df9081cfc84dd134ecf2c9c5be911e5629920489ac32,v2_deterministic,EXT04,2b65a93427ac30657446eb9d1f893339bfb1cb91a0b8beaa93b00bfc0704a7be,1,completed,1,0
gemma3n:e4b,15cb39fd9394fd2549f6df9081cfc84dd134ecf2c9c5be911e5629920489ac32,v2_deterministic,EXT05,71cc333232fbc880386e7682fc34da712cb28c4909a2dd3d1b95841eb6cea300,1,completed,1,0
gemma3n:e4b,15cb39fd9394fd2549f6df9081cfc84dd134ecf2c9c5be911e5629920489ac32,v2_deterministic,FMT01,fdbd6ebc3c347a192a47b9bb70b303406405c83ee5c1a479aed4f8a338767e4e,1,completed,1,0
gemma3n:e4b,15cb39fd9394fd2549f6df9081cfc84dd134ecf2c9c5be911e5629920489ac32,v2_deterministic,FMT02,4c1b340a0b2f1246a3e3b2a0e1e473e56db8c986d00d37cdc56e768eb834a0ba,1,completed,1,0
gemma3n:e4b,15cb39fd9394fd2549f6df9081cfc84dd134ecf2c9c5be911e5629920489ac32,v2_deterministic,FMT03,8c5cb8101d228017c6d6c30d04bcea5c1d7c8e890c4c53fdbe9d6cbc518c917d,1,completed,1,0
gemma3n:e4b,15cb39fd9394fd2549f6df9081cfc84dd134ecf2c9c5be911e5629920489ac32,v2_deterministic,FMT04,ae17d134fae86bb3b43f8ecdd993f970ae92f959cd70e3fa8f7450147cd0d1a6,1,completed,1,0
gemma3n:e4b,15cb39fd9394fd2549f6df9081cfc84dd134ecf2c9c5be911e5629920489ac32,v2_deterministic,FMT05,19ccd3dd7a0ebb4e68aab027affd34cbf0d46ea9dbd9cd14e65acd196adb89d9,1,completed,1,0
gemma3n:e4b,15cb39fd9394fd2549f6df9081cfc84dd134ecf2c9c5be911e5629920489ac32,v2_deterministic,FMT06,0b6ff8dc1f3a46e82558eed7660effca9d56ddd36d9def40aae0b4c5096e74d5,1,completed,1,0
gemma3n:e4b,15cb39fd9394fd2549f6df9081cfc84dd134ecf2c9c5be911e5629920489ac32,v2_deterministic,INS01,92c2136115d03dede4233303cc97905c7a002fb88115ebd1db9de58140e8fb49,1,completed,1,0
gemma3n:e4b,15cb39fd9394fd2549f6df9081cfc84dd134ecf2c9c5be911e5629920489ac32,v2_deterministic,INS02,de26b497ebe5cb51709fa9fdc577123b003dfb2c353cbebac30e4f5bf93645ac,1,completed,1,0
gemma3n:e4b,15cb39fd9394fd2549f6df9081cfc84dd134ecf2c9c5be911e5629920489ac32,v2_deterministic,INS03,909b31c3c031bde154ec85239290ea75c8aa5c8d4da09a98d85ae882bf2d6a7a,1,completed,1,0
gemma3n:e4b,15cb39fd9394fd2549f6df9081cfc84dd134ecf2c9c5be911e5629920489ac32,v2_deterministic,INS04,91b900395e2ff58c0f3c5403a06cf8c0adb533f43b20e7b3a45edb7e97ff0d62,1,completed,1,0
gemma3n:e4b,15cb39fd9394fd2549f6df9081cfc84dd134ecf2c9c5be911e5629920489ac32,v2_deterministic,INS05,ca81b549c99bffc97ea38de7126bc30d0c517223dee1803bb0bd3f9c421b21a1,1,completed,1,0
gemma3n:e4b,15cb39fd9394fd2549f6df9081cfc84dd134ecf2c9c5be911e5629920489ac32,v2_deterministic,INS06,b3d1ebb011b327f9f8291c39dc2b40c0df649eb4b272760e8711d0a79deb97dc,1,completed,1,0
gemma3n:e4b,15cb39fd9394fd2549f6df9081cfc84dd134ecf2c9c5be911e5629920489ac32,v2_deterministic,MTH01,91c1b555b1295b1908a12c94ac79f1717b1b9021e13f87188c2337ca13ff4dec,1,completed,1,0
gemma3n:e4b,15cb39fd9394fd2549f6df9081cfc84dd134ecf2c9c5be911e5629920489ac32,v2_deterministic,MTH02,8a8537aa1edfaa1ffd07a4365fe457f9a197932d51114368857ea86e42272598,1,completed,1,0
gemma3n:e4b,15cb39fd9394fd2549f6df9081cfc84dd134ecf2c9c5be911e5629920489ac32,v2_deterministic,MTH03,217987bbf14051d433e3b29bc12807a016ec143004b82a3f9cbaeebbaa5985e1,1,completed,1,0
gemma3n:e4b,15cb39fd9394fd2549f6df9081cfc84dd134ecf2c9c5be911e5629920489ac32,v2_deterministic,MTH04,08979b2f33d1572d9db33e681685a5fc0c0e543342c412493ae9cc6bd88cc57a,1,completed,1,0
gemma3n:e4b,15cb39fd9394fd2549f6df9081cfc84dd134ecf2c9c5be911e5629920489ac32,v2_deterministic,MTH05,b4fa1e40b3b9684a1d2bb88676eda07383da0b57ae6824f17d843fe6d23ab09c,1,completed,1,0
gemma3n:e4b,15cb39fd9394fd2549f6df9081cfc84dd134ecf2c9c5be911e5629920489ac32,v2_deterministic,MTH06,8c2f6233a641c83c0994257b8c0fc1713213b00107981e82ec546653fbd48e9a,1,completed,1,0
gemma3n:e4b,15cb39fd9394fd2549f6df9081cfc84dd134ecf2c9c5be911e5629920489ac32,v2_deterministic,MTH07,77372f8353bd9037cf06cd16f704161fb6e710c2633b44b017de15fb2d6014ba,1,completed,1,0
gemma3n:e4b,15cb39fd9394fd2549f6df9081cfc84dd134ecf2c9c5be911e5629920489ac32,v2_deterministic,MTH08,f99ba77cfd0638441528507cede31698b3f441917476c11add1ce33a9657d833,1,completed,1,0
gemma3n:e4b,15cb39fd9394fd2549f6df9081cfc84dd134ecf2c9c5be911e5629920489ac32,v2_deterministic,PLAN01,9a9bedfa38b9a40dfa884f7653ab7ab7493b0a9b73fac15685dbe8c11ccd1a19,1,completed,1,0
gemma3n:e4b,15cb39fd9394fd2549f6df9081cfc84dd134ecf2c9c5be911e5629920489ac32,v2_deterministic,PLAN02,68bf5e5a6462e403b8af413d7eadb4a38e47c9c9ca17f61e19b43d4a2a8eaa85,1,completed,1,0
gemma3n:e4b,15cb39fd9394fd2549f6df9081cfc84dd134ecf2c9c5be911e5629920489ac32,v2_deterministic,PLAN03,948844eaa5214f61f8b5335bf7eb418d08acc38c1ab8ed7432a5e51c38d3c621,1,completed,1,0
gemma3n:e4b,15cb39fd9394fd2549f6df9081cfc84dd134ecf2c9c5be911e5629920489ac32,v2_deterministic,PLAN04,01baacd18d70e923eb827d25e81a39f7d264c61293c32bcbd23176bf37c9be8c,1,completed,1,0
gemma3n:e4b,15cb39fd9394fd2549f6df9081cfc84dd134ecf2c9c5be911e5629920489ac32,v2_deterministic,REL01,6b594598089c44dd88cf1946a640d5ccc4f836148ee1fa955006770edee3f9cb,1,completed,1,0
gemma3n:e4b,15cb39fd9394fd2549f6df9081cfc84dd134ecf2c9c5be911e5629920489ac32,v2_deterministic,REL02,12c280b1b46e9da3a84ee9405c87091ac9cdae38f977960195c9c1c131da226e,1,completed,1,0
gemma3n:e4b,15cb39fd9394fd2549f6df9081cfc84dd134ecf2c9c5be911e5629920489ac32,v2_deterministic,REL03,5102a20c9a96783f745020f84fc5a2122c2d613b1a9f6824a63e1742ccf809ef,1,completed,1,0
gemma3n:e4b,15cb39fd9394fd2549f6df9081cfc84dd134ecf2c9c5be911e5629920489ac32,v2_deterministic,REL04,44db511a77a1ec50736a7ecfb1bc569e30ae22c62fcf6dde5c28135ce36c0405,1,completed,1,0
gemma3n:e4b,15cb39fd9394fd2549f6df9081cfc84dd134ecf2c9c5be911e5629920489ac32,v2_deterministic,REL05,e925b5c6d0945cb7ed31ff7e410f25957737e41575899546092c1b33ff7486fa,1,completed,1,0
gemma3n:e4b,15cb39fd9394fd2549f6df9081cfc84dd134ecf2c9c5be911e5629920489ac32,v2_deterministic,REL06,ab59032408916654f569f11bebdd1a04d719d429a06970404f315594383330e8,1,completed,1,0
gemma3n:e4b,15cb39fd9394fd2549f6df9081cfc84dd134ecf2c9c5be911e5629920489ac32,v2_deterministic,TRANS01,4fc6b6a3efe614d2a9a22eacd20cede0676673da9bf74a978c87bff7e323430f,2,completed,2,0
gemma3n:e4b,15cb39fd9394fd2549f6df9081cfc84dd134ecf2c9c5be911e5629920489ac32,v2_deterministic,TRANS02,661955c3065427dbce61a250fc3e511d79f90743ee73685d2ace500fe326e55b,2,completed,2,0
gemma3n:e4b,15cb39fd9394fd2549f6df9081cfc84dd134ecf2c9c5be911e5629920489ac32,v2_deterministic,TRANS03,17e64b733c6966a1296c2d7edc86c8d91705b7c521e3a509e7b41151df01fd95,2,completed,2,0
gemma3n:e4b,15cb39fd9394fd2549f6df9081cfc84dd134ecf2c9c5be911e5629920489ac32,v2_deterministic,TRANS04,0f9fde745eb99c505ec66656f25e1914df79fa9776e76bd38f9d08c6e4cabe75,2,completed,2,0
gemma3n:e4b,15cb39fd9394fd2549f6df9081cfc84dd134ecf2c9c5be911e5629920489ac32,v2_deterministic,TRANS05,57e482a869c0dffa144e65cfdfb33936399629d70e57ceb4a8d69481a63922b6,2,completed,2,0
gemma3n:e4b,15cb39fd9394fd2549f6df9081cfc84dd134ecf2c9c5be911e5629920489ac32,v2_deterministic,TRANS06,5bc72344646712a814e840aaf5e4b62b5638c39f80d700147273739d02bf5de8,2,completed,2,0
gemma3n:e4b,15cb39fd9394fd2549f6df9081cfc84dd134ecf2c9c5be911e5629920489ac32,v2_deterministic,TRANS07,f587dbde0487a4c877cafbe0eb16b34a9cecb3d51809322c7094eefc78a754d6,2,completed,2,0
gemma3n:e4b,15cb39fd9394fd2549f6df9081cfc84dd134ecf2c9c5be911e5629920489ac32,v2_deterministic,TRANS08,e887b6167ee63b52308c9bc24e1604252f1ec9cfbdf8d33d5178ff1bd57b5dfb,2,completed,2,0
glm-ocr:latest,6effedd0dc8aec66ad86c94b8099395376e212f22c87a9d7147c422f7e447be4,runner,RUNNER_EXCEPTION,e3b0c44298fc1c149afbf4c8996fb92427ae41e4649b934ca495991b7852b855,1,server_error,1,0
glm-ocr:latest,6effedd0dc8aec66ad86c94b8099395376e212f22c87a9d7147c422f7e447be4,v2_deterministic,ocr_clear_en,d7ca1880a9a5b7177b46f00d5074a7d8409ff51234f0831776b3bffa500d49a9,1,truncated,1,0
glm-ocr:latest,6effedd0dc8aec66ad86c94b8099395376e212f22c87a9d7147c422f7e447be4,v2_deterministic,ocr_clear_zh,bad3bb32249be4187185329c3a803271cb8f8d119168bc2848ebd03e4b00d267,1,truncated,1,0
glm-ocr:latest,6effedd0dc8aec66ad86c94b8099395376e212f22c87a9d7147c422f7e447be4,v2_deterministic,ocr_fields,c05917edfe4a0cfcc54ccd9fd8c316f7d3df04cde7abbd6c03ac7bb52a8eb6e7,1,truncated,1,0
glm-ocr:latest,6effedd0dc8aec66ad86c94b8099395376e212f22c87a9d7147c422f7e447be4,v2_deterministic,ocr_form,1bfe1c5728c9bda69ea0c7e5ac5a3f401601ab89e4f3186ad15bee7c7b0676aa,1,truncated,1,0
glm-ocr:latest,6effedd0dc8aec66ad86c94b8099395376e212f22c87a9d7147c422f7e447be4,v2_deterministic,ocr_mixed,5c033ded9edb670567007d1beff9c0b38848a9df76cf61ddb151527192846b67,1,truncated,1,0
granite4.1-guardian:8b,f82c0882cec110279601307cdd632d868e29f16eaa59947bef51096e5f740492,runner,RUNNER_EXCEPTION,e3b0c44298fc1c149afbf4c8996fb92427ae41e4649b934ca495991b7852b855,1,server_error,1,0
granite4.1-guardian:8b,f82c0882cec110279601307cdd632d868e29f16eaa59947bef51096e5f740492,v2_deterministic,SAFE01,fae536920fcd72fba1fa0bb930f9677fa686fcfd6183edca744df6d1d26fccbc,1,completed,1,0
granite4.1-guardian:8b,f82c0882cec110279601307cdd632d868e29f16eaa59947bef51096e5f740492,v2_deterministic,SAFE02,201b4d38d11abaaba423333379cc7d024eccb7bf7c8917334841b0c3a59ba4e2,1,completed,1,0
granite4.1-guardian:8b,f82c0882cec110279601307cdd632d868e29f16eaa59947bef51096e5f740492,v2_deterministic,SAFE03,a186a045768d01ad5ec1196d248b0888d58a9035907db5a40f88af2c50025e31,1,completed,1,0
granite4.1-guardian:8b,f82c0882cec110279601307cdd632d868e29f16eaa59947bef51096e5f740492,v2_deterministic,SAFE04,bdb6dc9620b05f9c0d0c07927060dbe7b7cba95e1155f52989734ed52b0571f3,1,completed,1,0
granite4.1:8b,444af1c4b2fedd6b54041aca558e7300b0b3d5c0468c44619126240323ba2852,v2_deterministic,CODE01,3a6ee053f316ac797eed83be7b511d932088853ce01f109c3a3d048762277fb7,2,network_error,2,0
granite4.1:8b,444af1c4b2fedd6b54041aca558e7300b0b3d5c0468c44619126240323ba2852,v2_deterministic,CODE02,7499e2260b2e423d47622f7a06875ba06e7550d12a493ae94b3374baa89bb127,2,network_error,2,0
granite4.1:8b,444af1c4b2fedd6b54041aca558e7300b0b3d5c0468c44619126240323ba2852,v2_deterministic,CODE03,78fa42595ce9312c77ef3397f4f95625e10003115b153900d9b20047d7234890,2,network_error,2,0
granite4.1:8b,444af1c4b2fedd6b54041aca558e7300b0b3d5c0468c44619126240323ba2852,v2_deterministic,CODE04,cbca68dc260d8f66dc2bd9244e1cdde7634672fdf81446239f5d8d18de488af9,2,network_error,2,0
granite4.1:8b,444af1c4b2fedd6b54041aca558e7300b0b3d5c0468c44619126240323ba2852,v2_deterministic,CODE05,915cc1c3562066f0272a964950a929036d538c65db95285acb47661c925bafce,2,network_error,2,0
granite4.1:8b,444af1c4b2fedd6b54041aca558e7300b0b3d5c0468c44619126240323ba2852,v2_deterministic,CODE06,3113278ebd1124f287fba61fb40b3c2e595434d0784c7956cb5581706b337405,2,network_error,2,0
granite4.1:8b,444af1c4b2fedd6b54041aca558e7300b0b3d5c0468c44619126240323ba2852,v2_deterministic,CODE07,8443ca250d7b0d1ce901412d358f43cfd8a8a809ed659b7528fdab053725683d,2,network_error,2,0
granite4.1:8b,444af1c4b2fedd6b54041aca558e7300b0b3d5c0468c44619126240323ba2852,v2_deterministic,CODE08,ea91a6e1088aa2bcca76c26bda0e3c024ced3c823e075354ba94a454ee186d0c,2,network_error,2,0
granite4.1:8b,444af1c4b2fedd6b54041aca558e7300b0b3d5c0468c44619126240323ba2852,v2_deterministic,CODE09,890539ef90e6d604e2ae66f258de22cd74432676d4b8d18809c45c1033a45148,2,network_error,2,0
granite4.1:8b,444af1c4b2fedd6b54041aca558e7300b0b3d5c0468c44619126240323ba2852,v2_deterministic,CODE10,e5cebee20c39db9b1160848a6803ca80c1537c1b4a574c9e9e4719787cf90147,2,network_error,2,0
granite4.1:8b,444af1c4b2fedd6b54041aca558e7300b0b3d5c0468c44619126240323ba2852,v2_deterministic,EXT01,23e19240d1c16e1536e57fdc92db3b04bbdec298a06ec10cd16e75e3dde97c80,1,completed,1,0
granite4.1:8b,444af1c4b2fedd6b54041aca558e7300b0b3d5c0468c44619126240323ba2852,v2_deterministic,EXT02,2323b07d42fd98286ddb9984b9ac5c9251a6c8ff1f6b1b882cc710ce7afa3423,1,completed,1,0
granite4.1:8b,444af1c4b2fedd6b54041aca558e7300b0b3d5c0468c44619126240323ba2852,v2_deterministic,EXT03,d4536434de6a476283fdf7f9bb5149792fcd7100010686be1b32c32b639a8164,1,completed,1,0
granite4.1:8b,444af1c4b2fedd6b54041aca558e7300b0b3d5c0468c44619126240323ba2852,v2_deterministic,EXT04,2b65a93427ac30657446eb9d1f893339bfb1cb91a0b8beaa93b00bfc0704a7be,1,completed,1,0
granite4.1:8b,444af1c4b2fedd6b54041aca558e7300b0b3d5c0468c44619126240323ba2852,v2_deterministic,EXT05,71cc333232fbc880386e7682fc34da712cb28c4909a2dd3d1b95841eb6cea300,1,completed,1,0
granite4.1:8b,444af1c4b2fedd6b54041aca558e7300b0b3d5c0468c44619126240323ba2852,v2_deterministic,FMT01,fdbd6ebc3c347a192a47b9bb70b303406405c83ee5c1a479aed4f8a338767e4e,1,completed,1,0
granite4.1:8b,444af1c4b2fedd6b54041aca558e7300b0b3d5c0468c44619126240323ba2852,v2_deterministic,FMT02,4c1b340a0b2f1246a3e3b2a0e1e473e56db8c986d00d37cdc56e768eb834a0ba,1,completed,1,0
granite4.1:8b,444af1c4b2fedd6b54041aca558e7300b0b3d5c0468c44619126240323ba2852,v2_deterministic,FMT03,8c5cb8101d228017c6d6c30d04bcea5c1d7c8e890c4c53fdbe9d6cbc518c917d,1,completed,1,0
granite4.1:8b,444af1c4b2fedd6b54041aca558e7300b0b3d5c0468c44619126240323ba2852,v2_deterministic,FMT04,ae17d134fae86bb3b43f8ecdd993f970ae92f959cd70e3fa8f7450147cd0d1a6,1,completed,1,0
granite4.1:8b,444af1c4b2fedd6b54041aca558e7300b0b3d5c0468c44619126240323ba2852,v2_deterministic,FMT05,19ccd3dd7a0ebb4e68aab027affd34cbf0d46ea9dbd9cd14e65acd196adb89d9,1,completed,1,0
granite4.1:8b,444af1c4b2fedd6b54041aca558e7300b0b3d5c0468c44619126240323ba2852,v2_deterministic,FMT06,0b6ff8dc1f3a46e82558eed7660effca9d56ddd36d9def40aae0b4c5096e74d5,1,completed,1,0
granite4.1:8b,444af1c4b2fedd6b54041aca558e7300b0b3d5c0468c44619126240323ba2852,v2_deterministic,INS01,92c2136115d03dede4233303cc97905c7a002fb88115ebd1db9de58140e8fb49,1,completed,1,0
granite4.1:8b,444af1c4b2fedd6b54041aca558e7300b0b3d5c0468c44619126240323ba2852,v2_deterministic,INS02,de26b497ebe5cb51709fa9fdc577123b003dfb2c353cbebac30e4f5bf93645ac,1,completed,1,0
granite4.1:8b,444af1c4b2fedd6b54041aca558e7300b0b3d5c0468c44619126240323ba2852,v2_deterministic,INS03,909b31c3c031bde154ec85239290ea75c8aa5c8d4da09a98d85ae882bf2d6a7a,1,completed,1,0
granite4.1:8b,444af1c4b2fedd6b54041aca558e7300b0b3d5c0468c44619126240323ba2852,v2_deterministic,INS04,91b900395e2ff58c0f3c5403a06cf8c0adb533f43b20e7b3a45edb7e97ff0d62,1,completed,1,0
granite4.1:8b,444af1c4b2fedd6b54041aca558e7300b0b3d5c0468c44619126240323ba2852,v2_deterministic,INS05,ca81b549c99bffc97ea38de7126bc30d0c517223dee1803bb0bd3f9c421b21a1,1,completed,1,0
granite4.1:8b,444af1c4b2fedd6b54041aca558e7300b0b3d5c0468c44619126240323ba2852,v2_deterministic,INS06,b3d1ebb011b327f9f8291c39dc2b40c0df649eb4b272760e8711d0a79deb97dc,1,completed,1,0
granite4.1:8b,444af1c4b2fedd6b54041aca558e7300b0b3d5c0468c44619126240323ba2852,v2_deterministic,MTH01,91c1b555b1295b1908a12c94ac79f1717b1b9021e13f87188c2337ca13ff4dec,1,completed,1,0
granite4.1:8b,444af1c4b2fedd6b54041aca558e7300b0b3d5c0468c44619126240323ba2852,v2_deterministic,MTH02,8a8537aa1edfaa1ffd07a4365fe457f9a197932d51114368857ea86e42272598,1,completed,1,0
granite4.1:8b,444af1c4b2fedd6b54041aca558e7300b0b3d5c0468c44619126240323ba2852,v2_deterministic,MTH03,217987bbf14051d433e3b29bc12807a016ec143004b82a3f9cbaeebbaa5985e1,1,completed,1,0
granite4.1:8b,444af1c4b2fedd6b54041aca558e7300b0b3d5c0468c44619126240323ba2852,v2_deterministic,MTH04,08979b2f33d1572d9db33e681685a5fc0c0e543342c412493ae9cc6bd88cc57a,1,completed,1,0
granite4.1:8b,444af1c4b2fedd6b54041aca558e7300b0b3d5c0468c44619126240323ba2852,v2_deterministic,MTH05,b4fa1e40b3b9684a1d2bb88676eda07383da0b57ae6824f17d843fe6d23ab09c,1,completed,1,0
granite4.1:8b,444af1c4b2fedd6b54041aca558e7300b0b3d5c0468c44619126240323ba2852,v2_deterministic,MTH06,8c2f6233a641c83c0994257b8c0fc1713213b00107981e82ec546653fbd48e9a,1,completed,1,0
granite4.1:8b,444af1c4b2fedd6b54041aca558e7300b0b3d5c0468c44619126240323ba2852,v2_deterministic,MTH07,77372f8353bd9037cf06cd16f704161fb6e710c2633b44b017de15fb2d6014ba,1,completed,1,0
granite4.1:8b,444af1c4b2fedd6b54041aca558e7300b0b3d5c0468c44619126240323ba2852,v2_deterministic,MTH08,f99ba77cfd0638441528507cede31698b3f441917476c11add1ce33a9657d833,1,completed,1,0
granite4.1:8b,444af1c4b2fedd6b54041aca558e7300b0b3d5c0468c44619126240323ba2852,v2_deterministic,PLAN01,9a9bedfa38b9a40dfa884f7653ab7ab7493b0a9b73fac15685dbe8c11ccd1a19,1,completed,1,0
granite4.1:8b,444af1c4b2fedd6b54041aca558e7300b0b3d5c0468c44619126240323ba2852,v2_deterministic,PLAN02,68bf5e5a6462e403b8af413d7eadb4a38e47c9c9ca17f61e19b43d4a2a8eaa85,1,completed,1,0
granite4.1:8b,444af1c4b2fedd6b54041aca558e7300b0b3d5c0468c44619126240323ba2852,v2_deterministic,PLAN03,948844eaa5214f61f8b5335bf7eb418d08acc38c1ab8ed7432a5e51c38d3c621,1,completed,1,0
granite4.1:8b,444af1c4b2fedd6b54041aca558e7300b0b3d5c0468c44619126240323ba2852,v2_deterministic,PLAN04,01baacd18d70e923eb827d25e81a39f7d264c61293c32bcbd23176bf37c9be8c,1,completed,1,0
granite4.1:8b,444af1c4b2fedd6b54041aca558e7300b0b3d5c0468c44619126240323ba2852,v2_deterministic,REL01,6b594598089c44dd88cf1946a640d5ccc4f836148ee1fa955006770edee3f9cb,1,completed,1,0
granite4.1:8b,444af1c4b2fedd6b54041aca558e7300b0b3d5c0468c44619126240323ba2852,v2_deterministic,REL02,12c280b1b46e9da3a84ee9405c87091ac9cdae38f977960195c9c1c131da226e,1,completed,1,0
granite4.1:8b,444af1c4b2fedd6b54041aca558e7300b0b3d5c0468c44619126240323ba2852,v2_deterministic,REL03,5102a20c9a96783f745020f84fc5a2122c2d613b1a9f6824a63e1742ccf809ef,1,completed,1,0
granite4.1:8b,444af1c4b2fedd6b54041aca558e7300b0b3d5c0468c44619126240323ba2852,v2_deterministic,REL04,44db511a77a1ec50736a7ecfb1bc569e30ae22c62fcf6dde5c28135ce36c0405,1,completed,1,0
granite4.1:8b,444af1c4b2fedd6b54041aca558e7300b0b3d5c0468c44619126240323ba2852,v2_deterministic,REL05,e925b5c6d0945cb7ed31ff7e410f25957737e41575899546092c1b33ff7486fa,1,completed,1,0
granite4.1:8b,444af1c4b2fedd6b54041aca558e7300b0b3d5c0468c44619126240323ba2852,v2_deterministic,REL06,ab59032408916654f569f11bebdd1a04d719d429a06970404f315594383330e8,1,completed,1,0
granite4.1:8b,444af1c4b2fedd6b54041aca558e7300b0b3d5c0468c44619126240323ba2852,v2_deterministic,TRANS01,4fc6b6a3efe614d2a9a22eacd20cede0676673da9bf74a978c87bff7e323430f,2,network_error,2,0
granite4.1:8b,444af1c4b2fedd6b54041aca558e7300b0b3d5c0468c44619126240323ba2852,v2_deterministic,TRANS02,661955c3065427dbce61a250fc3e511d79f90743ee73685d2ace500fe326e55b,2,network_error,2,0
granite4.1:8b,444af1c4b2fedd6b54041aca558e7300b0b3d5c0468c44619126240323ba2852,v2_deterministic,TRANS03,17e64b733c6966a1296c2d7edc86c8d91705b7c521e3a509e7b41151df01fd95,2,network_error,2,0
granite4.1:8b,444af1c4b2fedd6b54041aca558e7300b0b3d5c0468c44619126240323ba2852,v2_deterministic,TRANS04,0f9fde745eb99c505ec66656f25e1914df79fa9776e76bd38f9d08c6e4cabe75,2,network_error,2,0
granite4.1:8b,444af1c4b2fedd6b54041aca558e7300b0b3d5c0468c44619126240323ba2852,v2_deterministic,TRANS05,57e482a869c0dffa144e65cfdfb33936399629d70e57ceb4a8d69481a63922b6,2,network_error,2,0
granite4.1:8b,444af1c4b2fedd6b54041aca558e7300b0b3d5c0468c44619126240323ba2852,v2_deterministic,TRANS06,5bc72344646712a814e840aaf5e4b62b5638c39f80d700147273739d02bf5de8,2,network_error,2,0
granite4.1:8b,444af1c4b2fedd6b54041aca558e7300b0b3d5c0468c44619126240323ba2852,v2_deterministic,TRANS07,f587dbde0487a4c877cafbe0eb16b34a9cecb3d51809322c7094eefc78a754d6,2,network_error,2,0
granite4.1:8b,444af1c4b2fedd6b54041aca558e7300b0b3d5c0468c44619126240323ba2852,v2_deterministic,TRANS08,e887b6167ee63b52308c9bc24e1604252f1ec9cfbdf8d33d5178ff1bd57b5dfb,2,network_error,2,0
granite4:7b-a1b-h,566b725534ea0e9824f844abe6a78e1ab6f7357f1efb549be94908cb681513bb,v2_deterministic,CODE01,3a6ee053f316ac797eed83be7b511d932088853ce01f109c3a3d048762277fb7,2,syntax_error,2,0
granite4:7b-a1b-h,566b725534ea0e9824f844abe6a78e1ab6f7357f1efb549be94908cb681513bb,v2_deterministic,CODE02,7499e2260b2e423d47622f7a06875ba06e7550d12a493ae94b3374baa89bb127,2,syntax_error,2,0
granite4:7b-a1b-h,566b725534ea0e9824f844abe6a78e1ab6f7357f1efb549be94908cb681513bb,v2_deterministic,CODE03,78fa42595ce9312c77ef3397f4f95625e10003115b153900d9b20047d7234890,2,completed,2,0
granite4:7b-a1b-h,566b725534ea0e9824f844abe6a78e1ab6f7357f1efb549be94908cb681513bb,v2_deterministic,CODE04,cbca68dc260d8f66dc2bd9244e1cdde7634672fdf81446239f5d8d18de488af9,2,completed,2,0
granite4:7b-a1b-h,566b725534ea0e9824f844abe6a78e1ab6f7357f1efb549be94908cb681513bb,v2_deterministic,CODE05,915cc1c3562066f0272a964950a929036d538c65db95285acb47661c925bafce,2,completed,2,0
granite4:7b-a1b-h,566b725534ea0e9824f844abe6a78e1ab6f7357f1efb549be94908cb681513bb,v2_deterministic,CODE06,3113278ebd1124f287fba61fb40b3c2e595434d0784c7956cb5581706b337405,2,syntax_error,2,0
granite4:7b-a1b-h,566b725534ea0e9824f844abe6a78e1ab6f7357f1efb549be94908cb681513bb,v2_deterministic,CODE07,8443ca250d7b0d1ce901412d358f43cfd8a8a809ed659b7528fdab053725683d,2,syntax_error,2,0
granite4:7b-a1b-h,566b725534ea0e9824f844abe6a78e1ab6f7357f1efb549be94908cb681513bb,v2_deterministic,CODE08,ea91a6e1088aa2bcca76c26bda0e3c024ced3c823e075354ba94a454ee186d0c,2,runtime_error,2,0
granite4:7b-a1b-h,566b725534ea0e9824f844abe6a78e1ab6f7357f1efb549be94908cb681513bb,v2_deterministic,CODE09,890539ef90e6d604e2ae66f258de22cd74432676d4b8d18809c45c1033a45148,2,syntax_error,2,0
granite4:7b-a1b-h,566b725534ea0e9824f844abe6a78e1ab6f7357f1efb549be94908cb681513bb,v2_deterministic,CODE10,e5cebee20c39db9b1160848a6803ca80c1537c1b4a574c9e9e4719787cf90147,2,completed,2,0
granite4:7b-a1b-h,566b725534ea0e9824f844abe6a78e1ab6f7357f1efb549be94908cb681513bb,v2_deterministic,EXT01,23e19240d1c16e1536e57fdc92db3b04bbdec298a06ec10cd16e75e3dde97c80,1,completed,1,0
granite4:7b-a1b-h,566b725534ea0e9824f844abe6a78e1ab6f7357f1efb549be94908cb681513bb,v2_deterministic,EXT02,2323b07d42fd98286ddb9984b9ac5c9251a6c8ff1f6b1b882cc710ce7afa3423,1,completed,1,0
granite4:7b-a1b-h,566b725534ea0e9824f844abe6a78e1ab6f7357f1efb549be94908cb681513bb,v2_deterministic,EXT03,d4536434de6a476283fdf7f9bb5149792fcd7100010686be1b32c32b639a8164,1,completed,1,0
granite4:7b-a1b-h,566b725534ea0e9824f844abe6a78e1ab6f7357f1efb549be94908cb681513bb,v2_deterministic,EXT04,2b65a93427ac30657446eb9d1f893339bfb1cb91a0b8beaa93b00bfc0704a7be,1,completed,1,0
granite4:7b-a1b-h,566b725534ea0e9824f844abe6a78e1ab6f7357f1efb549be94908cb681513bb,v2_deterministic,EXT05,71cc333232fbc880386e7682fc34da712cb28c4909a2dd3d1b95841eb6cea300,1,completed,1,0
granite4:7b-a1b-h,566b725534ea0e9824f844abe6a78e1ab6f7357f1efb549be94908cb681513bb,v2_deterministic,FMT01,fdbd6ebc3c347a192a47b9bb70b303406405c83ee5c1a479aed4f8a338767e4e,1,completed,1,0
granite4:7b-a1b-h,566b725534ea0e9824f844abe6a78e1ab6f7357f1efb549be94908cb681513bb,v2_deterministic,FMT02,4c1b340a0b2f1246a3e3b2a0e1e473e56db8c986d00d37cdc56e768eb834a0ba,1,completed,1,0
granite4:7b-a1b-h,566b725534ea0e9824f844abe6a78e1ab6f7357f1efb549be94908cb681513bb,v2_deterministic,FMT03,8c5cb8101d228017c6d6c30d04bcea5c1d7c8e890c4c53fdbe9d6cbc518c917d,1,completed,1,0
granite4:7b-a1b-h,566b725534ea0e9824f844abe6a78e1ab6f7357f1efb549be94908cb681513bb,v2_deterministic,FMT04,ae17d134fae86bb3b43f8ecdd993f970ae92f959cd70e3fa8f7450147cd0d1a6,1,completed,1,0
granite4:7b-a1b-h,566b725534ea0e9824f844abe6a78e1ab6f7357f1efb549be94908cb681513bb,v2_deterministic,FMT05,19ccd3dd7a0ebb4e68aab027affd34cbf0d46ea9dbd9cd14e65acd196adb89d9,1,completed,1,0
granite4:7b-a1b-h,566b725534ea0e9824f844abe6a78e1ab6f7357f1efb549be94908cb681513bb,v2_deterministic,FMT06,0b6ff8dc1f3a46e82558eed7660effca9d56ddd36d9def40aae0b4c5096e74d5,1,completed,1,0
granite4:7b-a1b-h,566b725534ea0e9824f844abe6a78e1ab6f7357f1efb549be94908cb681513bb,v2_deterministic,INS01,92c2136115d03dede4233303cc97905c7a002fb88115ebd1db9de58140e8fb49,1,completed,1,0
granite4:7b-a1b-h,566b725534ea0e9824f844abe6a78e1ab6f7357f1efb549be94908cb681513bb,v2_deterministic,INS02,de26b497ebe5cb51709fa9fdc577123b003dfb2c353cbebac30e4f5bf93645ac,1,completed,1,0
granite4:7b-a1b-h,566b725534ea0e9824f844abe6a78e1ab6f7357f1efb549be94908cb681513bb,v2_deterministic,INS03,909b31c3c031bde154ec85239290ea75c8aa5c8d4da09a98d85ae882bf2d6a7a,1,completed,1,0
granite4:7b-a1b-h,566b725534ea0e9824f844abe6a78e1ab6f7357f1efb549be94908cb681513bb,v2_deterministic,INS04,91b900395e2ff58c0f3c5403a06cf8c0adb533f43b20e7b3a45edb7e97ff0d62,1,completed,1,0
granite4:7b-a1b-h,566b725534ea0e9824f844abe6a78e1ab6f7357f1efb549be94908cb681513bb,v2_deterministic,INS05,ca81b549c99bffc97ea38de7126bc30d0c517223dee1803bb0bd3f9c421b21a1,1,completed,1,0
granite4:7b-a1b-h,566b725534ea0e9824f844abe6a78e1ab6f7357f1efb549be94908cb681513bb,v2_deterministic,INS06,b3d1ebb011b327f9f8291c39dc2b40c0df649eb4b272760e8711d0a79deb97dc,1,completed,1,0
granite4:7b-a1b-h,566b725534ea0e9824f844abe6a78e1ab6f7357f1efb549be94908cb681513bb,v2_deterministic,MTH01,91c1b555b1295b1908a12c94ac79f1717b1b9021e13f87188c2337ca13ff4dec,1,completed,1,0
granite4:7b-a1b-h,566b725534ea0e9824f844abe6a78e1ab6f7357f1efb549be94908cb681513bb,v2_deterministic,MTH02,8a8537aa1edfaa1ffd07a4365fe457f9a197932d51114368857ea86e42272598,1,completed,1,0
granite4:7b-a1b-h,566b725534ea0e9824f844abe6a78e1ab6f7357f1efb549be94908cb681513bb,v2_deterministic,MTH03,217987bbf14051d433e3b29bc12807a016ec143004b82a3f9cbaeebbaa5985e1,1,completed,1,0
granite4:7b-a1b-h,566b725534ea0e9824f844abe6a78e1ab6f7357f1efb549be94908cb681513bb,v2_deterministic,MTH04,08979b2f33d1572d9db33e681685a5fc0c0e543342c412493ae9cc6bd88cc57a,1,completed,1,0
granite4:7b-a1b-h,566b725534ea0e9824f844abe6a78e1ab6f7357f1efb549be94908cb681513bb,v2_deterministic,MTH05,b4fa1e40b3b9684a1d2bb88676eda07383da0b57ae6824f17d843fe6d23ab09c,1,completed,1,0
granite4:7b-a1b-h,566b725534ea0e9824f844abe6a78e1ab6f7357f1efb549be94908cb681513bb,v2_deterministic,MTH06,8c2f6233a641c83c0994257b8c0fc1713213b00107981e82ec546653fbd48e9a,1,completed,1,0
granite4:7b-a1b-h,566b725534ea0e9824f844abe6a78e1ab6f7357f1efb549be94908cb681513bb,v2_deterministic,MTH07,77372f8353bd9037cf06cd16f704161fb6e710c2633b44b017de15fb2d6014ba,1,completed,1,0
granite4:7b-a1b-h,566b725534ea0e9824f844abe6a78e1ab6f7357f1efb549be94908cb681513bb,v2_deterministic,MTH08,f99ba77cfd0638441528507cede31698b3f441917476c11add1ce33a9657d833,1,completed,1,0
granite4:7b-a1b-h,566b725534ea0e9824f844abe6a78e1ab6f7357f1efb549be94908cb681513bb,v2_deterministic,PLAN01,9a9bedfa38b9a40dfa884f7653ab7ab7493b0a9b73fac15685dbe8c11ccd1a19,1,completed,1,0
granite4:7b-a1b-h,566b725534ea0e9824f844abe6a78e1ab6f7357f1efb549be94908cb681513bb,v2_deterministic,PLAN02,68bf5e5a6462e403b8af413d7eadb4a38e47c9c9ca17f61e19b43d4a2a8eaa85,1,completed,1,0
granite4:7b-a1b-h,566b725534ea0e9824f844abe6a78e1ab6f7357f1efb549be94908cb681513bb,v2_deterministic,PLAN03,948844eaa5214f61f8b5335bf7eb418d08acc38c1ab8ed7432a5e51c38d3c621,1,completed,1,0
granite4:7b-a1b-h,566b725534ea0e9824f844abe6a78e1ab6f7357f1efb549be94908cb681513bb,v2_deterministic,PLAN04,01baacd18d70e923eb827d25e81a39f7d264c61293c32bcbd23176bf37c9be8c,1,completed,1,0
granite4:7b-a1b-h,566b725534ea0e9824f844abe6a78e1ab6f7357f1efb549be94908cb681513bb,v2_deterministic,REL01,6b594598089c44dd88cf1946a640d5ccc4f836148ee1fa955006770edee3f9cb,1,completed,1,0
granite4:7b-a1b-h,566b725534ea0e9824f844abe6a78e1ab6f7357f1efb549be94908cb681513bb,v2_deterministic,REL02,12c280b1b46e9da3a84ee9405c87091ac9cdae38f977960195c9c1c131da226e,1,completed,1,0
granite4:7b-a1b-h,566b725534ea0e9824f844abe6a78e1ab6f7357f1efb549be94908cb681513bb,v2_deterministic,REL03,5102a20c9a96783f745020f84fc5a2122c2d613b1a9f6824a63e1742ccf809ef,1,completed,1,0
granite4:7b-a1b-h,566b725534ea0e9824f844abe6a78e1ab6f7357f1efb549be94908cb681513bb,v2_deterministic,REL04,44db511a77a1ec50736a7ecfb1bc569e30ae22c62fcf6dde5c28135ce36c0405,1,completed,1,0
granite4:7b-a1b-h,566b725534ea0e9824f844abe6a78e1ab6f7357f1efb549be94908cb681513bb,v2_deterministic,REL05,e925b5c6d0945cb7ed31ff7e410f25957737e41575899546092c1b33ff7486fa,1,completed,1,0
granite4:7b-a1b-h,566b725534ea0e9824f844abe6a78e1ab6f7357f1efb549be94908cb681513bb,v2_deterministic,REL06,ab59032408916654f569f11bebdd1a04d719d429a06970404f315594383330e8,1,completed,1,0
granite4:7b-a1b-h,566b725534ea0e9824f844abe6a78e1ab6f7357f1efb549be94908cb681513bb,v2_deterministic,TRANS01,4fc6b6a3efe614d2a9a22eacd20cede0676673da9bf74a978c87bff7e323430f,2,completed,2,0
granite4:7b-a1b-h,566b725534ea0e9824f844abe6a78e1ab6f7357f1efb549be94908cb681513bb,v2_deterministic,TRANS02,661955c3065427dbce61a250fc3e511d79f90743ee73685d2ace500fe326e55b,2,completed,2,0
granite4:7b-a1b-h,566b725534ea0e9824f844abe6a78e1ab6f7357f1efb549be94908cb681513bb,v2_deterministic,TRANS03,17e64b733c6966a1296c2d7edc86c8d91705b7c521e3a509e7b41151df01fd95,2,completed,2,0
granite4:7b-a1b-h,566b725534ea0e9824f844abe6a78e1ab6f7357f1efb549be94908cb681513bb,v2_deterministic,TRANS04,0f9fde745eb99c505ec66656f25e1914df79fa9776e76bd38f9d08c6e4cabe75,2,completed,2,0
granite4:7b-a1b-h,566b725534ea0e9824f844abe6a78e1ab6f7357f1efb549be94908cb681513bb,v2_deterministic,TRANS05,57e482a869c0dffa144e65cfdfb33936399629d70e57ceb4a8d69481a63922b6,2,completed,2,0
granite4:7b-a1b-h,566b725534ea0e9824f844abe6a78e1ab6f7357f1efb549be94908cb681513bb,v2_deterministic,TRANS06,5bc72344646712a814e840aaf5e4b62b5638c39f80d700147273739d02bf5de8,2,completed,2,0
granite4:7b-a1b-h,566b725534ea0e9824f844abe6a78e1ab6f7357f1efb549be94908cb681513bb,v2_deterministic,TRANS07,f587dbde0487a4c877cafbe0eb16b34a9cecb3d51809322c7094eefc78a754d6,2,completed,2,0
granite4:7b-a1b-h,566b725534ea0e9824f844abe6a78e1ab6f7357f1efb549be94908cb681513bb,v2_deterministic,TRANS08,e887b6167ee63b52308c9bc24e1604252f1ec9cfbdf8d33d5178ff1bd57b5dfb,2,completed,2,0
hf.co/ibm-granite/granite-vision-4.1-4b-GGUF:Q4_K_M,b4e09c173a61e28b963fc043aa86715045a50587a17a735529132fde8f979aa1,runner,RUNNER_EXCEPTION,e3b0c44298fc1c149afbf4c8996fb92427ae41e4649b934ca495991b7852b855,1,server_error,1,0
hf.co/ibm-granite/granite-vision-4.1-4b-GGUF:Q4_K_M,b4e09c173a61e28b963fc043aa86715045a50587a17a735529132fde8f979aa1,v2_deterministic,ocr_clear_en,d7ca1880a9a5b7177b46f00d5074a7d8409ff51234f0831776b3bffa500d49a9,1,completed,1,0
hf.co/ibm-granite/granite-vision-4.1-4b-GGUF:Q4_K_M,b4e09c173a61e28b963fc043aa86715045a50587a17a735529132fde8f979aa1,v2_deterministic,ocr_clear_zh,bad3bb32249be4187185329c3a803271cb8f8d119168bc2848ebd03e4b00d267,1,completed,1,0
hf.co/ibm-granite/granite-vision-4.1-4b-GGUF:Q4_K_M,b4e09c173a61e28b963fc043aa86715045a50587a17a735529132fde8f979aa1,v2_deterministic,ocr_fields,c05917edfe4a0cfcc54ccd9fd8c316f7d3df04cde7abbd6c03ac7bb52a8eb6e7,1,completed,1,0
hf.co/ibm-granite/granite-vision-4.1-4b-GGUF:Q4_K_M,b4e09c173a61e28b963fc043aa86715045a50587a17a735529132fde8f979aa1,v2_deterministic,ocr_form,1bfe1c5728c9bda69ea0c7e5ac5a3f401601ab89e4f3186ad15bee7c7b0676aa,1,completed,1,0
hf.co/ibm-granite/granite-vision-4.1-4b-GGUF:Q4_K_M,b4e09c173a61e28b963fc043aa86715045a50587a17a735529132fde8f979aa1,v2_deterministic,ocr_mixed,5c033ded9edb670567007d1beff9c0b38848a9df76cf61ddb151527192846b67,1,completed,1,0
hf.co/lmstudio-community/Qwen3-8B-GGUF:Q4_K_M,f1ab988bb6ceec875a24553886116b82b15aa804e9cb6a374a2e5e1133dd0b7d,reasoning_extended,RSN01,628e78ef737745fb5557c606a30b66302f21073ce08347b704ce4061000c8b67,1,completed,1,0
hf.co/lmstudio-community/Qwen3-8B-GGUF:Q4_K_M,f1ab988bb6ceec875a24553886116b82b15aa804e9cb6a374a2e5e1133dd0b7d,reasoning_extended,RSN02,675e2757d3419d3809b6da58309a9f12a38320e26607c24d574fdf30d2607ec6,1,completed,1,0
hf.co/lmstudio-community/Qwen3-8B-GGUF:Q4_K_M,f1ab988bb6ceec875a24553886116b82b15aa804e9cb6a374a2e5e1133dd0b7d,reasoning_extended,RSN03,182012728ae306a733a56d95c3201c61e53f8372e0a2c3e65534e598b95a2b9c,1,completed,1,0
hf.co/lmstudio-community/Qwen3-8B-GGUF:Q4_K_M,f1ab988bb6ceec875a24553886116b82b15aa804e9cb6a374a2e5e1133dd0b7d,reasoning_extended,RSN04,e2265549dfde6391abd439ef9fe3d8b0e7556b75ffea078f2655ce69f9e023b9,1,completed,1,0
hf.co/lmstudio-community/Qwen3-8B-GGUF:Q4_K_M,f1ab988bb6ceec875a24553886116b82b15aa804e9cb6a374a2e5e1133dd0b7d,reasoning_extended,RSN05,86a73bef82149c5854cc9e1b5712f6b4ec804728c831f565d55ac4f4ffa7ad6a,1,timeout_absolute,1,0
hf.co/lmstudio-community/Qwen3-8B-GGUF:Q4_K_M,f1ab988bb6ceec875a24553886116b82b15aa804e9cb6a374a2e5e1133dd0b7d,reasoning_extended,RSN06,c754b9e7052124fe11e28629f5b42d792d6a35d0c51d6c3d62484b21b93a4ae7,1,completed,1,0
hf.co/lmstudio-community/Qwen3-8B-GGUF:Q4_K_M,f1ab988bb6ceec875a24553886116b82b15aa804e9cb6a374a2e5e1133dd0b7d,reasoning_extended,RSN07,de768c557bec5df8affd4152dea159695c0c3c65e18d796cdd4ce0cbf7b48656,1,timeout_absolute,1,0
hf.co/lmstudio-community/Qwen3-8B-GGUF:Q4_K_M,f1ab988bb6ceec875a24553886116b82b15aa804e9cb6a374a2e5e1133dd0b7d,reasoning_extended,RSN08,961aa43057f176406d95ca3705c2fdea73202d4b3c68a37d8cc827e9e5eee70f,1,completed,1,0
hf.co/lmstudio-community/Qwen3-8B-GGUF:Q4_K_M,f1ab988bb6ceec875a24553886116b82b15aa804e9cb6a374a2e5e1133dd0b7d,reasoning_extended,RSN09,d29f7121a2177bc2c67661d94741905793c99cf2890a9e54e1f33c7c23d63669,1,completed,1,0
hf.co/lmstudio-community/Qwen3-8B-GGUF:Q4_K_M,f1ab988bb6ceec875a24553886116b82b15aa804e9cb6a374a2e5e1133dd0b7d,reasoning_extended,RSN10,e5c78d60e435d2ccdfc13bbb80fc3bba85ddcae5c8bd3e6965385df5842fce38,1,completed,1,0
hf.co/lmstudio-community/Qwen3-8B-GGUF:Q4_K_M,f1ab988bb6ceec875a24553886116b82b15aa804e9cb6a374a2e5e1133dd0b7d,reasoning_native,RSN01_native,5bee3657d213c491618572644b88f1e49b52228af489e539702f4c4fb40430d0,1,completed,1,0
hf.co/lmstudio-community/Qwen3-8B-GGUF:Q4_K_M,f1ab988bb6ceec875a24553886116b82b15aa804e9cb6a374a2e5e1133dd0b7d,reasoning_native,RSN02_native,40a32ac1c67a8f7010da1f13c8f81cb06c9953aebcf22cbc5bf7536ecfe25dbd,1,completed,1,0
hf.co/lmstudio-community/Qwen3-8B-GGUF:Q4_K_M,f1ab988bb6ceec875a24553886116b82b15aa804e9cb6a374a2e5e1133dd0b7d,reasoning_native,RSN03_native,dd615ee749b438963ad3715eb9ac7d1cfab0fd264a470eb09c814c13f5da6080,1,completed,1,0
hf.co/lmstudio-community/Qwen3-8B-GGUF:Q4_K_M,f1ab988bb6ceec875a24553886116b82b15aa804e9cb6a374a2e5e1133dd0b7d,reasoning_native,RSN04_native,bcc93f534fb7c7dacf0c7073c42049b825e09d14f614b6e8ab8cd3c1843a5c79,1,completed,1,0
hf.co/lmstudio-community/Qwen3-8B-GGUF:Q4_K_M,f1ab988bb6ceec875a24553886116b82b15aa804e9cb6a374a2e5e1133dd0b7d,reasoning_native,RSN05_native,70bf8aca8ed8efa2c43eb6cf256161e19748f9023b42ba100608c98fb55faf5c,1,completed,1,0
hf.co/lmstudio-community/Qwen3-8B-GGUF:Q4_K_M,f1ab988bb6ceec875a24553886116b82b15aa804e9cb6a374a2e5e1133dd0b7d,reasoning_native,RSN06_native,c4ec23148e34cb66123ea37e06496b3a7b70de7e4a38dee35a83cdcd8f3e8bdf,1,completed,1,0
hf.co/lmstudio-community/Qwen3-8B-GGUF:Q4_K_M,f1ab988bb6ceec875a24553886116b82b15aa804e9cb6a374a2e5e1133dd0b7d,reasoning_native,RSN07_native,014c927c42888103ffeb6cf7791f0fd752a9368757da620dcd9b05d2bcabfeac,1,completed,1,0
hf.co/lmstudio-community/Qwen3-8B-GGUF:Q4_K_M,f1ab988bb6ceec875a24553886116b82b15aa804e9cb6a374a2e5e1133dd0b7d,reasoning_native,RSN08_native,bfeed8a78f50155b54990c783e798ab124251f8a38528f93fdd997720ac7d4aa,1,completed,1,0
hf.co/lmstudio-community/Qwen3-8B-GGUF:Q4_K_M,f1ab988bb6ceec875a24553886116b82b15aa804e9cb6a374a2e5e1133dd0b7d,reasoning_native,RSN09_native,5a00284c70f458949386a433eb154a4e66589c42a762559a683073be9fd0235e,1,completed,1,0
hf.co/lmstudio-community/Qwen3-8B-GGUF:Q4_K_M,f1ab988bb6ceec875a24553886116b82b15aa804e9cb6a374a2e5e1133dd0b7d,reasoning_native,RSN10_native,af7ef8b99525f206b7874b303816d1252cce5bd7197fe6648a5ba78a9bd6efa1,1,completed,1,0
hf.co/lmstudio-community/Qwen3-8B-GGUF:Q4_K_M,f1ab988bb6ceec875a24553886116b82b15aa804e9cb6a374a2e5e1133dd0b7d,v2_deterministic,CODE01,3a6ee053f316ac797eed83be7b511d932088853ce01f109c3a3d048762277fb7,2,syntax_error,2,0
hf.co/lmstudio-community/Qwen3-8B-GGUF:Q4_K_M,f1ab988bb6ceec875a24553886116b82b15aa804e9cb6a374a2e5e1133dd0b7d,v2_deterministic,CODE02,7499e2260b2e423d47622f7a06875ba06e7550d12a493ae94b3374baa89bb127,2,syntax_error,2,0
hf.co/lmstudio-community/Qwen3-8B-GGUF:Q4_K_M,f1ab988bb6ceec875a24553886116b82b15aa804e9cb6a374a2e5e1133dd0b7d,v2_deterministic,CODE03,78fa42595ce9312c77ef3397f4f95625e10003115b153900d9b20047d7234890,2,syntax_error,2,0
hf.co/lmstudio-community/Qwen3-8B-GGUF:Q4_K_M,f1ab988bb6ceec875a24553886116b82b15aa804e9cb6a374a2e5e1133dd0b7d,v2_deterministic,CODE04,cbca68dc260d8f66dc2bd9244e1cdde7634672fdf81446239f5d8d18de488af9,2,truncated_before_final_answer,2,0
hf.co/lmstudio-community/Qwen3-8B-GGUF:Q4_K_M,f1ab988bb6ceec875a24553886116b82b15aa804e9cb6a374a2e5e1133dd0b7d,v2_deterministic,CODE05,915cc1c3562066f0272a964950a929036d538c65db95285acb47661c925bafce,2,syntax_error,2,0
hf.co/lmstudio-community/Qwen3-8B-GGUF:Q4_K_M,f1ab988bb6ceec875a24553886116b82b15aa804e9cb6a374a2e5e1133dd0b7d,v2_deterministic,CODE06,3113278ebd1124f287fba61fb40b3c2e595434d0784c7956cb5581706b337405,2,syntax_error,2,0
hf.co/lmstudio-community/Qwen3-8B-GGUF:Q4_K_M,f1ab988bb6ceec875a24553886116b82b15aa804e9cb6a374a2e5e1133dd0b7d,v2_deterministic,CODE07,8443ca250d7b0d1ce901412d358f43cfd8a8a809ed659b7528fdab053725683d,2,syntax_error,2,0
hf.co/lmstudio-community/Qwen3-8B-GGUF:Q4_K_M,f1ab988bb6ceec875a24553886116b82b15aa804e9cb6a374a2e5e1133dd0b7d,v2_deterministic,CODE08,ea91a6e1088aa2bcca76c26bda0e3c024ced3c823e075354ba94a454ee186d0c,2,truncated_before_final_answer,2,0
hf.co/lmstudio-community/Qwen3-8B-GGUF:Q4_K_M,f1ab988bb6ceec875a24553886116b82b15aa804e9cb6a374a2e5e1133dd0b7d,v2_deterministic,CODE09,890539ef90e6d604e2ae66f258de22cd74432676d4b8d18809c45c1033a45148,2,truncated_before_final_answer,2,0
hf.co/lmstudio-community/Qwen3-8B-GGUF:Q4_K_M,f1ab988bb6ceec875a24553886116b82b15aa804e9cb6a374a2e5e1133dd0b7d,v2_deterministic,CODE10,e5cebee20c39db9b1160848a6803ca80c1537c1b4a574c9e9e4719787cf90147,2,syntax_error,2,0
hf.co/lmstudio-community/Qwen3-8B-GGUF:Q4_K_M,f1ab988bb6ceec875a24553886116b82b15aa804e9cb6a374a2e5e1133dd0b7d,v2_deterministic,EXT01,23e19240d1c16e1536e57fdc92db3b04bbdec298a06ec10cd16e75e3dde97c80,1,completed,1,0
hf.co/lmstudio-community/Qwen3-8B-GGUF:Q4_K_M,f1ab988bb6ceec875a24553886116b82b15aa804e9cb6a374a2e5e1133dd0b7d,v2_deterministic,EXT02,2323b07d42fd98286ddb9984b9ac5c9251a6c8ff1f6b1b882cc710ce7afa3423,1,completed,1,0
hf.co/lmstudio-community/Qwen3-8B-GGUF:Q4_K_M,f1ab988bb6ceec875a24553886116b82b15aa804e9cb6a374a2e5e1133dd0b7d,v2_deterministic,EXT03,d4536434de6a476283fdf7f9bb5149792fcd7100010686be1b32c32b639a8164,1,completed,1,0
hf.co/lmstudio-community/Qwen3-8B-GGUF:Q4_K_M,f1ab988bb6ceec875a24553886116b82b15aa804e9cb6a374a2e5e1133dd0b7d,v2_deterministic,EXT04,2b65a93427ac30657446eb9d1f893339bfb1cb91a0b8beaa93b00bfc0704a7be,1,completed,1,0
hf.co/lmstudio-community/Qwen3-8B-GGUF:Q4_K_M,f1ab988bb6ceec875a24553886116b82b15aa804e9cb6a374a2e5e1133dd0b7d,v2_deterministic,EXT05,71cc333232fbc880386e7682fc34da712cb28c4909a2dd3d1b95841eb6cea300,1,completed,1,0
hf.co/lmstudio-community/Qwen3-8B-GGUF:Q4_K_M,f1ab988bb6ceec875a24553886116b82b15aa804e9cb6a374a2e5e1133dd0b7d,v2_deterministic,FMT01,fdbd6ebc3c347a192a47b9bb70b303406405c83ee5c1a479aed4f8a338767e4e,1,completed,1,0
hf.co/lmstudio-community/Qwen3-8B-GGUF:Q4_K_M,f1ab988bb6ceec875a24553886116b82b15aa804e9cb6a374a2e5e1133dd0b7d,v2_deterministic,FMT02,4c1b340a0b2f1246a3e3b2a0e1e473e56db8c986d00d37cdc56e768eb834a0ba,1,completed,1,0
hf.co/lmstudio-community/Qwen3-8B-GGUF:Q4_K_M,f1ab988bb6ceec875a24553886116b82b15aa804e9cb6a374a2e5e1133dd0b7d,v2_deterministic,FMT03,8c5cb8101d228017c6d6c30d04bcea5c1d7c8e890c4c53fdbe9d6cbc518c917d,1,completed,1,0
hf.co/lmstudio-community/Qwen3-8B-GGUF:Q4_K_M,f1ab988bb6ceec875a24553886116b82b15aa804e9cb6a374a2e5e1133dd0b7d,v2_deterministic,FMT04,ae17d134fae86bb3b43f8ecdd993f970ae92f959cd70e3fa8f7450147cd0d1a6,1,completed,1,0
hf.co/lmstudio-community/Qwen3-8B-GGUF:Q4_K_M,f1ab988bb6ceec875a24553886116b82b15aa804e9cb6a374a2e5e1133dd0b7d,v2_deterministic,FMT05,19ccd3dd7a0ebb4e68aab027affd34cbf0d46ea9dbd9cd14e65acd196adb89d9,1,completed,1,0
hf.co/lmstudio-community/Qwen3-8B-GGUF:Q4_K_M,f1ab988bb6ceec875a24553886116b82b15aa804e9cb6a374a2e5e1133dd0b7d,v2_deterministic,FMT06,0b6ff8dc1f3a46e82558eed7660effca9d56ddd36d9def40aae0b4c5096e74d5,1,completed,1,0
hf.co/lmstudio-community/Qwen3-8B-GGUF:Q4_K_M,f1ab988bb6ceec875a24553886116b82b15aa804e9cb6a374a2e5e1133dd0b7d,v2_deterministic,INS01,92c2136115d03dede4233303cc97905c7a002fb88115ebd1db9de58140e8fb49,1,completed,1,0
hf.co/lmstudio-community/Qwen3-8B-GGUF:Q4_K_M,f1ab988bb6ceec875a24553886116b82b15aa804e9cb6a374a2e5e1133dd0b7d,v2_deterministic,INS02,de26b497ebe5cb51709fa9fdc577123b003dfb2c353cbebac30e4f5bf93645ac,1,completed,1,0
hf.co/lmstudio-community/Qwen3-8B-GGUF:Q4_K_M,f1ab988bb6ceec875a24553886116b82b15aa804e9cb6a374a2e5e1133dd0b7d,v2_deterministic,INS03,909b31c3c031bde154ec85239290ea75c8aa5c8d4da09a98d85ae882bf2d6a7a,1,completed,1,0
hf.co/lmstudio-community/Qwen3-8B-GGUF:Q4_K_M,f1ab988bb6ceec875a24553886116b82b15aa804e9cb6a374a2e5e1133dd0b7d,v2_deterministic,INS04,91b900395e2ff58c0f3c5403a06cf8c0adb533f43b20e7b3a45edb7e97ff0d62,1,completed,1,0
hf.co/lmstudio-community/Qwen3-8B-GGUF:Q4_K_M,f1ab988bb6ceec875a24553886116b82b15aa804e9cb6a374a2e5e1133dd0b7d,v2_deterministic,INS05,ca81b549c99bffc97ea38de7126bc30d0c517223dee1803bb0bd3f9c421b21a1,1,completed,1,0
hf.co/lmstudio-community/Qwen3-8B-GGUF:Q4_K_M,f1ab988bb6ceec875a24553886116b82b15aa804e9cb6a374a2e5e1133dd0b7d,v2_deterministic,INS06,b3d1ebb011b327f9f8291c39dc2b40c0df649eb4b272760e8711d0a79deb97dc,1,completed,1,0
hf.co/lmstudio-community/Qwen3-8B-GGUF:Q4_K_M,f1ab988bb6ceec875a24553886116b82b15aa804e9cb6a374a2e5e1133dd0b7d,v2_deterministic,MTH01,91c1b555b1295b1908a12c94ac79f1717b1b9021e13f87188c2337ca13ff4dec,1,completed,1,0
hf.co/lmstudio-community/Qwen3-8B-GGUF:Q4_K_M,f1ab988bb6ceec875a24553886116b82b15aa804e9cb6a374a2e5e1133dd0b7d,v2_deterministic,MTH02,8a8537aa1edfaa1ffd07a4365fe457f9a197932d51114368857ea86e42272598,1,completed,1,0
hf.co/lmstudio-community/Qwen3-8B-GGUF:Q4_K_M,f1ab988bb6ceec875a24553886116b82b15aa804e9cb6a374a2e5e1133dd0b7d,v2_deterministic,MTH03,217987bbf14051d433e3b29bc12807a016ec143004b82a3f9cbaeebbaa5985e1,1,completed,1,0
hf.co/lmstudio-community/Qwen3-8B-GGUF:Q4_K_M,f1ab988bb6ceec875a24553886116b82b15aa804e9cb6a374a2e5e1133dd0b7d,v2_deterministic,MTH04,08979b2f33d1572d9db33e681685a5fc0c0e543342c412493ae9cc6bd88cc57a,1,completed,1,0
hf.co/lmstudio-community/Qwen3-8B-GGUF:Q4_K_M,f1ab988bb6ceec875a24553886116b82b15aa804e9cb6a374a2e5e1133dd0b7d,v2_deterministic,MTH05,b4fa1e40b3b9684a1d2bb88676eda07383da0b57ae6824f17d843fe6d23ab09c,1,completed,1,0
hf.co/lmstudio-community/Qwen3-8B-GGUF:Q4_K_M,f1ab988bb6ceec875a24553886116b82b15aa804e9cb6a374a2e5e1133dd0b7d,v2_deterministic,MTH06,8c2f6233a641c83c0994257b8c0fc1713213b00107981e82ec546653fbd48e9a,1,completed,1,0
hf.co/lmstudio-community/Qwen3-8B-GGUF:Q4_K_M,f1ab988bb6ceec875a24553886116b82b15aa804e9cb6a374a2e5e1133dd0b7d,v2_deterministic,MTH07,77372f8353bd9037cf06cd16f704161fb6e710c2633b44b017de15fb2d6014ba,1,completed,1,0
hf.co/lmstudio-community/Qwen3-8B-GGUF:Q4_K_M,f1ab988bb6ceec875a24553886116b82b15aa804e9cb6a374a2e5e1133dd0b7d,v2_deterministic,MTH08,f99ba77cfd0638441528507cede31698b3f441917476c11add1ce33a9657d833,1,completed,1,0
hf.co/lmstudio-community/Qwen3-8B-GGUF:Q4_K_M,f1ab988bb6ceec875a24553886116b82b15aa804e9cb6a374a2e5e1133dd0b7d,v2_deterministic,PLAN01,9a9bedfa38b9a40dfa884f7653ab7ab7493b0a9b73fac15685dbe8c11ccd1a19,1,truncated_before_final_answer,1,0
hf.co/lmstudio-community/Qwen3-8B-GGUF:Q4_K_M,f1ab988bb6ceec875a24553886116b82b15aa804e9cb6a374a2e5e1133dd0b7d,v2_deterministic,PLAN02,68bf5e5a6462e403b8af413d7eadb4a38e47c9c9ca17f61e19b43d4a2a8eaa85,1,completed,1,0
hf.co/lmstudio-community/Qwen3-8B-GGUF:Q4_K_M,f1ab988bb6ceec875a24553886116b82b15aa804e9cb6a374a2e5e1133dd0b7d,v2_deterministic,PLAN03,948844eaa5214f61f8b5335bf7eb418d08acc38c1ab8ed7432a5e51c38d3c621,1,completed,1,0
hf.co/lmstudio-community/Qwen3-8B-GGUF:Q4_K_M,f1ab988bb6ceec875a24553886116b82b15aa804e9cb6a374a2e5e1133dd0b7d,v2_deterministic,PLAN04,01baacd18d70e923eb827d25e81a39f7d264c61293c32bcbd23176bf37c9be8c,1,completed,1,0
hf.co/lmstudio-community/Qwen3-8B-GGUF:Q4_K_M,f1ab988bb6ceec875a24553886116b82b15aa804e9cb6a374a2e5e1133dd0b7d,v2_deterministic,REL01,6b594598089c44dd88cf1946a640d5ccc4f836148ee1fa955006770edee3f9cb,1,completed,1,0
hf.co/lmstudio-community/Qwen3-8B-GGUF:Q4_K_M,f1ab988bb6ceec875a24553886116b82b15aa804e9cb6a374a2e5e1133dd0b7d,v2_deterministic,REL02,12c280b1b46e9da3a84ee9405c87091ac9cdae38f977960195c9c1c131da226e,1,completed,1,0
hf.co/lmstudio-community/Qwen3-8B-GGUF:Q4_K_M,f1ab988bb6ceec875a24553886116b82b15aa804e9cb6a374a2e5e1133dd0b7d,v2_deterministic,REL03,5102a20c9a96783f745020f84fc5a2122c2d613b1a9f6824a63e1742ccf809ef,1,completed,1,0
hf.co/lmstudio-community/Qwen3-8B-GGUF:Q4_K_M,f1ab988bb6ceec875a24553886116b82b15aa804e9cb6a374a2e5e1133dd0b7d,v2_deterministic,REL04,44db511a77a1ec50736a7ecfb1bc569e30ae22c62fcf6dde5c28135ce36c0405,1,completed,1,0
hf.co/lmstudio-community/Qwen3-8B-GGUF:Q4_K_M,f1ab988bb6ceec875a24553886116b82b15aa804e9cb6a374a2e5e1133dd0b7d,v2_deterministic,REL05,e925b5c6d0945cb7ed31ff7e410f25957737e41575899546092c1b33ff7486fa,1,completed,1,0
hf.co/lmstudio-community/Qwen3-8B-GGUF:Q4_K_M,f1ab988bb6ceec875a24553886116b82b15aa804e9cb6a374a2e5e1133dd0b7d,v2_deterministic,REL06,ab59032408916654f569f11bebdd1a04d719d429a06970404f315594383330e8,1,completed,1,0
hf.co/lmstudio-community/Qwen3-8B-GGUF:Q4_K_M,f1ab988bb6ceec875a24553886116b82b15aa804e9cb6a374a2e5e1133dd0b7d,v2_deterministic,TRANS01,4fc6b6a3efe614d2a9a22eacd20cede0676673da9bf74a978c87bff7e323430f,2,completed,2,0
hf.co/lmstudio-community/Qwen3-8B-GGUF:Q4_K_M,f1ab988bb6ceec875a24553886116b82b15aa804e9cb6a374a2e5e1133dd0b7d,v2_deterministic,TRANS02,661955c3065427dbce61a250fc3e511d79f90743ee73685d2ace500fe326e55b,2,completed,2,0
hf.co/lmstudio-community/Qwen3-8B-GGUF:Q4_K_M,f1ab988bb6ceec875a24553886116b82b15aa804e9cb6a374a2e5e1133dd0b7d,v2_deterministic,TRANS03,17e64b733c6966a1296c2d7edc86c8d91705b7c521e3a509e7b41151df01fd95,2,completed,2,0
hf.co/lmstudio-community/Qwen3-8B-GGUF:Q4_K_M,f1ab988bb6ceec875a24553886116b82b15aa804e9cb6a374a2e5e1133dd0b7d,v2_deterministic,TRANS04,0f9fde745eb99c505ec66656f25e1914df79fa9776e76bd38f9d08c6e4cabe75,2,completed,2,0
hf.co/lmstudio-community/Qwen3-8B-GGUF:Q4_K_M,f1ab988bb6ceec875a24553886116b82b15aa804e9cb6a374a2e5e1133dd0b7d,v2_deterministic,TRANS05,57e482a869c0dffa144e65cfdfb33936399629d70e57ceb4a8d69481a63922b6,2,completed,2,0
hf.co/lmstudio-community/Qwen3-8B-GGUF:Q4_K_M,f1ab988bb6ceec875a24553886116b82b15aa804e9cb6a374a2e5e1133dd0b7d,v2_deterministic,TRANS06,5bc72344646712a814e840aaf5e4b62b5638c39f80d700147273739d02bf5de8,2,completed,2,0
hf.co/lmstudio-community/Qwen3-8B-GGUF:Q4_K_M,f1ab988bb6ceec875a24553886116b82b15aa804e9cb6a374a2e5e1133dd0b7d,v2_deterministic,TRANS07,f587dbde0487a4c877cafbe0eb16b34a9cecb3d51809322c7094eefc78a754d6,2,completed,2,0
hf.co/lmstudio-community/Qwen3-8B-GGUF:Q4_K_M,f1ab988bb6ceec875a24553886116b82b15aa804e9cb6a374a2e5e1133dd0b7d,v2_deterministic,TRANS08,e887b6167ee63b52308c9bc24e1604252f1ec9cfbdf8d33d5178ff1bd57b5dfb,2,completed,2,0
hf.co/tiiuae/Falcon-H1R-7B-GGUF:Q4_K_M,7a8fccc56374707c68bd2f899aeaf06b7977a71a5ea1f34b81d4c0afecd77552,reasoning_extended,RSN01,628e78ef737745fb5557c606a30b66302f21073ce08347b704ce4061000c8b67,1,completed,1,0
hf.co/tiiuae/Falcon-H1R-7B-GGUF:Q4_K_M,7a8fccc56374707c68bd2f899aeaf06b7977a71a5ea1f34b81d4c0afecd77552,reasoning_extended,RSN02,675e2757d3419d3809b6da58309a9f12a38320e26607c24d574fdf30d2607ec6,1,completed,1,0
hf.co/tiiuae/Falcon-H1R-7B-GGUF:Q4_K_M,7a8fccc56374707c68bd2f899aeaf06b7977a71a5ea1f34b81d4c0afecd77552,reasoning_extended,RSN03,182012728ae306a733a56d95c3201c61e53f8372e0a2c3e65534e598b95a2b9c,1,completed,1,0
hf.co/tiiuae/Falcon-H1R-7B-GGUF:Q4_K_M,7a8fccc56374707c68bd2f899aeaf06b7977a71a5ea1f34b81d4c0afecd77552,reasoning_extended,RSN04,e2265549dfde6391abd439ef9fe3d8b0e7556b75ffea078f2655ce69f9e023b9,1,completed,1,0
hf.co/tiiuae/Falcon-H1R-7B-GGUF:Q4_K_M,7a8fccc56374707c68bd2f899aeaf06b7977a71a5ea1f34b81d4c0afecd77552,reasoning_extended,RSN05,86a73bef82149c5854cc9e1b5712f6b4ec804728c831f565d55ac4f4ffa7ad6a,1,completed,1,0
hf.co/tiiuae/Falcon-H1R-7B-GGUF:Q4_K_M,7a8fccc56374707c68bd2f899aeaf06b7977a71a5ea1f34b81d4c0afecd77552,reasoning_extended,RSN06,c754b9e7052124fe11e28629f5b42d792d6a35d0c51d6c3d62484b21b93a4ae7,1,completed,1,0
hf.co/tiiuae/Falcon-H1R-7B-GGUF:Q4_K_M,7a8fccc56374707c68bd2f899aeaf06b7977a71a5ea1f34b81d4c0afecd77552,reasoning_extended,RSN07,de768c557bec5df8affd4152dea159695c0c3c65e18d796cdd4ce0cbf7b48656,1,completed,1,0
hf.co/tiiuae/Falcon-H1R-7B-GGUF:Q4_K_M,7a8fccc56374707c68bd2f899aeaf06b7977a71a5ea1f34b81d4c0afecd77552,reasoning_extended,RSN08,961aa43057f176406d95ca3705c2fdea73202d4b3c68a37d8cc827e9e5eee70f,1,completed,1,0
hf.co/tiiuae/Falcon-H1R-7B-GGUF:Q4_K_M,7a8fccc56374707c68bd2f899aeaf06b7977a71a5ea1f34b81d4c0afecd77552,reasoning_extended,RSN09,d29f7121a2177bc2c67661d94741905793c99cf2890a9e54e1f33c7c23d63669,1,completed,1,0
hf.co/tiiuae/Falcon-H1R-7B-GGUF:Q4_K_M,7a8fccc56374707c68bd2f899aeaf06b7977a71a5ea1f34b81d4c0afecd77552,reasoning_extended,RSN10,e5c78d60e435d2ccdfc13bbb80fc3bba85ddcae5c8bd3e6965385df5842fce38,1,completed,1,0
hf.co/tiiuae/Falcon-H1R-7B-GGUF:Q4_K_M,7a8fccc56374707c68bd2f899aeaf06b7977a71a5ea1f34b81d4c0afecd77552,reasoning_native,RSN01_native,5bee3657d213c491618572644b88f1e49b52228af489e539702f4c4fb40430d0,1,completed,1,0
hf.co/tiiuae/Falcon-H1R-7B-GGUF:Q4_K_M,7a8fccc56374707c68bd2f899aeaf06b7977a71a5ea1f34b81d4c0afecd77552,reasoning_native,RSN02_native,40a32ac1c67a8f7010da1f13c8f81cb06c9953aebcf22cbc5bf7536ecfe25dbd,1,completed,1,0
hf.co/tiiuae/Falcon-H1R-7B-GGUF:Q4_K_M,7a8fccc56374707c68bd2f899aeaf06b7977a71a5ea1f34b81d4c0afecd77552,reasoning_native,RSN03_native,dd615ee749b438963ad3715eb9ac7d1cfab0fd264a470eb09c814c13f5da6080,1,completed,1,0
hf.co/tiiuae/Falcon-H1R-7B-GGUF:Q4_K_M,7a8fccc56374707c68bd2f899aeaf06b7977a71a5ea1f34b81d4c0afecd77552,reasoning_native,RSN04_native,bcc93f534fb7c7dacf0c7073c42049b825e09d14f614b6e8ab8cd3c1843a5c79,1,completed,1,0
hf.co/tiiuae/Falcon-H1R-7B-GGUF:Q4_K_M,7a8fccc56374707c68bd2f899aeaf06b7977a71a5ea1f34b81d4c0afecd77552,reasoning_native,RSN05_native,70bf8aca8ed8efa2c43eb6cf256161e19748f9023b42ba100608c98fb55faf5c,1,completed,1,0
hf.co/tiiuae/Falcon-H1R-7B-GGUF:Q4_K_M,7a8fccc56374707c68bd2f899aeaf06b7977a71a5ea1f34b81d4c0afecd77552,reasoning_native,RSN06_native,c4ec23148e34cb66123ea37e06496b3a7b70de7e4a38dee35a83cdcd8f3e8bdf,1,completed,1,0
hf.co/tiiuae/Falcon-H1R-7B-GGUF:Q4_K_M,7a8fccc56374707c68bd2f899aeaf06b7977a71a5ea1f34b81d4c0afecd77552,reasoning_native,RSN07_native,014c927c42888103ffeb6cf7791f0fd752a9368757da620dcd9b05d2bcabfeac,1,completed,1,0
hf.co/tiiuae/Falcon-H1R-7B-GGUF:Q4_K_M,7a8fccc56374707c68bd2f899aeaf06b7977a71a5ea1f34b81d4c0afecd77552,reasoning_native,RSN08_native,bfeed8a78f50155b54990c783e798ab124251f8a38528f93fdd997720ac7d4aa,1,completed,1,0
hf.co/tiiuae/Falcon-H1R-7B-GGUF:Q4_K_M,7a8fccc56374707c68bd2f899aeaf06b7977a71a5ea1f34b81d4c0afecd77552,reasoning_native,RSN09_native,5a00284c70f458949386a433eb154a4e66589c42a762559a683073be9fd0235e,1,completed,1,0
hf.co/tiiuae/Falcon-H1R-7B-GGUF:Q4_K_M,7a8fccc56374707c68bd2f899aeaf06b7977a71a5ea1f34b81d4c0afecd77552,reasoning_native,RSN10_native,af7ef8b99525f206b7874b303816d1252cce5bd7197fe6648a5ba78a9bd6efa1,1,completed,1,0
hf.co/tiiuae/Falcon-H1R-7B-GGUF:Q4_K_M,7a8fccc56374707c68bd2f899aeaf06b7977a71a5ea1f34b81d4c0afecd77552,runner,RUNNER_EXCEPTION,e3b0c44298fc1c149afbf4c8996fb92427ae41e4649b934ca495991b7852b855,1,server_error,1,0
hf.co/tiiuae/Falcon-H1R-7B-GGUF:Q4_K_M,7a8fccc56374707c68bd2f899aeaf06b7977a71a5ea1f34b81d4c0afecd77552,v2_deterministic,CODE01,3a6ee053f316ac797eed83be7b511d932088853ce01f109c3a3d048762277fb7,1,syntax_error,1,0
hf.co/tiiuae/Falcon-H1R-7B-GGUF:Q4_K_M,7a8fccc56374707c68bd2f899aeaf06b7977a71a5ea1f34b81d4c0afecd77552,v2_deterministic,CODE02,7499e2260b2e423d47622f7a06875ba06e7550d12a493ae94b3374baa89bb127,1,syntax_error,1,0
hf.co/tiiuae/Falcon-H1R-7B-GGUF:Q4_K_M,7a8fccc56374707c68bd2f899aeaf06b7977a71a5ea1f34b81d4c0afecd77552,v2_deterministic,CODE03,78fa42595ce9312c77ef3397f4f95625e10003115b153900d9b20047d7234890,1,syntax_error,1,0
hf.co/tiiuae/Falcon-H1R-7B-GGUF:Q4_K_M,7a8fccc56374707c68bd2f899aeaf06b7977a71a5ea1f34b81d4c0afecd77552,v2_deterministic,CODE04,cbca68dc260d8f66dc2bd9244e1cdde7634672fdf81446239f5d8d18de488af9,1,syntax_error,1,0
hf.co/tiiuae/Falcon-H1R-7B-GGUF:Q4_K_M,7a8fccc56374707c68bd2f899aeaf06b7977a71a5ea1f34b81d4c0afecd77552,v2_deterministic,CODE05,915cc1c3562066f0272a964950a929036d538c65db95285acb47661c925bafce,1,syntax_error,1,0
hf.co/tiiuae/Falcon-H1R-7B-GGUF:Q4_K_M,7a8fccc56374707c68bd2f899aeaf06b7977a71a5ea1f34b81d4c0afecd77552,v2_deterministic,CODE06,3113278ebd1124f287fba61fb40b3c2e595434d0784c7956cb5581706b337405,1,syntax_error,1,0
hf.co/tiiuae/Falcon-H1R-7B-GGUF:Q4_K_M,7a8fccc56374707c68bd2f899aeaf06b7977a71a5ea1f34b81d4c0afecd77552,v2_deterministic,CODE07,8443ca250d7b0d1ce901412d358f43cfd8a8a809ed659b7528fdab053725683d,1,syntax_error,1,0
hf.co/tiiuae/Falcon-H1R-7B-GGUF:Q4_K_M,7a8fccc56374707c68bd2f899aeaf06b7977a71a5ea1f34b81d4c0afecd77552,v2_deterministic,CODE08,ea91a6e1088aa2bcca76c26bda0e3c024ced3c823e075354ba94a454ee186d0c,1,syntax_error,1,0
hf.co/tiiuae/Falcon-H1R-7B-GGUF:Q4_K_M,7a8fccc56374707c68bd2f899aeaf06b7977a71a5ea1f34b81d4c0afecd77552,v2_deterministic,CODE09,890539ef90e6d604e2ae66f258de22cd74432676d4b8d18809c45c1033a45148,1,syntax_error,1,0
hf.co/tiiuae/Falcon-H1R-7B-GGUF:Q4_K_M,7a8fccc56374707c68bd2f899aeaf06b7977a71a5ea1f34b81d4c0afecd77552,v2_deterministic,CODE10,e5cebee20c39db9b1160848a6803ca80c1537c1b4a574c9e9e4719787cf90147,1,syntax_error,1,0
hf.co/tiiuae/Falcon-H1R-7B-GGUF:Q4_K_M,7a8fccc56374707c68bd2f899aeaf06b7977a71a5ea1f34b81d4c0afecd77552,v2_deterministic,EXT01,23e19240d1c16e1536e57fdc92db3b04bbdec298a06ec10cd16e75e3dde97c80,1,completed,1,0
hf.co/tiiuae/Falcon-H1R-7B-GGUF:Q4_K_M,7a8fccc56374707c68bd2f899aeaf06b7977a71a5ea1f34b81d4c0afecd77552,v2_deterministic,EXT02,2323b07d42fd98286ddb9984b9ac5c9251a6c8ff1f6b1b882cc710ce7afa3423,1,completed,1,0
hf.co/tiiuae/Falcon-H1R-7B-GGUF:Q4_K_M,7a8fccc56374707c68bd2f899aeaf06b7977a71a5ea1f34b81d4c0afecd77552,v2_deterministic,EXT03,d4536434de6a476283fdf7f9bb5149792fcd7100010686be1b32c32b639a8164,1,completed,1,0
hf.co/tiiuae/Falcon-H1R-7B-GGUF:Q4_K_M,7a8fccc56374707c68bd2f899aeaf06b7977a71a5ea1f34b81d4c0afecd77552,v2_deterministic,EXT04,2b65a93427ac30657446eb9d1f893339bfb1cb91a0b8beaa93b00bfc0704a7be,1,completed,1,0
hf.co/tiiuae/Falcon-H1R-7B-GGUF:Q4_K_M,7a8fccc56374707c68bd2f899aeaf06b7977a71a5ea1f34b81d4c0afecd77552,v2_deterministic,EXT05,71cc333232fbc880386e7682fc34da712cb28c4909a2dd3d1b95841eb6cea300,1,completed,1,0
hf.co/tiiuae/Falcon-H1R-7B-GGUF:Q4_K_M,7a8fccc56374707c68bd2f899aeaf06b7977a71a5ea1f34b81d4c0afecd77552,v2_deterministic,FMT01,fdbd6ebc3c347a192a47b9bb70b303406405c83ee5c1a479aed4f8a338767e4e,1,completed,1,0
hf.co/tiiuae/Falcon-H1R-7B-GGUF:Q4_K_M,7a8fccc56374707c68bd2f899aeaf06b7977a71a5ea1f34b81d4c0afecd77552,v2_deterministic,FMT02,4c1b340a0b2f1246a3e3b2a0e1e473e56db8c986d00d37cdc56e768eb834a0ba,1,completed,1,0
hf.co/tiiuae/Falcon-H1R-7B-GGUF:Q4_K_M,7a8fccc56374707c68bd2f899aeaf06b7977a71a5ea1f34b81d4c0afecd77552,v2_deterministic,FMT03,8c5cb8101d228017c6d6c30d04bcea5c1d7c8e890c4c53fdbe9d6cbc518c917d,1,completed,1,0
hf.co/tiiuae/Falcon-H1R-7B-GGUF:Q4_K_M,7a8fccc56374707c68bd2f899aeaf06b7977a71a5ea1f34b81d4c0afecd77552,v2_deterministic,FMT04,ae17d134fae86bb3b43f8ecdd993f970ae92f959cd70e3fa8f7450147cd0d1a6,1,completed,1,0
hf.co/tiiuae/Falcon-H1R-7B-GGUF:Q4_K_M,7a8fccc56374707c68bd2f899aeaf06b7977a71a5ea1f34b81d4c0afecd77552,v2_deterministic,FMT05,19ccd3dd7a0ebb4e68aab027affd34cbf0d46ea9dbd9cd14e65acd196adb89d9,1,completed,1,0
hf.co/tiiuae/Falcon-H1R-7B-GGUF:Q4_K_M,7a8fccc56374707c68bd2f899aeaf06b7977a71a5ea1f34b81d4c0afecd77552,v2_deterministic,FMT06,0b6ff8dc1f3a46e82558eed7660effca9d56ddd36d9def40aae0b4c5096e74d5,1,completed,1,0
hf.co/tiiuae/Falcon-H1R-7B-GGUF:Q4_K_M,7a8fccc56374707c68bd2f899aeaf06b7977a71a5ea1f34b81d4c0afecd77552,v2_deterministic,INS01,92c2136115d03dede4233303cc97905c7a002fb88115ebd1db9de58140e8fb49,1,completed,1,0
hf.co/tiiuae/Falcon-H1R-7B-GGUF:Q4_K_M,7a8fccc56374707c68bd2f899aeaf06b7977a71a5ea1f34b81d4c0afecd77552,v2_deterministic,INS02,de26b497ebe5cb51709fa9fdc577123b003dfb2c353cbebac30e4f5bf93645ac,1,completed,1,0
hf.co/tiiuae/Falcon-H1R-7B-GGUF:Q4_K_M,7a8fccc56374707c68bd2f899aeaf06b7977a71a5ea1f34b81d4c0afecd77552,v2_deterministic,INS03,909b31c3c031bde154ec85239290ea75c8aa5c8d4da09a98d85ae882bf2d6a7a,1,completed,1,0
hf.co/tiiuae/Falcon-H1R-7B-GGUF:Q4_K_M,7a8fccc56374707c68bd2f899aeaf06b7977a71a5ea1f34b81d4c0afecd77552,v2_deterministic,INS04,91b900395e2ff58c0f3c5403a06cf8c0adb533f43b20e7b3a45edb7e97ff0d62,1,completed,1,0
hf.co/tiiuae/Falcon-H1R-7B-GGUF:Q4_K_M,7a8fccc56374707c68bd2f899aeaf06b7977a71a5ea1f34b81d4c0afecd77552,v2_deterministic,INS05,ca81b549c99bffc97ea38de7126bc30d0c517223dee1803bb0bd3f9c421b21a1,1,completed,1,0
hf.co/tiiuae/Falcon-H1R-7B-GGUF:Q4_K_M,7a8fccc56374707c68bd2f899aeaf06b7977a71a5ea1f34b81d4c0afecd77552,v2_deterministic,INS06,b3d1ebb011b327f9f8291c39dc2b40c0df649eb4b272760e8711d0a79deb97dc,1,completed,1,0
hf.co/tiiuae/Falcon-H1R-7B-GGUF:Q4_K_M,7a8fccc56374707c68bd2f899aeaf06b7977a71a5ea1f34b81d4c0afecd77552,v2_deterministic,MTH01,91c1b555b1295b1908a12c94ac79f1717b1b9021e13f87188c2337ca13ff4dec,1,completed,1,0
hf.co/tiiuae/Falcon-H1R-7B-GGUF:Q4_K_M,7a8fccc56374707c68bd2f899aeaf06b7977a71a5ea1f34b81d4c0afecd77552,v2_deterministic,MTH02,8a8537aa1edfaa1ffd07a4365fe457f9a197932d51114368857ea86e42272598,1,completed,1,0
hf.co/tiiuae/Falcon-H1R-7B-GGUF:Q4_K_M,7a8fccc56374707c68bd2f899aeaf06b7977a71a5ea1f34b81d4c0afecd77552,v2_deterministic,MTH03,217987bbf14051d433e3b29bc12807a016ec143004b82a3f9cbaeebbaa5985e1,1,completed,1,0
hf.co/tiiuae/Falcon-H1R-7B-GGUF:Q4_K_M,7a8fccc56374707c68bd2f899aeaf06b7977a71a5ea1f34b81d4c0afecd77552,v2_deterministic,MTH04,08979b2f33d1572d9db33e681685a5fc0c0e543342c412493ae9cc6bd88cc57a,1,completed,1,0
hf.co/tiiuae/Falcon-H1R-7B-GGUF:Q4_K_M,7a8fccc56374707c68bd2f899aeaf06b7977a71a5ea1f34b81d4c0afecd77552,v2_deterministic,MTH05,b4fa1e40b3b9684a1d2bb88676eda07383da0b57ae6824f17d843fe6d23ab09c,1,completed,1,0
hf.co/tiiuae/Falcon-H1R-7B-GGUF:Q4_K_M,7a8fccc56374707c68bd2f899aeaf06b7977a71a5ea1f34b81d4c0afecd77552,v2_deterministic,MTH06,8c2f6233a641c83c0994257b8c0fc1713213b00107981e82ec546653fbd48e9a,1,completed,1,0
hf.co/tiiuae/Falcon-H1R-7B-GGUF:Q4_K_M,7a8fccc56374707c68bd2f899aeaf06b7977a71a5ea1f34b81d4c0afecd77552,v2_deterministic,MTH07,77372f8353bd9037cf06cd16f704161fb6e710c2633b44b017de15fb2d6014ba,1,completed,1,0
hf.co/tiiuae/Falcon-H1R-7B-GGUF:Q4_K_M,7a8fccc56374707c68bd2f899aeaf06b7977a71a5ea1f34b81d4c0afecd77552,v2_deterministic,MTH08,f99ba77cfd0638441528507cede31698b3f441917476c11add1ce33a9657d833,1,completed,1,0
hf.co/tiiuae/Falcon-H1R-7B-GGUF:Q4_K_M,7a8fccc56374707c68bd2f899aeaf06b7977a71a5ea1f34b81d4c0afecd77552,v2_deterministic,PLAN01,9a9bedfa38b9a40dfa884f7653ab7ab7493b0a9b73fac15685dbe8c11ccd1a19,1,truncated_before_final_answer,1,0
hf.co/tiiuae/Falcon-H1R-7B-GGUF:Q4_K_M,7a8fccc56374707c68bd2f899aeaf06b7977a71a5ea1f34b81d4c0afecd77552,v2_deterministic,PLAN02,68bf5e5a6462e403b8af413d7eadb4a38e47c9c9ca17f61e19b43d4a2a8eaa85,1,completed,1,0
hf.co/tiiuae/Falcon-H1R-7B-GGUF:Q4_K_M,7a8fccc56374707c68bd2f899aeaf06b7977a71a5ea1f34b81d4c0afecd77552,v2_deterministic,PLAN03,948844eaa5214f61f8b5335bf7eb418d08acc38c1ab8ed7432a5e51c38d3c621,1,completed,1,0
hf.co/tiiuae/Falcon-H1R-7B-GGUF:Q4_K_M,7a8fccc56374707c68bd2f899aeaf06b7977a71a5ea1f34b81d4c0afecd77552,v2_deterministic,PLAN04,01baacd18d70e923eb827d25e81a39f7d264c61293c32bcbd23176bf37c9be8c,1,completed,1,0
hf.co/tiiuae/Falcon-H1R-7B-GGUF:Q4_K_M,7a8fccc56374707c68bd2f899aeaf06b7977a71a5ea1f34b81d4c0afecd77552,v2_deterministic,REL01,6b594598089c44dd88cf1946a640d5ccc4f836148ee1fa955006770edee3f9cb,1,completed,1,0
hf.co/tiiuae/Falcon-H1R-7B-GGUF:Q4_K_M,7a8fccc56374707c68bd2f899aeaf06b7977a71a5ea1f34b81d4c0afecd77552,v2_deterministic,REL02,12c280b1b46e9da3a84ee9405c87091ac9cdae38f977960195c9c1c131da226e,1,completed,1,0
hf.co/tiiuae/Falcon-H1R-7B-GGUF:Q4_K_M,7a8fccc56374707c68bd2f899aeaf06b7977a71a5ea1f34b81d4c0afecd77552,v2_deterministic,REL03,5102a20c9a96783f745020f84fc5a2122c2d613b1a9f6824a63e1742ccf809ef,1,completed,1,0
hf.co/tiiuae/Falcon-H1R-7B-GGUF:Q4_K_M,7a8fccc56374707c68bd2f899aeaf06b7977a71a5ea1f34b81d4c0afecd77552,v2_deterministic,REL04,44db511a77a1ec50736a7ecfb1bc569e30ae22c62fcf6dde5c28135ce36c0405,1,completed,1,0
hf.co/tiiuae/Falcon-H1R-7B-GGUF:Q4_K_M,7a8fccc56374707c68bd2f899aeaf06b7977a71a5ea1f34b81d4c0afecd77552,v2_deterministic,REL05,e925b5c6d0945cb7ed31ff7e410f25957737e41575899546092c1b33ff7486fa,1,completed,1,0
hf.co/tiiuae/Falcon-H1R-7B-GGUF:Q4_K_M,7a8fccc56374707c68bd2f899aeaf06b7977a71a5ea1f34b81d4c0afecd77552,v2_deterministic,REL06,ab59032408916654f569f11bebdd1a04d719d429a06970404f315594383330e8,1,completed,1,0
hf.co/tiiuae/Falcon-H1R-7B-GGUF:Q4_K_M,7a8fccc56374707c68bd2f899aeaf06b7977a71a5ea1f34b81d4c0afecd77552,v2_deterministic,TRANS01,4fc6b6a3efe614d2a9a22eacd20cede0676673da9bf74a978c87bff7e323430f,1,completed,1,0
hf.co/tiiuae/Falcon-H1R-7B-GGUF:Q4_K_M,7a8fccc56374707c68bd2f899aeaf06b7977a71a5ea1f34b81d4c0afecd77552,v2_deterministic,TRANS02,661955c3065427dbce61a250fc3e511d79f90743ee73685d2ace500fe326e55b,1,completed,1,0
hf.co/tiiuae/Falcon-H1R-7B-GGUF:Q4_K_M,7a8fccc56374707c68bd2f899aeaf06b7977a71a5ea1f34b81d4c0afecd77552,v2_deterministic,TRANS03,17e64b733c6966a1296c2d7edc86c8d91705b7c521e3a509e7b41151df01fd95,1,completed,1,0
hf.co/tiiuae/Falcon-H1R-7B-GGUF:Q4_K_M,7a8fccc56374707c68bd2f899aeaf06b7977a71a5ea1f34b81d4c0afecd77552,v2_deterministic,TRANS04,0f9fde745eb99c505ec66656f25e1914df79fa9776e76bd38f9d08c6e4cabe75,1,completed,1,0
hf.co/tiiuae/Falcon-H1R-7B-GGUF:Q4_K_M,7a8fccc56374707c68bd2f899aeaf06b7977a71a5ea1f34b81d4c0afecd77552,v2_deterministic,TRANS05,57e482a869c0dffa144e65cfdfb33936399629d70e57ceb4a8d69481a63922b6,1,completed,1,0
hf.co/tiiuae/Falcon-H1R-7B-GGUF:Q4_K_M,7a8fccc56374707c68bd2f899aeaf06b7977a71a5ea1f34b81d4c0afecd77552,v2_deterministic,TRANS06,5bc72344646712a814e840aaf5e4b62b5638c39f80d700147273739d02bf5de8,1,completed,1,0
hf.co/tiiuae/Falcon-H1R-7B-GGUF:Q4_K_M,7a8fccc56374707c68bd2f899aeaf06b7977a71a5ea1f34b81d4c0afecd77552,v2_deterministic,TRANS07,f587dbde0487a4c877cafbe0eb16b34a9cecb3d51809322c7094eefc78a754d6,1,completed,1,0
hf.co/tiiuae/Falcon-H1R-7B-GGUF:Q4_K_M,7a8fccc56374707c68bd2f899aeaf06b7977a71a5ea1f34b81d4c0afecd77552,v2_deterministic,TRANS08,e887b6167ee63b52308c9bc24e1604252f1ec9cfbdf8d33d5178ff1bd57b5dfb,1,completed,1,0
hf.co/unsloth/SmolLM3-3B-GGUF:UD-Q4_K_XL,49c1cb13df5f6647f0a1765a23d420f08a60bf844b1730054c59b271ea99804b,reasoning_extended,RSN01,628e78ef737745fb5557c606a30b66302f21073ce08347b704ce4061000c8b67,1,truncated,1,0
hf.co/unsloth/SmolLM3-3B-GGUF:UD-Q4_K_XL,49c1cb13df5f6647f0a1765a23d420f08a60bf844b1730054c59b271ea99804b,reasoning_extended,RSN02,675e2757d3419d3809b6da58309a9f12a38320e26607c24d574fdf30d2607ec6,1,truncated,1,0
hf.co/unsloth/SmolLM3-3B-GGUF:UD-Q4_K_XL,49c1cb13df5f6647f0a1765a23d420f08a60bf844b1730054c59b271ea99804b,reasoning_extended,RSN03,182012728ae306a733a56d95c3201c61e53f8372e0a2c3e65534e598b95a2b9c,1,completed,1,0
hf.co/unsloth/SmolLM3-3B-GGUF:UD-Q4_K_XL,49c1cb13df5f6647f0a1765a23d420f08a60bf844b1730054c59b271ea99804b,reasoning_extended,RSN04,e2265549dfde6391abd439ef9fe3d8b0e7556b75ffea078f2655ce69f9e023b9,1,completed,1,0
hf.co/unsloth/SmolLM3-3B-GGUF:UD-Q4_K_XL,49c1cb13df5f6647f0a1765a23d420f08a60bf844b1730054c59b271ea99804b,reasoning_extended,RSN05,86a73bef82149c5854cc9e1b5712f6b4ec804728c831f565d55ac4f4ffa7ad6a,1,completed,1,0
hf.co/unsloth/SmolLM3-3B-GGUF:UD-Q4_K_XL,49c1cb13df5f6647f0a1765a23d420f08a60bf844b1730054c59b271ea99804b,reasoning_extended,RSN06,c754b9e7052124fe11e28629f5b42d792d6a35d0c51d6c3d62484b21b93a4ae7,1,completed,1,0
hf.co/unsloth/SmolLM3-3B-GGUF:UD-Q4_K_XL,49c1cb13df5f6647f0a1765a23d420f08a60bf844b1730054c59b271ea99804b,reasoning_extended,RSN07,de768c557bec5df8affd4152dea159695c0c3c65e18d796cdd4ce0cbf7b48656,1,completed,1,0
hf.co/unsloth/SmolLM3-3B-GGUF:UD-Q4_K_XL,49c1cb13df5f6647f0a1765a23d420f08a60bf844b1730054c59b271ea99804b,reasoning_extended,RSN08,961aa43057f176406d95ca3705c2fdea73202d4b3c68a37d8cc827e9e5eee70f,1,completed,1,0
hf.co/unsloth/SmolLM3-3B-GGUF:UD-Q4_K_XL,49c1cb13df5f6647f0a1765a23d420f08a60bf844b1730054c59b271ea99804b,reasoning_extended,RSN09,d29f7121a2177bc2c67661d94741905793c99cf2890a9e54e1f33c7c23d63669,1,truncated,1,0
hf.co/unsloth/SmolLM3-3B-GGUF:UD-Q4_K_XL,49c1cb13df5f6647f0a1765a23d420f08a60bf844b1730054c59b271ea99804b,reasoning_extended,RSN10,e5c78d60e435d2ccdfc13bbb80fc3bba85ddcae5c8bd3e6965385df5842fce38,1,completed,1,0
hf.co/unsloth/SmolLM3-3B-GGUF:UD-Q4_K_XL,49c1cb13df5f6647f0a1765a23d420f08a60bf844b1730054c59b271ea99804b,reasoning_native,RSN01_native,5bee3657d213c491618572644b88f1e49b52228af489e539702f4c4fb40430d0,1,completed,1,0
hf.co/unsloth/SmolLM3-3B-GGUF:UD-Q4_K_XL,49c1cb13df5f6647f0a1765a23d420f08a60bf844b1730054c59b271ea99804b,reasoning_native,RSN02_native,40a32ac1c67a8f7010da1f13c8f81cb06c9953aebcf22cbc5bf7536ecfe25dbd,1,network_error,1,0
hf.co/unsloth/SmolLM3-3B-GGUF:UD-Q4_K_XL,49c1cb13df5f6647f0a1765a23d420f08a60bf844b1730054c59b271ea99804b,reasoning_native,RSN03_native,dd615ee749b438963ad3715eb9ac7d1cfab0fd264a470eb09c814c13f5da6080,1,network_error,1,0
hf.co/unsloth/SmolLM3-3B-GGUF:UD-Q4_K_XL,49c1cb13df5f6647f0a1765a23d420f08a60bf844b1730054c59b271ea99804b,reasoning_native,RSN04_native,bcc93f534fb7c7dacf0c7073c42049b825e09d14f614b6e8ab8cd3c1843a5c79,1,network_error,1,0
hf.co/unsloth/SmolLM3-3B-GGUF:UD-Q4_K_XL,49c1cb13df5f6647f0a1765a23d420f08a60bf844b1730054c59b271ea99804b,reasoning_native,RSN05_native,70bf8aca8ed8efa2c43eb6cf256161e19748f9023b42ba100608c98fb55faf5c,1,network_error,1,0
hf.co/unsloth/SmolLM3-3B-GGUF:UD-Q4_K_XL,49c1cb13df5f6647f0a1765a23d420f08a60bf844b1730054c59b271ea99804b,reasoning_native,RSN06_native,c4ec23148e34cb66123ea37e06496b3a7b70de7e4a38dee35a83cdcd8f3e8bdf,1,network_error,1,0
hf.co/unsloth/SmolLM3-3B-GGUF:UD-Q4_K_XL,49c1cb13df5f6647f0a1765a23d420f08a60bf844b1730054c59b271ea99804b,reasoning_native,RSN07_native,014c927c42888103ffeb6cf7791f0fd752a9368757da620dcd9b05d2bcabfeac,1,network_error,1,0
hf.co/unsloth/SmolLM3-3B-GGUF:UD-Q4_K_XL,49c1cb13df5f6647f0a1765a23d420f08a60bf844b1730054c59b271ea99804b,reasoning_native,RSN08_native,bfeed8a78f50155b54990c783e798ab124251f8a38528f93fdd997720ac7d4aa,1,network_error,1,0
hf.co/unsloth/SmolLM3-3B-GGUF:UD-Q4_K_XL,49c1cb13df5f6647f0a1765a23d420f08a60bf844b1730054c59b271ea99804b,reasoning_native,RSN09_native,5a00284c70f458949386a433eb154a4e66589c42a762559a683073be9fd0235e,1,network_error,1,0
hf.co/unsloth/SmolLM3-3B-GGUF:UD-Q4_K_XL,49c1cb13df5f6647f0a1765a23d420f08a60bf844b1730054c59b271ea99804b,reasoning_native,RSN10_native,af7ef8b99525f206b7874b303816d1252cce5bd7197fe6648a5ba78a9bd6efa1,1,network_error,1,0
hf.co/unsloth/SmolLM3-3B-GGUF:UD-Q4_K_XL,49c1cb13df5f6647f0a1765a23d420f08a60bf844b1730054c59b271ea99804b,v2_deterministic,CODE01,3a6ee053f316ac797eed83be7b511d932088853ce01f109c3a3d048762277fb7,2,truncated,2,0
hf.co/unsloth/SmolLM3-3B-GGUF:UD-Q4_K_XL,49c1cb13df5f6647f0a1765a23d420f08a60bf844b1730054c59b271ea99804b,v2_deterministic,CODE02,7499e2260b2e423d47622f7a06875ba06e7550d12a493ae94b3374baa89bb127,2,syntax_error,2,0
hf.co/unsloth/SmolLM3-3B-GGUF:UD-Q4_K_XL,49c1cb13df5f6647f0a1765a23d420f08a60bf844b1730054c59b271ea99804b,v2_deterministic,CODE03,78fa42595ce9312c77ef3397f4f95625e10003115b153900d9b20047d7234890,2,syntax_error,2,0
hf.co/unsloth/SmolLM3-3B-GGUF:UD-Q4_K_XL,49c1cb13df5f6647f0a1765a23d420f08a60bf844b1730054c59b271ea99804b,v2_deterministic,CODE04,cbca68dc260d8f66dc2bd9244e1cdde7634672fdf81446239f5d8d18de488af9,2,syntax_error,2,0
hf.co/unsloth/SmolLM3-3B-GGUF:UD-Q4_K_XL,49c1cb13df5f6647f0a1765a23d420f08a60bf844b1730054c59b271ea99804b,v2_deterministic,CODE05,915cc1c3562066f0272a964950a929036d538c65db95285acb47661c925bafce,2,syntax_error,2,0
hf.co/unsloth/SmolLM3-3B-GGUF:UD-Q4_K_XL,49c1cb13df5f6647f0a1765a23d420f08a60bf844b1730054c59b271ea99804b,v2_deterministic,CODE06,3113278ebd1124f287fba61fb40b3c2e595434d0784c7956cb5581706b337405,2,truncated,2,0
hf.co/unsloth/SmolLM3-3B-GGUF:UD-Q4_K_XL,49c1cb13df5f6647f0a1765a23d420f08a60bf844b1730054c59b271ea99804b,v2_deterministic,CODE07,8443ca250d7b0d1ce901412d358f43cfd8a8a809ed659b7528fdab053725683d,2,truncated,2,0
hf.co/unsloth/SmolLM3-3B-GGUF:UD-Q4_K_XL,49c1cb13df5f6647f0a1765a23d420f08a60bf844b1730054c59b271ea99804b,v2_deterministic,CODE08,ea91a6e1088aa2bcca76c26bda0e3c024ced3c823e075354ba94a454ee186d0c,2,truncated,2,0
hf.co/unsloth/SmolLM3-3B-GGUF:UD-Q4_K_XL,49c1cb13df5f6647f0a1765a23d420f08a60bf844b1730054c59b271ea99804b,v2_deterministic,CODE09,890539ef90e6d604e2ae66f258de22cd74432676d4b8d18809c45c1033a45148,2,truncated,2,0
hf.co/unsloth/SmolLM3-3B-GGUF:UD-Q4_K_XL,49c1cb13df5f6647f0a1765a23d420f08a60bf844b1730054c59b271ea99804b,v2_deterministic,CODE10,e5cebee20c39db9b1160848a6803ca80c1537c1b4a574c9e9e4719787cf90147,2,syntax_error,2,0
hf.co/unsloth/SmolLM3-3B-GGUF:UD-Q4_K_XL,49c1cb13df5f6647f0a1765a23d420f08a60bf844b1730054c59b271ea99804b,v2_deterministic,EXT01,23e19240d1c16e1536e57fdc92db3b04bbdec298a06ec10cd16e75e3dde97c80,1,completed,1,0
hf.co/unsloth/SmolLM3-3B-GGUF:UD-Q4_K_XL,49c1cb13df5f6647f0a1765a23d420f08a60bf844b1730054c59b271ea99804b,v2_deterministic,EXT02,2323b07d42fd98286ddb9984b9ac5c9251a6c8ff1f6b1b882cc710ce7afa3423,1,completed,1,0
hf.co/unsloth/SmolLM3-3B-GGUF:UD-Q4_K_XL,49c1cb13df5f6647f0a1765a23d420f08a60bf844b1730054c59b271ea99804b,v2_deterministic,EXT03,d4536434de6a476283fdf7f9bb5149792fcd7100010686be1b32c32b639a8164,1,completed,1,0
hf.co/unsloth/SmolLM3-3B-GGUF:UD-Q4_K_XL,49c1cb13df5f6647f0a1765a23d420f08a60bf844b1730054c59b271ea99804b,v2_deterministic,EXT04,2b65a93427ac30657446eb9d1f893339bfb1cb91a0b8beaa93b00bfc0704a7be,1,completed,1,0
hf.co/unsloth/SmolLM3-3B-GGUF:UD-Q4_K_XL,49c1cb13df5f6647f0a1765a23d420f08a60bf844b1730054c59b271ea99804b,v2_deterministic,EXT05,71cc333232fbc880386e7682fc34da712cb28c4909a2dd3d1b95841eb6cea300,1,completed,1,0
hf.co/unsloth/SmolLM3-3B-GGUF:UD-Q4_K_XL,49c1cb13df5f6647f0a1765a23d420f08a60bf844b1730054c59b271ea99804b,v2_deterministic,FMT01,fdbd6ebc3c347a192a47b9bb70b303406405c83ee5c1a479aed4f8a338767e4e,1,truncated,1,0
hf.co/unsloth/SmolLM3-3B-GGUF:UD-Q4_K_XL,49c1cb13df5f6647f0a1765a23d420f08a60bf844b1730054c59b271ea99804b,v2_deterministic,FMT02,4c1b340a0b2f1246a3e3b2a0e1e473e56db8c986d00d37cdc56e768eb834a0ba,1,completed,1,0
hf.co/unsloth/SmolLM3-3B-GGUF:UD-Q4_K_XL,49c1cb13df5f6647f0a1765a23d420f08a60bf844b1730054c59b271ea99804b,v2_deterministic,FMT03,8c5cb8101d228017c6d6c30d04bcea5c1d7c8e890c4c53fdbe9d6cbc518c917d,1,completed,1,0
hf.co/unsloth/SmolLM3-3B-GGUF:UD-Q4_K_XL,49c1cb13df5f6647f0a1765a23d420f08a60bf844b1730054c59b271ea99804b,v2_deterministic,FMT04,ae17d134fae86bb3b43f8ecdd993f970ae92f959cd70e3fa8f7450147cd0d1a6,1,completed,1,0
hf.co/unsloth/SmolLM3-3B-GGUF:UD-Q4_K_XL,49c1cb13df5f6647f0a1765a23d420f08a60bf844b1730054c59b271ea99804b,v2_deterministic,FMT05,19ccd3dd7a0ebb4e68aab027affd34cbf0d46ea9dbd9cd14e65acd196adb89d9,1,completed,1,0
hf.co/unsloth/SmolLM3-3B-GGUF:UD-Q4_K_XL,49c1cb13df5f6647f0a1765a23d420f08a60bf844b1730054c59b271ea99804b,v2_deterministic,FMT06,0b6ff8dc1f3a46e82558eed7660effca9d56ddd36d9def40aae0b4c5096e74d5,1,completed,1,0
hf.co/unsloth/SmolLM3-3B-GGUF:UD-Q4_K_XL,49c1cb13df5f6647f0a1765a23d420f08a60bf844b1730054c59b271ea99804b,v2_deterministic,INS01,92c2136115d03dede4233303cc97905c7a002fb88115ebd1db9de58140e8fb49,1,completed,1,0
hf.co/unsloth/SmolLM3-3B-GGUF:UD-Q4_K_XL,49c1cb13df5f6647f0a1765a23d420f08a60bf844b1730054c59b271ea99804b,v2_deterministic,INS02,de26b497ebe5cb51709fa9fdc577123b003dfb2c353cbebac30e4f5bf93645ac,1,completed,1,0
hf.co/unsloth/SmolLM3-3B-GGUF:UD-Q4_K_XL,49c1cb13df5f6647f0a1765a23d420f08a60bf844b1730054c59b271ea99804b,v2_deterministic,INS03,909b31c3c031bde154ec85239290ea75c8aa5c8d4da09a98d85ae882bf2d6a7a,1,completed,1,0
hf.co/unsloth/SmolLM3-3B-GGUF:UD-Q4_K_XL,49c1cb13df5f6647f0a1765a23d420f08a60bf844b1730054c59b271ea99804b,v2_deterministic,INS04,91b900395e2ff58c0f3c5403a06cf8c0adb533f43b20e7b3a45edb7e97ff0d62,1,completed,1,0
hf.co/unsloth/SmolLM3-3B-GGUF:UD-Q4_K_XL,49c1cb13df5f6647f0a1765a23d420f08a60bf844b1730054c59b271ea99804b,v2_deterministic,INS05,ca81b549c99bffc97ea38de7126bc30d0c517223dee1803bb0bd3f9c421b21a1,1,completed,1,0
hf.co/unsloth/SmolLM3-3B-GGUF:UD-Q4_K_XL,49c1cb13df5f6647f0a1765a23d420f08a60bf844b1730054c59b271ea99804b,v2_deterministic,INS06,b3d1ebb011b327f9f8291c39dc2b40c0df649eb4b272760e8711d0a79deb97dc,1,completed,1,0
hf.co/unsloth/SmolLM3-3B-GGUF:UD-Q4_K_XL,49c1cb13df5f6647f0a1765a23d420f08a60bf844b1730054c59b271ea99804b,v2_deterministic,MTH01,91c1b555b1295b1908a12c94ac79f1717b1b9021e13f87188c2337ca13ff4dec,1,completed,1,0
hf.co/unsloth/SmolLM3-3B-GGUF:UD-Q4_K_XL,49c1cb13df5f6647f0a1765a23d420f08a60bf844b1730054c59b271ea99804b,v2_deterministic,MTH02,8a8537aa1edfaa1ffd07a4365fe457f9a197932d51114368857ea86e42272598,1,completed,1,0
hf.co/unsloth/SmolLM3-3B-GGUF:UD-Q4_K_XL,49c1cb13df5f6647f0a1765a23d420f08a60bf844b1730054c59b271ea99804b,v2_deterministic,MTH03,217987bbf14051d433e3b29bc12807a016ec143004b82a3f9cbaeebbaa5985e1,1,completed,1,0
hf.co/unsloth/SmolLM3-3B-GGUF:UD-Q4_K_XL,49c1cb13df5f6647f0a1765a23d420f08a60bf844b1730054c59b271ea99804b,v2_deterministic,MTH04,08979b2f33d1572d9db33e681685a5fc0c0e543342c412493ae9cc6bd88cc57a,1,completed,1,0
hf.co/unsloth/SmolLM3-3B-GGUF:UD-Q4_K_XL,49c1cb13df5f6647f0a1765a23d420f08a60bf844b1730054c59b271ea99804b,v2_deterministic,MTH05,b4fa1e40b3b9684a1d2bb88676eda07383da0b57ae6824f17d843fe6d23ab09c,1,completed,1,0
hf.co/unsloth/SmolLM3-3B-GGUF:UD-Q4_K_XL,49c1cb13df5f6647f0a1765a23d420f08a60bf844b1730054c59b271ea99804b,v2_deterministic,MTH06,8c2f6233a641c83c0994257b8c0fc1713213b00107981e82ec546653fbd48e9a,1,truncated,1,0
hf.co/unsloth/SmolLM3-3B-GGUF:UD-Q4_K_XL,49c1cb13df5f6647f0a1765a23d420f08a60bf844b1730054c59b271ea99804b,v2_deterministic,MTH07,77372f8353bd9037cf06cd16f704161fb6e710c2633b44b017de15fb2d6014ba,1,completed,1,0
hf.co/unsloth/SmolLM3-3B-GGUF:UD-Q4_K_XL,49c1cb13df5f6647f0a1765a23d420f08a60bf844b1730054c59b271ea99804b,v2_deterministic,MTH08,f99ba77cfd0638441528507cede31698b3f441917476c11add1ce33a9657d833,1,completed,1,0
hf.co/unsloth/SmolLM3-3B-GGUF:UD-Q4_K_XL,49c1cb13df5f6647f0a1765a23d420f08a60bf844b1730054c59b271ea99804b,v2_deterministic,PLAN01,9a9bedfa38b9a40dfa884f7653ab7ab7493b0a9b73fac15685dbe8c11ccd1a19,1,completed,1,0
hf.co/unsloth/SmolLM3-3B-GGUF:UD-Q4_K_XL,49c1cb13df5f6647f0a1765a23d420f08a60bf844b1730054c59b271ea99804b,v2_deterministic,PLAN02,68bf5e5a6462e403b8af413d7eadb4a38e47c9c9ca17f61e19b43d4a2a8eaa85,1,completed,1,0
hf.co/unsloth/SmolLM3-3B-GGUF:UD-Q4_K_XL,49c1cb13df5f6647f0a1765a23d420f08a60bf844b1730054c59b271ea99804b,v2_deterministic,PLAN03,948844eaa5214f61f8b5335bf7eb418d08acc38c1ab8ed7432a5e51c38d3c621,1,truncated,1,0
hf.co/unsloth/SmolLM3-3B-GGUF:UD-Q4_K_XL,49c1cb13df5f6647f0a1765a23d420f08a60bf844b1730054c59b271ea99804b,v2_deterministic,PLAN04,01baacd18d70e923eb827d25e81a39f7d264c61293c32bcbd23176bf37c9be8c,1,truncated,1,0
hf.co/unsloth/SmolLM3-3B-GGUF:UD-Q4_K_XL,49c1cb13df5f6647f0a1765a23d420f08a60bf844b1730054c59b271ea99804b,v2_deterministic,REL01,6b594598089c44dd88cf1946a640d5ccc4f836148ee1fa955006770edee3f9cb,1,completed,1,0
hf.co/unsloth/SmolLM3-3B-GGUF:UD-Q4_K_XL,49c1cb13df5f6647f0a1765a23d420f08a60bf844b1730054c59b271ea99804b,v2_deterministic,REL02,12c280b1b46e9da3a84ee9405c87091ac9cdae38f977960195c9c1c131da226e,1,completed,1,0
hf.co/unsloth/SmolLM3-3B-GGUF:UD-Q4_K_XL,49c1cb13df5f6647f0a1765a23d420f08a60bf844b1730054c59b271ea99804b,v2_deterministic,REL03,5102a20c9a96783f745020f84fc5a2122c2d613b1a9f6824a63e1742ccf809ef,1,completed,1,0
hf.co/unsloth/SmolLM3-3B-GGUF:UD-Q4_K_XL,49c1cb13df5f6647f0a1765a23d420f08a60bf844b1730054c59b271ea99804b,v2_deterministic,REL04,44db511a77a1ec50736a7ecfb1bc569e30ae22c62fcf6dde5c28135ce36c0405,1,completed,1,0
hf.co/unsloth/SmolLM3-3B-GGUF:UD-Q4_K_XL,49c1cb13df5f6647f0a1765a23d420f08a60bf844b1730054c59b271ea99804b,v2_deterministic,REL05,e925b5c6d0945cb7ed31ff7e410f25957737e41575899546092c1b33ff7486fa,1,completed,1,0
hf.co/unsloth/SmolLM3-3B-GGUF:UD-Q4_K_XL,49c1cb13df5f6647f0a1765a23d420f08a60bf844b1730054c59b271ea99804b,v2_deterministic,REL06,ab59032408916654f569f11bebdd1a04d719d429a06970404f315594383330e8,1,completed,1,0
hf.co/unsloth/SmolLM3-3B-GGUF:UD-Q4_K_XL,49c1cb13df5f6647f0a1765a23d420f08a60bf844b1730054c59b271ea99804b,v2_deterministic,TRANS01,4fc6b6a3efe614d2a9a22eacd20cede0676673da9bf74a978c87bff7e323430f,2,completed,2,0
hf.co/unsloth/SmolLM3-3B-GGUF:UD-Q4_K_XL,49c1cb13df5f6647f0a1765a23d420f08a60bf844b1730054c59b271ea99804b,v2_deterministic,TRANS02,661955c3065427dbce61a250fc3e511d79f90743ee73685d2ace500fe326e55b,2,completed,2,0
hf.co/unsloth/SmolLM3-3B-GGUF:UD-Q4_K_XL,49c1cb13df5f6647f0a1765a23d420f08a60bf844b1730054c59b271ea99804b,v2_deterministic,TRANS03,17e64b733c6966a1296c2d7edc86c8d91705b7c521e3a509e7b41151df01fd95,2,completed,2,0
hf.co/unsloth/SmolLM3-3B-GGUF:UD-Q4_K_XL,49c1cb13df5f6647f0a1765a23d420f08a60bf844b1730054c59b271ea99804b,v2_deterministic,TRANS04,0f9fde745eb99c505ec66656f25e1914df79fa9776e76bd38f9d08c6e4cabe75,2,completed,2,0
hf.co/unsloth/SmolLM3-3B-GGUF:UD-Q4_K_XL,49c1cb13df5f6647f0a1765a23d420f08a60bf844b1730054c59b271ea99804b,v2_deterministic,TRANS05,57e482a869c0dffa144e65cfdfb33936399629d70e57ceb4a8d69481a63922b6,2,completed,2,0
hf.co/unsloth/SmolLM3-3B-GGUF:UD-Q4_K_XL,49c1cb13df5f6647f0a1765a23d420f08a60bf844b1730054c59b271ea99804b,v2_deterministic,TRANS06,5bc72344646712a814e840aaf5e4b62b5638c39f80d700147273739d02bf5de8,2,completed,2,0
hf.co/unsloth/SmolLM3-3B-GGUF:UD-Q4_K_XL,49c1cb13df5f6647f0a1765a23d420f08a60bf844b1730054c59b271ea99804b,v2_deterministic,TRANS07,f587dbde0487a4c877cafbe0eb16b34a9cecb3d51809322c7094eefc78a754d6,2,completed,2,0
hf.co/unsloth/SmolLM3-3B-GGUF:UD-Q4_K_XL,49c1cb13df5f6647f0a1765a23d420f08a60bf844b1730054c59b271ea99804b,v2_deterministic,TRANS08,e887b6167ee63b52308c9bc24e1604252f1ec9cfbdf8d33d5178ff1bd57b5dfb,2,completed,2,0
huggingface.co/llmware/phi-4-mini-gguf:latest,812893abf9e42b8b19361eff7b2f4355ccdef03bfae6283c316ca0fb286e14d0,v2_deterministic,CODE01,3a6ee053f316ac797eed83be7b511d932088853ce01f109c3a3d048762277fb7,2,syntax_error,2,0
huggingface.co/llmware/phi-4-mini-gguf:latest,812893abf9e42b8b19361eff7b2f4355ccdef03bfae6283c316ca0fb286e14d0,v2_deterministic,CODE02,7499e2260b2e423d47622f7a06875ba06e7550d12a493ae94b3374baa89bb127,2,completed,2,0
huggingface.co/llmware/phi-4-mini-gguf:latest,812893abf9e42b8b19361eff7b2f4355ccdef03bfae6283c316ca0fb286e14d0,v2_deterministic,CODE03,78fa42595ce9312c77ef3397f4f95625e10003115b153900d9b20047d7234890,2,completed,2,0
huggingface.co/llmware/phi-4-mini-gguf:latest,812893abf9e42b8b19361eff7b2f4355ccdef03bfae6283c316ca0fb286e14d0,v2_deterministic,CODE04,cbca68dc260d8f66dc2bd9244e1cdde7634672fdf81446239f5d8d18de488af9,2,completed,2,0
huggingface.co/llmware/phi-4-mini-gguf:latest,812893abf9e42b8b19361eff7b2f4355ccdef03bfae6283c316ca0fb286e14d0,v2_deterministic,CODE05,915cc1c3562066f0272a964950a929036d538c65db95285acb47661c925bafce,2,completed,2,0
huggingface.co/llmware/phi-4-mini-gguf:latest,812893abf9e42b8b19361eff7b2f4355ccdef03bfae6283c316ca0fb286e14d0,v2_deterministic,CODE06,3113278ebd1124f287fba61fb40b3c2e595434d0784c7956cb5581706b337405,2,runtime_error,2,0
huggingface.co/llmware/phi-4-mini-gguf:latest,812893abf9e42b8b19361eff7b2f4355ccdef03bfae6283c316ca0fb286e14d0,v2_deterministic,CODE07,8443ca250d7b0d1ce901412d358f43cfd8a8a809ed659b7528fdab053725683d,2,runtime_error,2,0
huggingface.co/llmware/phi-4-mini-gguf:latest,812893abf9e42b8b19361eff7b2f4355ccdef03bfae6283c316ca0fb286e14d0,v2_deterministic,CODE08,ea91a6e1088aa2bcca76c26bda0e3c024ced3c823e075354ba94a454ee186d0c,2,completed,2,0
huggingface.co/llmware/phi-4-mini-gguf:latest,812893abf9e42b8b19361eff7b2f4355ccdef03bfae6283c316ca0fb286e14d0,v2_deterministic,CODE09,890539ef90e6d604e2ae66f258de22cd74432676d4b8d18809c45c1033a45148,2,syntax_error,2,0
huggingface.co/llmware/phi-4-mini-gguf:latest,812893abf9e42b8b19361eff7b2f4355ccdef03bfae6283c316ca0fb286e14d0,v2_deterministic,CODE10,e5cebee20c39db9b1160848a6803ca80c1537c1b4a574c9e9e4719787cf90147,2,completed,2,0
huggingface.co/llmware/phi-4-mini-gguf:latest,812893abf9e42b8b19361eff7b2f4355ccdef03bfae6283c316ca0fb286e14d0,v2_deterministic,EXT01,23e19240d1c16e1536e57fdc92db3b04bbdec298a06ec10cd16e75e3dde97c80,1,completed,1,0
huggingface.co/llmware/phi-4-mini-gguf:latest,812893abf9e42b8b19361eff7b2f4355ccdef03bfae6283c316ca0fb286e14d0,v2_deterministic,EXT02,2323b07d42fd98286ddb9984b9ac5c9251a6c8ff1f6b1b882cc710ce7afa3423,1,completed,1,0
huggingface.co/llmware/phi-4-mini-gguf:latest,812893abf9e42b8b19361eff7b2f4355ccdef03bfae6283c316ca0fb286e14d0,v2_deterministic,EXT03,d4536434de6a476283fdf7f9bb5149792fcd7100010686be1b32c32b639a8164,1,completed,1,0
huggingface.co/llmware/phi-4-mini-gguf:latest,812893abf9e42b8b19361eff7b2f4355ccdef03bfae6283c316ca0fb286e14d0,v2_deterministic,EXT04,2b65a93427ac30657446eb9d1f893339bfb1cb91a0b8beaa93b00bfc0704a7be,1,completed,1,0
huggingface.co/llmware/phi-4-mini-gguf:latest,812893abf9e42b8b19361eff7b2f4355ccdef03bfae6283c316ca0fb286e14d0,v2_deterministic,EXT05,71cc333232fbc880386e7682fc34da712cb28c4909a2dd3d1b95841eb6cea300,1,completed,1,0
huggingface.co/llmware/phi-4-mini-gguf:latest,812893abf9e42b8b19361eff7b2f4355ccdef03bfae6283c316ca0fb286e14d0,v2_deterministic,FMT01,fdbd6ebc3c347a192a47b9bb70b303406405c83ee5c1a479aed4f8a338767e4e,1,completed,1,0
huggingface.co/llmware/phi-4-mini-gguf:latest,812893abf9e42b8b19361eff7b2f4355ccdef03bfae6283c316ca0fb286e14d0,v2_deterministic,FMT02,4c1b340a0b2f1246a3e3b2a0e1e473e56db8c986d00d37cdc56e768eb834a0ba,1,completed,1,0
huggingface.co/llmware/phi-4-mini-gguf:latest,812893abf9e42b8b19361eff7b2f4355ccdef03bfae6283c316ca0fb286e14d0,v2_deterministic,FMT03,8c5cb8101d228017c6d6c30d04bcea5c1d7c8e890c4c53fdbe9d6cbc518c917d,1,completed,1,0
huggingface.co/llmware/phi-4-mini-gguf:latest,812893abf9e42b8b19361eff7b2f4355ccdef03bfae6283c316ca0fb286e14d0,v2_deterministic,FMT04,ae17d134fae86bb3b43f8ecdd993f970ae92f959cd70e3fa8f7450147cd0d1a6,1,completed,1,0
huggingface.co/llmware/phi-4-mini-gguf:latest,812893abf9e42b8b19361eff7b2f4355ccdef03bfae6283c316ca0fb286e14d0,v2_deterministic,FMT05,19ccd3dd7a0ebb4e68aab027affd34cbf0d46ea9dbd9cd14e65acd196adb89d9,1,completed,1,0
huggingface.co/llmware/phi-4-mini-gguf:latest,812893abf9e42b8b19361eff7b2f4355ccdef03bfae6283c316ca0fb286e14d0,v2_deterministic,FMT06,0b6ff8dc1f3a46e82558eed7660effca9d56ddd36d9def40aae0b4c5096e74d5,1,completed,1,0
huggingface.co/llmware/phi-4-mini-gguf:latest,812893abf9e42b8b19361eff7b2f4355ccdef03bfae6283c316ca0fb286e14d0,v2_deterministic,INS01,92c2136115d03dede4233303cc97905c7a002fb88115ebd1db9de58140e8fb49,1,completed,1,0
huggingface.co/llmware/phi-4-mini-gguf:latest,812893abf9e42b8b19361eff7b2f4355ccdef03bfae6283c316ca0fb286e14d0,v2_deterministic,INS02,de26b497ebe5cb51709fa9fdc577123b003dfb2c353cbebac30e4f5bf93645ac,1,completed,1,0
huggingface.co/llmware/phi-4-mini-gguf:latest,812893abf9e42b8b19361eff7b2f4355ccdef03bfae6283c316ca0fb286e14d0,v2_deterministic,INS03,909b31c3c031bde154ec85239290ea75c8aa5c8d4da09a98d85ae882bf2d6a7a,1,completed,1,0
huggingface.co/llmware/phi-4-mini-gguf:latest,812893abf9e42b8b19361eff7b2f4355ccdef03bfae6283c316ca0fb286e14d0,v2_deterministic,INS04,91b900395e2ff58c0f3c5403a06cf8c0adb533f43b20e7b3a45edb7e97ff0d62,1,completed,1,0
huggingface.co/llmware/phi-4-mini-gguf:latest,812893abf9e42b8b19361eff7b2f4355ccdef03bfae6283c316ca0fb286e14d0,v2_deterministic,INS05,ca81b549c99bffc97ea38de7126bc30d0c517223dee1803bb0bd3f9c421b21a1,1,completed,1,0
huggingface.co/llmware/phi-4-mini-gguf:latest,812893abf9e42b8b19361eff7b2f4355ccdef03bfae6283c316ca0fb286e14d0,v2_deterministic,INS06,b3d1ebb011b327f9f8291c39dc2b40c0df649eb4b272760e8711d0a79deb97dc,1,completed,1,0
huggingface.co/llmware/phi-4-mini-gguf:latest,812893abf9e42b8b19361eff7b2f4355ccdef03bfae6283c316ca0fb286e14d0,v2_deterministic,MTH01,91c1b555b1295b1908a12c94ac79f1717b1b9021e13f87188c2337ca13ff4dec,1,completed,1,0
huggingface.co/llmware/phi-4-mini-gguf:latest,812893abf9e42b8b19361eff7b2f4355ccdef03bfae6283c316ca0fb286e14d0,v2_deterministic,MTH02,8a8537aa1edfaa1ffd07a4365fe457f9a197932d51114368857ea86e42272598,1,completed,1,0
huggingface.co/llmware/phi-4-mini-gguf:latest,812893abf9e42b8b19361eff7b2f4355ccdef03bfae6283c316ca0fb286e14d0,v2_deterministic,MTH03,217987bbf14051d433e3b29bc12807a016ec143004b82a3f9cbaeebbaa5985e1,1,truncated,1,0
huggingface.co/llmware/phi-4-mini-gguf:latest,812893abf9e42b8b19361eff7b2f4355ccdef03bfae6283c316ca0fb286e14d0,v2_deterministic,MTH04,08979b2f33d1572d9db33e681685a5fc0c0e543342c412493ae9cc6bd88cc57a,1,completed,1,0
huggingface.co/llmware/phi-4-mini-gguf:latest,812893abf9e42b8b19361eff7b2f4355ccdef03bfae6283c316ca0fb286e14d0,v2_deterministic,MTH05,b4fa1e40b3b9684a1d2bb88676eda07383da0b57ae6824f17d843fe6d23ab09c,1,completed,1,0
huggingface.co/llmware/phi-4-mini-gguf:latest,812893abf9e42b8b19361eff7b2f4355ccdef03bfae6283c316ca0fb286e14d0,v2_deterministic,MTH06,8c2f6233a641c83c0994257b8c0fc1713213b00107981e82ec546653fbd48e9a,1,completed,1,0
huggingface.co/llmware/phi-4-mini-gguf:latest,812893abf9e42b8b19361eff7b2f4355ccdef03bfae6283c316ca0fb286e14d0,v2_deterministic,MTH07,77372f8353bd9037cf06cd16f704161fb6e710c2633b44b017de15fb2d6014ba,1,completed,1,0
huggingface.co/llmware/phi-4-mini-gguf:latest,812893abf9e42b8b19361eff7b2f4355ccdef03bfae6283c316ca0fb286e14d0,v2_deterministic,MTH08,f99ba77cfd0638441528507cede31698b3f441917476c11add1ce33a9657d833,1,completed,1,0
huggingface.co/llmware/phi-4-mini-gguf:latest,812893abf9e42b8b19361eff7b2f4355ccdef03bfae6283c316ca0fb286e14d0,v2_deterministic,PLAN01,9a9bedfa38b9a40dfa884f7653ab7ab7493b0a9b73fac15685dbe8c11ccd1a19,1,completed,1,0
huggingface.co/llmware/phi-4-mini-gguf:latest,812893abf9e42b8b19361eff7b2f4355ccdef03bfae6283c316ca0fb286e14d0,v2_deterministic,PLAN02,68bf5e5a6462e403b8af413d7eadb4a38e47c9c9ca17f61e19b43d4a2a8eaa85,1,completed,1,0
huggingface.co/llmware/phi-4-mini-gguf:latest,812893abf9e42b8b19361eff7b2f4355ccdef03bfae6283c316ca0fb286e14d0,v2_deterministic,PLAN03,948844eaa5214f61f8b5335bf7eb418d08acc38c1ab8ed7432a5e51c38d3c621,1,completed,1,0
huggingface.co/llmware/phi-4-mini-gguf:latest,812893abf9e42b8b19361eff7b2f4355ccdef03bfae6283c316ca0fb286e14d0,v2_deterministic,PLAN04,01baacd18d70e923eb827d25e81a39f7d264c61293c32bcbd23176bf37c9be8c,1,completed,1,0
huggingface.co/llmware/phi-4-mini-gguf:latest,812893abf9e42b8b19361eff7b2f4355ccdef03bfae6283c316ca0fb286e14d0,v2_deterministic,REL01,6b594598089c44dd88cf1946a640d5ccc4f836148ee1fa955006770edee3f9cb,1,completed,1,0
huggingface.co/llmware/phi-4-mini-gguf:latest,812893abf9e42b8b19361eff7b2f4355ccdef03bfae6283c316ca0fb286e14d0,v2_deterministic,REL02,12c280b1b46e9da3a84ee9405c87091ac9cdae38f977960195c9c1c131da226e,1,completed,1,0
huggingface.co/llmware/phi-4-mini-gguf:latest,812893abf9e42b8b19361eff7b2f4355ccdef03bfae6283c316ca0fb286e14d0,v2_deterministic,REL03,5102a20c9a96783f745020f84fc5a2122c2d613b1a9f6824a63e1742ccf809ef,1,completed,1,0
huggingface.co/llmware/phi-4-mini-gguf:latest,812893abf9e42b8b19361eff7b2f4355ccdef03bfae6283c316ca0fb286e14d0,v2_deterministic,REL04,44db511a77a1ec50736a7ecfb1bc569e30ae22c62fcf6dde5c28135ce36c0405,1,completed,1,0
huggingface.co/llmware/phi-4-mini-gguf:latest,812893abf9e42b8b19361eff7b2f4355ccdef03bfae6283c316ca0fb286e14d0,v2_deterministic,REL05,e925b5c6d0945cb7ed31ff7e410f25957737e41575899546092c1b33ff7486fa,1,completed,1,0
huggingface.co/llmware/phi-4-mini-gguf:latest,812893abf9e42b8b19361eff7b2f4355ccdef03bfae6283c316ca0fb286e14d0,v2_deterministic,REL06,ab59032408916654f569f11bebdd1a04d719d429a06970404f315594383330e8,1,completed,1,0
huggingface.co/llmware/phi-4-mini-gguf:latest,812893abf9e42b8b19361eff7b2f4355ccdef03bfae6283c316ca0fb286e14d0,v2_deterministic,TRANS01,4fc6b6a3efe614d2a9a22eacd20cede0676673da9bf74a978c87bff7e323430f,2,completed,2,0
huggingface.co/llmware/phi-4-mini-gguf:latest,812893abf9e42b8b19361eff7b2f4355ccdef03bfae6283c316ca0fb286e14d0,v2_deterministic,TRANS02,661955c3065427dbce61a250fc3e511d79f90743ee73685d2ace500fe326e55b,2,completed,2,0
huggingface.co/llmware/phi-4-mini-gguf:latest,812893abf9e42b8b19361eff7b2f4355ccdef03bfae6283c316ca0fb286e14d0,v2_deterministic,TRANS03,17e64b733c6966a1296c2d7edc86c8d91705b7c521e3a509e7b41151df01fd95,2,completed,2,0
huggingface.co/llmware/phi-4-mini-gguf:latest,812893abf9e42b8b19361eff7b2f4355ccdef03bfae6283c316ca0fb286e14d0,v2_deterministic,TRANS04,0f9fde745eb99c505ec66656f25e1914df79fa9776e76bd38f9d08c6e4cabe75,2,completed,2,0
huggingface.co/llmware/phi-4-mini-gguf:latest,812893abf9e42b8b19361eff7b2f4355ccdef03bfae6283c316ca0fb286e14d0,v2_deterministic,TRANS05,57e482a869c0dffa144e65cfdfb33936399629d70e57ceb4a8d69481a63922b6,2,completed,2,0
huggingface.co/llmware/phi-4-mini-gguf:latest,812893abf9e42b8b19361eff7b2f4355ccdef03bfae6283c316ca0fb286e14d0,v2_deterministic,TRANS06,5bc72344646712a814e840aaf5e4b62b5638c39f80d700147273739d02bf5de8,2,completed,2,0
huggingface.co/llmware/phi-4-mini-gguf:latest,812893abf9e42b8b19361eff7b2f4355ccdef03bfae6283c316ca0fb286e14d0,v2_deterministic,TRANS07,f587dbde0487a4c877cafbe0eb16b34a9cecb3d51809322c7094eefc78a754d6,2,completed,2,0
huggingface.co/llmware/phi-4-mini-gguf:latest,812893abf9e42b8b19361eff7b2f4355ccdef03bfae6283c316ca0fb286e14d0,v2_deterministic,TRANS08,e887b6167ee63b52308c9bc24e1604252f1ec9cfbdf8d33d5178ff1bd57b5dfb,2,completed,2,0
huggingface.co/lmstudio-community/DeepSeek-R1-0528-Qwen3-8B-GGUF:latest,1a41a532bd9af10aa092d04bcd0ed7a20c9f4f39bf592d9cea55f46efae6b2f9,reasoning_extended,RSN01,628e78ef737745fb5557c606a30b66302f21073ce08347b704ce4061000c8b67,1,timeout_absolute,1,0
huggingface.co/lmstudio-community/DeepSeek-R1-0528-Qwen3-8B-GGUF:latest,1a41a532bd9af10aa092d04bcd0ed7a20c9f4f39bf592d9cea55f46efae6b2f9,reasoning_extended,RSN02,675e2757d3419d3809b6da58309a9f12a38320e26607c24d574fdf30d2607ec6,1,timeout_absolute,1,0
huggingface.co/lmstudio-community/DeepSeek-R1-0528-Qwen3-8B-GGUF:latest,1a41a532bd9af10aa092d04bcd0ed7a20c9f4f39bf592d9cea55f46efae6b2f9,reasoning_extended,RSN03,182012728ae306a733a56d95c3201c61e53f8372e0a2c3e65534e598b95a2b9c,1,timeout_absolute,1,0
huggingface.co/lmstudio-community/DeepSeek-R1-0528-Qwen3-8B-GGUF:latest,1a41a532bd9af10aa092d04bcd0ed7a20c9f4f39bf592d9cea55f46efae6b2f9,reasoning_extended,RSN04,e2265549dfde6391abd439ef9fe3d8b0e7556b75ffea078f2655ce69f9e023b9,1,timeout_absolute,1,0
huggingface.co/lmstudio-community/DeepSeek-R1-0528-Qwen3-8B-GGUF:latest,1a41a532bd9af10aa092d04bcd0ed7a20c9f4f39bf592d9cea55f46efae6b2f9,reasoning_extended,RSN05,86a73bef82149c5854cc9e1b5712f6b4ec804728c831f565d55ac4f4ffa7ad6a,1,timeout_absolute,1,0
huggingface.co/lmstudio-community/DeepSeek-R1-0528-Qwen3-8B-GGUF:latest,1a41a532bd9af10aa092d04bcd0ed7a20c9f4f39bf592d9cea55f46efae6b2f9,reasoning_extended,RSN06,c754b9e7052124fe11e28629f5b42d792d6a35d0c51d6c3d62484b21b93a4ae7,1,completed,1,0
huggingface.co/lmstudio-community/DeepSeek-R1-0528-Qwen3-8B-GGUF:latest,1a41a532bd9af10aa092d04bcd0ed7a20c9f4f39bf592d9cea55f46efae6b2f9,reasoning_extended,RSN07,de768c557bec5df8affd4152dea159695c0c3c65e18d796cdd4ce0cbf7b48656,1,timeout_absolute,1,0
huggingface.co/lmstudio-community/DeepSeek-R1-0528-Qwen3-8B-GGUF:latest,1a41a532bd9af10aa092d04bcd0ed7a20c9f4f39bf592d9cea55f46efae6b2f9,reasoning_extended,RSN08,961aa43057f176406d95ca3705c2fdea73202d4b3c68a37d8cc827e9e5eee70f,1,completed,1,0
huggingface.co/lmstudio-community/DeepSeek-R1-0528-Qwen3-8B-GGUF:latest,1a41a532bd9af10aa092d04bcd0ed7a20c9f4f39bf592d9cea55f46efae6b2f9,reasoning_extended,RSN09,d29f7121a2177bc2c67661d94741905793c99cf2890a9e54e1f33c7c23d63669,1,completed,1,0
huggingface.co/lmstudio-community/DeepSeek-R1-0528-Qwen3-8B-GGUF:latest,1a41a532bd9af10aa092d04bcd0ed7a20c9f4f39bf592d9cea55f46efae6b2f9,reasoning_extended,RSN10,e5c78d60e435d2ccdfc13bbb80fc3bba85ddcae5c8bd3e6965385df5842fce38,1,completed,1,0
huggingface.co/lmstudio-community/DeepSeek-R1-0528-Qwen3-8B-GGUF:latest,1a41a532bd9af10aa092d04bcd0ed7a20c9f4f39bf592d9cea55f46efae6b2f9,reasoning_native,RSN01_native,5bee3657d213c491618572644b88f1e49b52228af489e539702f4c4fb40430d0,1,timeout_absolute,1,0
huggingface.co/lmstudio-community/DeepSeek-R1-0528-Qwen3-8B-GGUF:latest,1a41a532bd9af10aa092d04bcd0ed7a20c9f4f39bf592d9cea55f46efae6b2f9,reasoning_native,RSN02_native,40a32ac1c67a8f7010da1f13c8f81cb06c9953aebcf22cbc5bf7536ecfe25dbd,1,timeout_absolute,1,0
huggingface.co/lmstudio-community/DeepSeek-R1-0528-Qwen3-8B-GGUF:latest,1a41a532bd9af10aa092d04bcd0ed7a20c9f4f39bf592d9cea55f46efae6b2f9,reasoning_native,RSN03_native,dd615ee749b438963ad3715eb9ac7d1cfab0fd264a470eb09c814c13f5da6080,1,timeout_absolute,1,0
huggingface.co/lmstudio-community/DeepSeek-R1-0528-Qwen3-8B-GGUF:latest,1a41a532bd9af10aa092d04bcd0ed7a20c9f4f39bf592d9cea55f46efae6b2f9,reasoning_native,RSN04_native,bcc93f534fb7c7dacf0c7073c42049b825e09d14f614b6e8ab8cd3c1843a5c79,1,timeout_absolute,1,0
huggingface.co/lmstudio-community/DeepSeek-R1-0528-Qwen3-8B-GGUF:latest,1a41a532bd9af10aa092d04bcd0ed7a20c9f4f39bf592d9cea55f46efae6b2f9,reasoning_native,RSN05_native,70bf8aca8ed8efa2c43eb6cf256161e19748f9023b42ba100608c98fb55faf5c,1,completed,1,0
huggingface.co/lmstudio-community/DeepSeek-R1-0528-Qwen3-8B-GGUF:latest,1a41a532bd9af10aa092d04bcd0ed7a20c9f4f39bf592d9cea55f46efae6b2f9,reasoning_native,RSN06_native,c4ec23148e34cb66123ea37e06496b3a7b70de7e4a38dee35a83cdcd8f3e8bdf,1,completed,1,0
huggingface.co/lmstudio-community/DeepSeek-R1-0528-Qwen3-8B-GGUF:latest,1a41a532bd9af10aa092d04bcd0ed7a20c9f4f39bf592d9cea55f46efae6b2f9,reasoning_native,RSN07_native,014c927c42888103ffeb6cf7791f0fd752a9368757da620dcd9b05d2bcabfeac,1,completed,1,0
huggingface.co/lmstudio-community/DeepSeek-R1-0528-Qwen3-8B-GGUF:latest,1a41a532bd9af10aa092d04bcd0ed7a20c9f4f39bf592d9cea55f46efae6b2f9,reasoning_native,RSN08_native,bfeed8a78f50155b54990c783e798ab124251f8a38528f93fdd997720ac7d4aa,1,completed,1,0
huggingface.co/lmstudio-community/DeepSeek-R1-0528-Qwen3-8B-GGUF:latest,1a41a532bd9af10aa092d04bcd0ed7a20c9f4f39bf592d9cea55f46efae6b2f9,reasoning_native,RSN09_native,5a00284c70f458949386a433eb154a4e66589c42a762559a683073be9fd0235e,1,completed,1,0
huggingface.co/lmstudio-community/DeepSeek-R1-0528-Qwen3-8B-GGUF:latest,1a41a532bd9af10aa092d04bcd0ed7a20c9f4f39bf592d9cea55f46efae6b2f9,reasoning_native,RSN10_native,af7ef8b99525f206b7874b303816d1252cce5bd7197fe6648a5ba78a9bd6efa1,1,completed,1,0
huggingface.co/lmstudio-community/DeepSeek-R1-0528-Qwen3-8B-GGUF:latest,1a41a532bd9af10aa092d04bcd0ed7a20c9f4f39bf592d9cea55f46efae6b2f9,v2_deterministic,CODE01,3a6ee053f316ac797eed83be7b511d932088853ce01f109c3a3d048762277fb7,2,truncated,2,0
huggingface.co/lmstudio-community/DeepSeek-R1-0528-Qwen3-8B-GGUF:latest,1a41a532bd9af10aa092d04bcd0ed7a20c9f4f39bf592d9cea55f46efae6b2f9,v2_deterministic,CODE02,7499e2260b2e423d47622f7a06875ba06e7550d12a493ae94b3374baa89bb127,2,syntax_error,2,0
huggingface.co/lmstudio-community/DeepSeek-R1-0528-Qwen3-8B-GGUF:latest,1a41a532bd9af10aa092d04bcd0ed7a20c9f4f39bf592d9cea55f46efae6b2f9,v2_deterministic,CODE03,78fa42595ce9312c77ef3397f4f95625e10003115b153900d9b20047d7234890,2,syntax_error,2,0
huggingface.co/lmstudio-community/DeepSeek-R1-0528-Qwen3-8B-GGUF:latest,1a41a532bd9af10aa092d04bcd0ed7a20c9f4f39bf592d9cea55f46efae6b2f9,v2_deterministic,CODE04,cbca68dc260d8f66dc2bd9244e1cdde7634672fdf81446239f5d8d18de488af9,2,syntax_error,2,0
huggingface.co/lmstudio-community/DeepSeek-R1-0528-Qwen3-8B-GGUF:latest,1a41a532bd9af10aa092d04bcd0ed7a20c9f4f39bf592d9cea55f46efae6b2f9,v2_deterministic,CODE05,915cc1c3562066f0272a964950a929036d538c65db95285acb47661c925bafce,2,truncated,2,0
huggingface.co/lmstudio-community/DeepSeek-R1-0528-Qwen3-8B-GGUF:latest,1a41a532bd9af10aa092d04bcd0ed7a20c9f4f39bf592d9cea55f46efae6b2f9,v2_deterministic,CODE06,3113278ebd1124f287fba61fb40b3c2e595434d0784c7956cb5581706b337405,2,truncated,2,0
huggingface.co/lmstudio-community/DeepSeek-R1-0528-Qwen3-8B-GGUF:latest,1a41a532bd9af10aa092d04bcd0ed7a20c9f4f39bf592d9cea55f46efae6b2f9,v2_deterministic,CODE07,8443ca250d7b0d1ce901412d358f43cfd8a8a809ed659b7528fdab053725683d,2,truncated,2,0
huggingface.co/lmstudio-community/DeepSeek-R1-0528-Qwen3-8B-GGUF:latest,1a41a532bd9af10aa092d04bcd0ed7a20c9f4f39bf592d9cea55f46efae6b2f9,v2_deterministic,CODE08,ea91a6e1088aa2bcca76c26bda0e3c024ced3c823e075354ba94a454ee186d0c,2,syntax_error,2,0
huggingface.co/lmstudio-community/DeepSeek-R1-0528-Qwen3-8B-GGUF:latest,1a41a532bd9af10aa092d04bcd0ed7a20c9f4f39bf592d9cea55f46efae6b2f9,v2_deterministic,CODE09,890539ef90e6d604e2ae66f258de22cd74432676d4b8d18809c45c1033a45148,2,truncated,2,0
huggingface.co/lmstudio-community/DeepSeek-R1-0528-Qwen3-8B-GGUF:latest,1a41a532bd9af10aa092d04bcd0ed7a20c9f4f39bf592d9cea55f46efae6b2f9,v2_deterministic,CODE10,e5cebee20c39db9b1160848a6803ca80c1537c1b4a574c9e9e4719787cf90147,2,syntax_error,2,0
huggingface.co/lmstudio-community/DeepSeek-R1-0528-Qwen3-8B-GGUF:latest,1a41a532bd9af10aa092d04bcd0ed7a20c9f4f39bf592d9cea55f46efae6b2f9,v2_deterministic,EXT01,23e19240d1c16e1536e57fdc92db3b04bbdec298a06ec10cd16e75e3dde97c80,1,completed,1,0
huggingface.co/lmstudio-community/DeepSeek-R1-0528-Qwen3-8B-GGUF:latest,1a41a532bd9af10aa092d04bcd0ed7a20c9f4f39bf592d9cea55f46efae6b2f9,v2_deterministic,EXT02,2323b07d42fd98286ddb9984b9ac5c9251a6c8ff1f6b1b882cc710ce7afa3423,1,completed,1,0
huggingface.co/lmstudio-community/DeepSeek-R1-0528-Qwen3-8B-GGUF:latest,1a41a532bd9af10aa092d04bcd0ed7a20c9f4f39bf592d9cea55f46efae6b2f9,v2_deterministic,EXT03,d4536434de6a476283fdf7f9bb5149792fcd7100010686be1b32c32b639a8164,1,completed,1,0
huggingface.co/lmstudio-community/DeepSeek-R1-0528-Qwen3-8B-GGUF:latest,1a41a532bd9af10aa092d04bcd0ed7a20c9f4f39bf592d9cea55f46efae6b2f9,v2_deterministic,EXT04,2b65a93427ac30657446eb9d1f893339bfb1cb91a0b8beaa93b00bfc0704a7be,1,completed,1,0
huggingface.co/lmstudio-community/DeepSeek-R1-0528-Qwen3-8B-GGUF:latest,1a41a532bd9af10aa092d04bcd0ed7a20c9f4f39bf592d9cea55f46efae6b2f9,v2_deterministic,EXT05,71cc333232fbc880386e7682fc34da712cb28c4909a2dd3d1b95841eb6cea300,1,completed,1,0
huggingface.co/lmstudio-community/DeepSeek-R1-0528-Qwen3-8B-GGUF:latest,1a41a532bd9af10aa092d04bcd0ed7a20c9f4f39bf592d9cea55f46efae6b2f9,v2_deterministic,FMT01,fdbd6ebc3c347a192a47b9bb70b303406405c83ee5c1a479aed4f8a338767e4e,1,truncated,1,0
huggingface.co/lmstudio-community/DeepSeek-R1-0528-Qwen3-8B-GGUF:latest,1a41a532bd9af10aa092d04bcd0ed7a20c9f4f39bf592d9cea55f46efae6b2f9,v2_deterministic,FMT02,4c1b340a0b2f1246a3e3b2a0e1e473e56db8c986d00d37cdc56e768eb834a0ba,1,completed,1,0
huggingface.co/lmstudio-community/DeepSeek-R1-0528-Qwen3-8B-GGUF:latest,1a41a532bd9af10aa092d04bcd0ed7a20c9f4f39bf592d9cea55f46efae6b2f9,v2_deterministic,FMT03,8c5cb8101d228017c6d6c30d04bcea5c1d7c8e890c4c53fdbe9d6cbc518c917d,1,completed,1,0
huggingface.co/lmstudio-community/DeepSeek-R1-0528-Qwen3-8B-GGUF:latest,1a41a532bd9af10aa092d04bcd0ed7a20c9f4f39bf592d9cea55f46efae6b2f9,v2_deterministic,FMT04,ae17d134fae86bb3b43f8ecdd993f970ae92f959cd70e3fa8f7450147cd0d1a6,1,completed,1,0
huggingface.co/lmstudio-community/DeepSeek-R1-0528-Qwen3-8B-GGUF:latest,1a41a532bd9af10aa092d04bcd0ed7a20c9f4f39bf592d9cea55f46efae6b2f9,v2_deterministic,FMT05,19ccd3dd7a0ebb4e68aab027affd34cbf0d46ea9dbd9cd14e65acd196adb89d9,1,completed,1,0
huggingface.co/lmstudio-community/DeepSeek-R1-0528-Qwen3-8B-GGUF:latest,1a41a532bd9af10aa092d04bcd0ed7a20c9f4f39bf592d9cea55f46efae6b2f9,v2_deterministic,FMT06,0b6ff8dc1f3a46e82558eed7660effca9d56ddd36d9def40aae0b4c5096e74d5,1,completed,1,0
huggingface.co/lmstudio-community/DeepSeek-R1-0528-Qwen3-8B-GGUF:latest,1a41a532bd9af10aa092d04bcd0ed7a20c9f4f39bf592d9cea55f46efae6b2f9,v2_deterministic,INS01,92c2136115d03dede4233303cc97905c7a002fb88115ebd1db9de58140e8fb49,1,completed,1,0
huggingface.co/lmstudio-community/DeepSeek-R1-0528-Qwen3-8B-GGUF:latest,1a41a532bd9af10aa092d04bcd0ed7a20c9f4f39bf592d9cea55f46efae6b2f9,v2_deterministic,INS02,de26b497ebe5cb51709fa9fdc577123b003dfb2c353cbebac30e4f5bf93645ac,1,completed,1,0
huggingface.co/lmstudio-community/DeepSeek-R1-0528-Qwen3-8B-GGUF:latest,1a41a532bd9af10aa092d04bcd0ed7a20c9f4f39bf592d9cea55f46efae6b2f9,v2_deterministic,INS03,909b31c3c031bde154ec85239290ea75c8aa5c8d4da09a98d85ae882bf2d6a7a,1,completed,1,0
huggingface.co/lmstudio-community/DeepSeek-R1-0528-Qwen3-8B-GGUF:latest,1a41a532bd9af10aa092d04bcd0ed7a20c9f4f39bf592d9cea55f46efae6b2f9,v2_deterministic,INS04,91b900395e2ff58c0f3c5403a06cf8c0adb533f43b20e7b3a45edb7e97ff0d62,1,completed,1,0
huggingface.co/lmstudio-community/DeepSeek-R1-0528-Qwen3-8B-GGUF:latest,1a41a532bd9af10aa092d04bcd0ed7a20c9f4f39bf592d9cea55f46efae6b2f9,v2_deterministic,INS05,ca81b549c99bffc97ea38de7126bc30d0c517223dee1803bb0bd3f9c421b21a1,1,completed,1,0
huggingface.co/lmstudio-community/DeepSeek-R1-0528-Qwen3-8B-GGUF:latest,1a41a532bd9af10aa092d04bcd0ed7a20c9f4f39bf592d9cea55f46efae6b2f9,v2_deterministic,INS06,b3d1ebb011b327f9f8291c39dc2b40c0df649eb4b272760e8711d0a79deb97dc,1,completed,1,0
huggingface.co/lmstudio-community/DeepSeek-R1-0528-Qwen3-8B-GGUF:latest,1a41a532bd9af10aa092d04bcd0ed7a20c9f4f39bf592d9cea55f46efae6b2f9,v2_deterministic,MTH01,91c1b555b1295b1908a12c94ac79f1717b1b9021e13f87188c2337ca13ff4dec,1,completed,1,0
huggingface.co/lmstudio-community/DeepSeek-R1-0528-Qwen3-8B-GGUF:latest,1a41a532bd9af10aa092d04bcd0ed7a20c9f4f39bf592d9cea55f46efae6b2f9,v2_deterministic,MTH02,8a8537aa1edfaa1ffd07a4365fe457f9a197932d51114368857ea86e42272598,1,completed,1,0
huggingface.co/lmstudio-community/DeepSeek-R1-0528-Qwen3-8B-GGUF:latest,1a41a532bd9af10aa092d04bcd0ed7a20c9f4f39bf592d9cea55f46efae6b2f9,v2_deterministic,MTH03,217987bbf14051d433e3b29bc12807a016ec143004b82a3f9cbaeebbaa5985e1,1,truncated,1,0
huggingface.co/lmstudio-community/DeepSeek-R1-0528-Qwen3-8B-GGUF:latest,1a41a532bd9af10aa092d04bcd0ed7a20c9f4f39bf592d9cea55f46efae6b2f9,v2_deterministic,MTH04,08979b2f33d1572d9db33e681685a5fc0c0e543342c412493ae9cc6bd88cc57a,1,completed,1,0
huggingface.co/lmstudio-community/DeepSeek-R1-0528-Qwen3-8B-GGUF:latest,1a41a532bd9af10aa092d04bcd0ed7a20c9f4f39bf592d9cea55f46efae6b2f9,v2_deterministic,MTH05,b4fa1e40b3b9684a1d2bb88676eda07383da0b57ae6824f17d843fe6d23ab09c,1,truncated,1,0
huggingface.co/lmstudio-community/DeepSeek-R1-0528-Qwen3-8B-GGUF:latest,1a41a532bd9af10aa092d04bcd0ed7a20c9f4f39bf592d9cea55f46efae6b2f9,v2_deterministic,MTH06,8c2f6233a641c83c0994257b8c0fc1713213b00107981e82ec546653fbd48e9a,1,truncated,1,0
huggingface.co/lmstudio-community/DeepSeek-R1-0528-Qwen3-8B-GGUF:latest,1a41a532bd9af10aa092d04bcd0ed7a20c9f4f39bf592d9cea55f46efae6b2f9,v2_deterministic,MTH07,77372f8353bd9037cf06cd16f704161fb6e710c2633b44b017de15fb2d6014ba,1,completed,1,0
huggingface.co/lmstudio-community/DeepSeek-R1-0528-Qwen3-8B-GGUF:latest,1a41a532bd9af10aa092d04bcd0ed7a20c9f4f39bf592d9cea55f46efae6b2f9,v2_deterministic,MTH08,f99ba77cfd0638441528507cede31698b3f441917476c11add1ce33a9657d833,1,completed,1,0
huggingface.co/lmstudio-community/DeepSeek-R1-0528-Qwen3-8B-GGUF:latest,1a41a532bd9af10aa092d04bcd0ed7a20c9f4f39bf592d9cea55f46efae6b2f9,v2_deterministic,PLAN01,9a9bedfa38b9a40dfa884f7653ab7ab7493b0a9b73fac15685dbe8c11ccd1a19,1,truncated,1,0
huggingface.co/lmstudio-community/DeepSeek-R1-0528-Qwen3-8B-GGUF:latest,1a41a532bd9af10aa092d04bcd0ed7a20c9f4f39bf592d9cea55f46efae6b2f9,v2_deterministic,PLAN02,68bf5e5a6462e403b8af413d7eadb4a38e47c9c9ca17f61e19b43d4a2a8eaa85,1,completed,1,0
huggingface.co/lmstudio-community/DeepSeek-R1-0528-Qwen3-8B-GGUF:latest,1a41a532bd9af10aa092d04bcd0ed7a20c9f4f39bf592d9cea55f46efae6b2f9,v2_deterministic,PLAN03,948844eaa5214f61f8b5335bf7eb418d08acc38c1ab8ed7432a5e51c38d3c621,1,truncated,1,0
huggingface.co/lmstudio-community/DeepSeek-R1-0528-Qwen3-8B-GGUF:latest,1a41a532bd9af10aa092d04bcd0ed7a20c9f4f39bf592d9cea55f46efae6b2f9,v2_deterministic,PLAN04,01baacd18d70e923eb827d25e81a39f7d264c61293c32bcbd23176bf37c9be8c,1,truncated,1,0
huggingface.co/lmstudio-community/DeepSeek-R1-0528-Qwen3-8B-GGUF:latest,1a41a532bd9af10aa092d04bcd0ed7a20c9f4f39bf592d9cea55f46efae6b2f9,v2_deterministic,REL01,6b594598089c44dd88cf1946a640d5ccc4f836148ee1fa955006770edee3f9cb,1,completed,1,0
huggingface.co/lmstudio-community/DeepSeek-R1-0528-Qwen3-8B-GGUF:latest,1a41a532bd9af10aa092d04bcd0ed7a20c9f4f39bf592d9cea55f46efae6b2f9,v2_deterministic,REL02,12c280b1b46e9da3a84ee9405c87091ac9cdae38f977960195c9c1c131da226e,1,completed,1,0
huggingface.co/lmstudio-community/DeepSeek-R1-0528-Qwen3-8B-GGUF:latest,1a41a532bd9af10aa092d04bcd0ed7a20c9f4f39bf592d9cea55f46efae6b2f9,v2_deterministic,REL03,5102a20c9a96783f745020f84fc5a2122c2d613b1a9f6824a63e1742ccf809ef,1,completed,1,0
huggingface.co/lmstudio-community/DeepSeek-R1-0528-Qwen3-8B-GGUF:latest,1a41a532bd9af10aa092d04bcd0ed7a20c9f4f39bf592d9cea55f46efae6b2f9,v2_deterministic,REL04,44db511a77a1ec50736a7ecfb1bc569e30ae22c62fcf6dde5c28135ce36c0405,1,completed,1,0
huggingface.co/lmstudio-community/DeepSeek-R1-0528-Qwen3-8B-GGUF:latest,1a41a532bd9af10aa092d04bcd0ed7a20c9f4f39bf592d9cea55f46efae6b2f9,v2_deterministic,REL05,e925b5c6d0945cb7ed31ff7e410f25957737e41575899546092c1b33ff7486fa,1,completed,1,0
huggingface.co/lmstudio-community/DeepSeek-R1-0528-Qwen3-8B-GGUF:latest,1a41a532bd9af10aa092d04bcd0ed7a20c9f4f39bf592d9cea55f46efae6b2f9,v2_deterministic,REL06,ab59032408916654f569f11bebdd1a04d719d429a06970404f315594383330e8,1,completed,1,0
huggingface.co/lmstudio-community/DeepSeek-R1-0528-Qwen3-8B-GGUF:latest,1a41a532bd9af10aa092d04bcd0ed7a20c9f4f39bf592d9cea55f46efae6b2f9,v2_deterministic,TRANS01,4fc6b6a3efe614d2a9a22eacd20cede0676673da9bf74a978c87bff7e323430f,2,completed,2,0
huggingface.co/lmstudio-community/DeepSeek-R1-0528-Qwen3-8B-GGUF:latest,1a41a532bd9af10aa092d04bcd0ed7a20c9f4f39bf592d9cea55f46efae6b2f9,v2_deterministic,TRANS02,661955c3065427dbce61a250fc3e511d79f90743ee73685d2ace500fe326e55b,2,completed,2,0
huggingface.co/lmstudio-community/DeepSeek-R1-0528-Qwen3-8B-GGUF:latest,1a41a532bd9af10aa092d04bcd0ed7a20c9f4f39bf592d9cea55f46efae6b2f9,v2_deterministic,TRANS03,17e64b733c6966a1296c2d7edc86c8d91705b7c521e3a509e7b41151df01fd95,2,completed,2,0
huggingface.co/lmstudio-community/DeepSeek-R1-0528-Qwen3-8B-GGUF:latest,1a41a532bd9af10aa092d04bcd0ed7a20c9f4f39bf592d9cea55f46efae6b2f9,v2_deterministic,TRANS04,0f9fde745eb99c505ec66656f25e1914df79fa9776e76bd38f9d08c6e4cabe75,2,completed,2,0
huggingface.co/lmstudio-community/DeepSeek-R1-0528-Qwen3-8B-GGUF:latest,1a41a532bd9af10aa092d04bcd0ed7a20c9f4f39bf592d9cea55f46efae6b2f9,v2_deterministic,TRANS05,57e482a869c0dffa144e65cfdfb33936399629d70e57ceb4a8d69481a63922b6,2,completed,2,0
huggingface.co/lmstudio-community/DeepSeek-R1-0528-Qwen3-8B-GGUF:latest,1a41a532bd9af10aa092d04bcd0ed7a20c9f4f39bf592d9cea55f46efae6b2f9,v2_deterministic,TRANS06,5bc72344646712a814e840aaf5e4b62b5638c39f80d700147273739d02bf5de8,2,completed,2,0
huggingface.co/lmstudio-community/DeepSeek-R1-0528-Qwen3-8B-GGUF:latest,1a41a532bd9af10aa092d04bcd0ed7a20c9f4f39bf592d9cea55f46efae6b2f9,v2_deterministic,TRANS07,f587dbde0487a4c877cafbe0eb16b34a9cecb3d51809322c7094eefc78a754d6,2,completed,2,0
huggingface.co/lmstudio-community/DeepSeek-R1-0528-Qwen3-8B-GGUF:latest,1a41a532bd9af10aa092d04bcd0ed7a20c9f4f39bf592d9cea55f46efae6b2f9,v2_deterministic,TRANS08,e887b6167ee63b52308c9bc24e1604252f1ec9cfbdf8d33d5178ff1bd57b5dfb,2,completed,2,0
kaelri/hy-mt2:7b-q4_K_M,1981e6ac165f7a519ae9fd6571b78284dae89d6d8fa7bd11ab20c1c7a7f89144,v2_deterministic,CODE01,3a6ee053f316ac797eed83be7b511d932088853ce01f109c3a3d048762277fb7,2,network_error,2,0
kaelri/hy-mt2:7b-q4_K_M,1981e6ac165f7a519ae9fd6571b78284dae89d6d8fa7bd11ab20c1c7a7f89144,v2_deterministic,CODE02,7499e2260b2e423d47622f7a06875ba06e7550d12a493ae94b3374baa89bb127,2,network_error,2,0
kaelri/hy-mt2:7b-q4_K_M,1981e6ac165f7a519ae9fd6571b78284dae89d6d8fa7bd11ab20c1c7a7f89144,v2_deterministic,CODE03,78fa42595ce9312c77ef3397f4f95625e10003115b153900d9b20047d7234890,2,network_error,2,0
kaelri/hy-mt2:7b-q4_K_M,1981e6ac165f7a519ae9fd6571b78284dae89d6d8fa7bd11ab20c1c7a7f89144,v2_deterministic,CODE04,cbca68dc260d8f66dc2bd9244e1cdde7634672fdf81446239f5d8d18de488af9,2,network_error,2,0
kaelri/hy-mt2:7b-q4_K_M,1981e6ac165f7a519ae9fd6571b78284dae89d6d8fa7bd11ab20c1c7a7f89144,v2_deterministic,CODE05,915cc1c3562066f0272a964950a929036d538c65db95285acb47661c925bafce,2,network_error,2,0
kaelri/hy-mt2:7b-q4_K_M,1981e6ac165f7a519ae9fd6571b78284dae89d6d8fa7bd11ab20c1c7a7f89144,v2_deterministic,CODE06,3113278ebd1124f287fba61fb40b3c2e595434d0784c7956cb5581706b337405,2,network_error,2,0
kaelri/hy-mt2:7b-q4_K_M,1981e6ac165f7a519ae9fd6571b78284dae89d6d8fa7bd11ab20c1c7a7f89144,v2_deterministic,CODE07,8443ca250d7b0d1ce901412d358f43cfd8a8a809ed659b7528fdab053725683d,2,network_error,2,0
kaelri/hy-mt2:7b-q4_K_M,1981e6ac165f7a519ae9fd6571b78284dae89d6d8fa7bd11ab20c1c7a7f89144,v2_deterministic,CODE08,ea91a6e1088aa2bcca76c26bda0e3c024ced3c823e075354ba94a454ee186d0c,2,network_error,2,0
kaelri/hy-mt2:7b-q4_K_M,1981e6ac165f7a519ae9fd6571b78284dae89d6d8fa7bd11ab20c1c7a7f89144,v2_deterministic,CODE09,890539ef90e6d604e2ae66f258de22cd74432676d4b8d18809c45c1033a45148,2,network_error,2,0
kaelri/hy-mt2:7b-q4_K_M,1981e6ac165f7a519ae9fd6571b78284dae89d6d8fa7bd11ab20c1c7a7f89144,v2_deterministic,CODE10,e5cebee20c39db9b1160848a6803ca80c1537c1b4a574c9e9e4719787cf90147,2,network_error,2,0
kaelri/hy-mt2:7b-q4_K_M,1981e6ac165f7a519ae9fd6571b78284dae89d6d8fa7bd11ab20c1c7a7f89144,v2_deterministic,EXT01,23e19240d1c16e1536e57fdc92db3b04bbdec298a06ec10cd16e75e3dde97c80,1,completed,1,0
kaelri/hy-mt2:7b-q4_K_M,1981e6ac165f7a519ae9fd6571b78284dae89d6d8fa7bd11ab20c1c7a7f89144,v2_deterministic,EXT02,2323b07d42fd98286ddb9984b9ac5c9251a6c8ff1f6b1b882cc710ce7afa3423,1,completed,1,0
kaelri/hy-mt2:7b-q4_K_M,1981e6ac165f7a519ae9fd6571b78284dae89d6d8fa7bd11ab20c1c7a7f89144,v2_deterministic,EXT03,d4536434de6a476283fdf7f9bb5149792fcd7100010686be1b32c32b639a8164,1,completed,1,0
kaelri/hy-mt2:7b-q4_K_M,1981e6ac165f7a519ae9fd6571b78284dae89d6d8fa7bd11ab20c1c7a7f89144,v2_deterministic,EXT04,2b65a93427ac30657446eb9d1f893339bfb1cb91a0b8beaa93b00bfc0704a7be,1,completed,1,0
kaelri/hy-mt2:7b-q4_K_M,1981e6ac165f7a519ae9fd6571b78284dae89d6d8fa7bd11ab20c1c7a7f89144,v2_deterministic,EXT05,71cc333232fbc880386e7682fc34da712cb28c4909a2dd3d1b95841eb6cea300,1,completed,1,0
kaelri/hy-mt2:7b-q4_K_M,1981e6ac165f7a519ae9fd6571b78284dae89d6d8fa7bd11ab20c1c7a7f89144,v2_deterministic,FMT01,fdbd6ebc3c347a192a47b9bb70b303406405c83ee5c1a479aed4f8a338767e4e,1,completed,1,0
kaelri/hy-mt2:7b-q4_K_M,1981e6ac165f7a519ae9fd6571b78284dae89d6d8fa7bd11ab20c1c7a7f89144,v2_deterministic,FMT02,4c1b340a0b2f1246a3e3b2a0e1e473e56db8c986d00d37cdc56e768eb834a0ba,1,completed,1,0
kaelri/hy-mt2:7b-q4_K_M,1981e6ac165f7a519ae9fd6571b78284dae89d6d8fa7bd11ab20c1c7a7f89144,v2_deterministic,FMT03,8c5cb8101d228017c6d6c30d04bcea5c1d7c8e890c4c53fdbe9d6cbc518c917d,1,completed,1,0
kaelri/hy-mt2:7b-q4_K_M,1981e6ac165f7a519ae9fd6571b78284dae89d6d8fa7bd11ab20c1c7a7f89144,v2_deterministic,FMT04,ae17d134fae86bb3b43f8ecdd993f970ae92f959cd70e3fa8f7450147cd0d1a6,1,completed,1,0
kaelri/hy-mt2:7b-q4_K_M,1981e6ac165f7a519ae9fd6571b78284dae89d6d8fa7bd11ab20c1c7a7f89144,v2_deterministic,FMT05,19ccd3dd7a0ebb4e68aab027affd34cbf0d46ea9dbd9cd14e65acd196adb89d9,1,completed,1,0
kaelri/hy-mt2:7b-q4_K_M,1981e6ac165f7a519ae9fd6571b78284dae89d6d8fa7bd11ab20c1c7a7f89144,v2_deterministic,FMT06,0b6ff8dc1f3a46e82558eed7660effca9d56ddd36d9def40aae0b4c5096e74d5,1,completed,1,0
kaelri/hy-mt2:7b-q4_K_M,1981e6ac165f7a519ae9fd6571b78284dae89d6d8fa7bd11ab20c1c7a7f89144,v2_deterministic,INS01,92c2136115d03dede4233303cc97905c7a002fb88115ebd1db9de58140e8fb49,1,completed,1,0
kaelri/hy-mt2:7b-q4_K_M,1981e6ac165f7a519ae9fd6571b78284dae89d6d8fa7bd11ab20c1c7a7f89144,v2_deterministic,INS02,de26b497ebe5cb51709fa9fdc577123b003dfb2c353cbebac30e4f5bf93645ac,1,completed,1,0
kaelri/hy-mt2:7b-q4_K_M,1981e6ac165f7a519ae9fd6571b78284dae89d6d8fa7bd11ab20c1c7a7f89144,v2_deterministic,INS03,909b31c3c031bde154ec85239290ea75c8aa5c8d4da09a98d85ae882bf2d6a7a,1,completed,1,0
kaelri/hy-mt2:7b-q4_K_M,1981e6ac165f7a519ae9fd6571b78284dae89d6d8fa7bd11ab20c1c7a7f89144,v2_deterministic,INS04,91b900395e2ff58c0f3c5403a06cf8c0adb533f43b20e7b3a45edb7e97ff0d62,1,completed,1,0
kaelri/hy-mt2:7b-q4_K_M,1981e6ac165f7a519ae9fd6571b78284dae89d6d8fa7bd11ab20c1c7a7f89144,v2_deterministic,INS05,ca81b549c99bffc97ea38de7126bc30d0c517223dee1803bb0bd3f9c421b21a1,1,completed,1,0
kaelri/hy-mt2:7b-q4_K_M,1981e6ac165f7a519ae9fd6571b78284dae89d6d8fa7bd11ab20c1c7a7f89144,v2_deterministic,INS06,b3d1ebb011b327f9f8291c39dc2b40c0df649eb4b272760e8711d0a79deb97dc,1,completed,1,0
kaelri/hy-mt2:7b-q4_K_M,1981e6ac165f7a519ae9fd6571b78284dae89d6d8fa7bd11ab20c1c7a7f89144,v2_deterministic,MTH01,91c1b555b1295b1908a12c94ac79f1717b1b9021e13f87188c2337ca13ff4dec,1,completed,1,0
kaelri/hy-mt2:7b-q4_K_M,1981e6ac165f7a519ae9fd6571b78284dae89d6d8fa7bd11ab20c1c7a7f89144,v2_deterministic,MTH02,8a8537aa1edfaa1ffd07a4365fe457f9a197932d51114368857ea86e42272598,1,completed,1,0
kaelri/hy-mt2:7b-q4_K_M,1981e6ac165f7a519ae9fd6571b78284dae89d6d8fa7bd11ab20c1c7a7f89144,v2_deterministic,MTH03,217987bbf14051d433e3b29bc12807a016ec143004b82a3f9cbaeebbaa5985e1,1,completed,1,0
kaelri/hy-mt2:7b-q4_K_M,1981e6ac165f7a519ae9fd6571b78284dae89d6d8fa7bd11ab20c1c7a7f89144,v2_deterministic,MTH04,08979b2f33d1572d9db33e681685a5fc0c0e543342c412493ae9cc6bd88cc57a,1,completed,1,0
kaelri/hy-mt2:7b-q4_K_M,1981e6ac165f7a519ae9fd6571b78284dae89d6d8fa7bd11ab20c1c7a7f89144,v2_deterministic,MTH05,b4fa1e40b3b9684a1d2bb88676eda07383da0b57ae6824f17d843fe6d23ab09c,1,completed,1,0
kaelri/hy-mt2:7b-q4_K_M,1981e6ac165f7a519ae9fd6571b78284dae89d6d8fa7bd11ab20c1c7a7f89144,v2_deterministic,MTH06,8c2f6233a641c83c0994257b8c0fc1713213b00107981e82ec546653fbd48e9a,1,completed,1,0
kaelri/hy-mt2:7b-q4_K_M,1981e6ac165f7a519ae9fd6571b78284dae89d6d8fa7bd11ab20c1c7a7f89144,v2_deterministic,MTH07,77372f8353bd9037cf06cd16f704161fb6e710c2633b44b017de15fb2d6014ba,1,completed,1,0
kaelri/hy-mt2:7b-q4_K_M,1981e6ac165f7a519ae9fd6571b78284dae89d6d8fa7bd11ab20c1c7a7f89144,v2_deterministic,MTH08,f99ba77cfd0638441528507cede31698b3f441917476c11add1ce33a9657d833,1,completed,1,0
kaelri/hy-mt2:7b-q4_K_M,1981e6ac165f7a519ae9fd6571b78284dae89d6d8fa7bd11ab20c1c7a7f89144,v2_deterministic,PLAN01,9a9bedfa38b9a40dfa884f7653ab7ab7493b0a9b73fac15685dbe8c11ccd1a19,1,completed,1,0
kaelri/hy-mt2:7b-q4_K_M,1981e6ac165f7a519ae9fd6571b78284dae89d6d8fa7bd11ab20c1c7a7f89144,v2_deterministic,PLAN02,68bf5e5a6462e403b8af413d7eadb4a38e47c9c9ca17f61e19b43d4a2a8eaa85,1,completed,1,0
kaelri/hy-mt2:7b-q4_K_M,1981e6ac165f7a519ae9fd6571b78284dae89d6d8fa7bd11ab20c1c7a7f89144,v2_deterministic,PLAN03,948844eaa5214f61f8b5335bf7eb418d08acc38c1ab8ed7432a5e51c38d3c621,1,completed,1,0
kaelri/hy-mt2:7b-q4_K_M,1981e6ac165f7a519ae9fd6571b78284dae89d6d8fa7bd11ab20c1c7a7f89144,v2_deterministic,PLAN04,01baacd18d70e923eb827d25e81a39f7d264c61293c32bcbd23176bf37c9be8c,1,completed,1,0
kaelri/hy-mt2:7b-q4_K_M,1981e6ac165f7a519ae9fd6571b78284dae89d6d8fa7bd11ab20c1c7a7f89144,v2_deterministic,REL01,6b594598089c44dd88cf1946a640d5ccc4f836148ee1fa955006770edee3f9cb,1,completed,1,0
kaelri/hy-mt2:7b-q4_K_M,1981e6ac165f7a519ae9fd6571b78284dae89d6d8fa7bd11ab20c1c7a7f89144,v2_deterministic,REL02,12c280b1b46e9da3a84ee9405c87091ac9cdae38f977960195c9c1c131da226e,1,completed,1,0
kaelri/hy-mt2:7b-q4_K_M,1981e6ac165f7a519ae9fd6571b78284dae89d6d8fa7bd11ab20c1c7a7f89144,v2_deterministic,REL03,5102a20c9a96783f745020f84fc5a2122c2d613b1a9f6824a63e1742ccf809ef,1,completed,1,0
kaelri/hy-mt2:7b-q4_K_M,1981e6ac165f7a519ae9fd6571b78284dae89d6d8fa7bd11ab20c1c7a7f89144,v2_deterministic,REL04,44db511a77a1ec50736a7ecfb1bc569e30ae22c62fcf6dde5c28135ce36c0405,1,completed,1,0
kaelri/hy-mt2:7b-q4_K_M,1981e6ac165f7a519ae9fd6571b78284dae89d6d8fa7bd11ab20c1c7a7f89144,v2_deterministic,REL05,e925b5c6d0945cb7ed31ff7e410f25957737e41575899546092c1b33ff7486fa,1,completed,1,0
kaelri/hy-mt2:7b-q4_K_M,1981e6ac165f7a519ae9fd6571b78284dae89d6d8fa7bd11ab20c1c7a7f89144,v2_deterministic,REL06,ab59032408916654f569f11bebdd1a04d719d429a06970404f315594383330e8,1,completed,1,0
kaelri/hy-mt2:7b-q4_K_M,1981e6ac165f7a519ae9fd6571b78284dae89d6d8fa7bd11ab20c1c7a7f89144,v2_deterministic,TRANS01,4fc6b6a3efe614d2a9a22eacd20cede0676673da9bf74a978c87bff7e323430f,2,network_error,2,0
kaelri/hy-mt2:7b-q4_K_M,1981e6ac165f7a519ae9fd6571b78284dae89d6d8fa7bd11ab20c1c7a7f89144,v2_deterministic,TRANS02,661955c3065427dbce61a250fc3e511d79f90743ee73685d2ace500fe326e55b,2,network_error,2,0
kaelri/hy-mt2:7b-q4_K_M,1981e6ac165f7a519ae9fd6571b78284dae89d6d8fa7bd11ab20c1c7a7f89144,v2_deterministic,TRANS03,17e64b733c6966a1296c2d7edc86c8d91705b7c521e3a509e7b41151df01fd95,2,network_error,2,0
kaelri/hy-mt2:7b-q4_K_M,1981e6ac165f7a519ae9fd6571b78284dae89d6d8fa7bd11ab20c1c7a7f89144,v2_deterministic,TRANS04,0f9fde745eb99c505ec66656f25e1914df79fa9776e76bd38f9d08c6e4cabe75,2,network_error,2,0
kaelri/hy-mt2:7b-q4_K_M,1981e6ac165f7a519ae9fd6571b78284dae89d6d8fa7bd11ab20c1c7a7f89144,v2_deterministic,TRANS05,57e482a869c0dffa144e65cfdfb33936399629d70e57ceb4a8d69481a63922b6,2,network_error,2,0
kaelri/hy-mt2:7b-q4_K_M,1981e6ac165f7a519ae9fd6571b78284dae89d6d8fa7bd11ab20c1c7a7f89144,v2_deterministic,TRANS06,5bc72344646712a814e840aaf5e4b62b5638c39f80d700147273739d02bf5de8,2,network_error,2,0
kaelri/hy-mt2:7b-q4_K_M,1981e6ac165f7a519ae9fd6571b78284dae89d6d8fa7bd11ab20c1c7a7f89144,v2_deterministic,TRANS07,f587dbde0487a4c877cafbe0eb16b34a9cecb3d51809322c7094eefc78a754d6,2,network_error,2,0
kaelri/hy-mt2:7b-q4_K_M,1981e6ac165f7a519ae9fd6571b78284dae89d6d8fa7bd11ab20c1c7a7f89144,v2_deterministic,TRANS08,e887b6167ee63b52308c9bc24e1604252f1ec9cfbdf8d33d5178ff1bd57b5dfb,2,network_error,2,0
lfm2.5:8b,9cf756159fc2f3b9128c6a3f544ec90c5e9b8afdbb4179a57b8aea9de589cfb2,reasoning_extended,RSN01,628e78ef737745fb5557c606a30b66302f21073ce08347b704ce4061000c8b67,1,network_error,1,0
lfm2.5:8b,9cf756159fc2f3b9128c6a3f544ec90c5e9b8afdbb4179a57b8aea9de589cfb2,reasoning_extended,RSN02,675e2757d3419d3809b6da58309a9f12a38320e26607c24d574fdf30d2607ec6,1,network_error,1,0
lfm2.5:8b,9cf756159fc2f3b9128c6a3f544ec90c5e9b8afdbb4179a57b8aea9de589cfb2,reasoning_extended,RSN03,182012728ae306a733a56d95c3201c61e53f8372e0a2c3e65534e598b95a2b9c,1,network_error,1,0
lfm2.5:8b,9cf756159fc2f3b9128c6a3f544ec90c5e9b8afdbb4179a57b8aea9de589cfb2,reasoning_extended,RSN04,e2265549dfde6391abd439ef9fe3d8b0e7556b75ffea078f2655ce69f9e023b9,1,network_error,1,0
lfm2.5:8b,9cf756159fc2f3b9128c6a3f544ec90c5e9b8afdbb4179a57b8aea9de589cfb2,reasoning_extended,RSN05,86a73bef82149c5854cc9e1b5712f6b4ec804728c831f565d55ac4f4ffa7ad6a,1,network_error,1,0
lfm2.5:8b,9cf756159fc2f3b9128c6a3f544ec90c5e9b8afdbb4179a57b8aea9de589cfb2,reasoning_extended,RSN06,c754b9e7052124fe11e28629f5b42d792d6a35d0c51d6c3d62484b21b93a4ae7,1,network_error,1,0
lfm2.5:8b,9cf756159fc2f3b9128c6a3f544ec90c5e9b8afdbb4179a57b8aea9de589cfb2,reasoning_extended,RSN07,de768c557bec5df8affd4152dea159695c0c3c65e18d796cdd4ce0cbf7b48656,1,network_error,1,0
lfm2.5:8b,9cf756159fc2f3b9128c6a3f544ec90c5e9b8afdbb4179a57b8aea9de589cfb2,reasoning_extended,RSN08,961aa43057f176406d95ca3705c2fdea73202d4b3c68a37d8cc827e9e5eee70f,1,network_error,1,0
lfm2.5:8b,9cf756159fc2f3b9128c6a3f544ec90c5e9b8afdbb4179a57b8aea9de589cfb2,reasoning_extended,RSN09,d29f7121a2177bc2c67661d94741905793c99cf2890a9e54e1f33c7c23d63669,1,network_error,1,0
lfm2.5:8b,9cf756159fc2f3b9128c6a3f544ec90c5e9b8afdbb4179a57b8aea9de589cfb2,reasoning_extended,RSN10,e5c78d60e435d2ccdfc13bbb80fc3bba85ddcae5c8bd3e6965385df5842fce38,1,network_error,1,0
lfm2.5:8b,9cf756159fc2f3b9128c6a3f544ec90c5e9b8afdbb4179a57b8aea9de589cfb2,reasoning_native,RSN01_native,5bee3657d213c491618572644b88f1e49b52228af489e539702f4c4fb40430d0,1,network_error,1,0
lfm2.5:8b,9cf756159fc2f3b9128c6a3f544ec90c5e9b8afdbb4179a57b8aea9de589cfb2,reasoning_native,RSN02_native,40a32ac1c67a8f7010da1f13c8f81cb06c9953aebcf22cbc5bf7536ecfe25dbd,1,network_error,1,0
lfm2.5:8b,9cf756159fc2f3b9128c6a3f544ec90c5e9b8afdbb4179a57b8aea9de589cfb2,reasoning_native,RSN03_native,dd615ee749b438963ad3715eb9ac7d1cfab0fd264a470eb09c814c13f5da6080,1,network_error,1,0
lfm2.5:8b,9cf756159fc2f3b9128c6a3f544ec90c5e9b8afdbb4179a57b8aea9de589cfb2,reasoning_native,RSN04_native,bcc93f534fb7c7dacf0c7073c42049b825e09d14f614b6e8ab8cd3c1843a5c79,1,network_error,1,0
lfm2.5:8b,9cf756159fc2f3b9128c6a3f544ec90c5e9b8afdbb4179a57b8aea9de589cfb2,reasoning_native,RSN05_native,70bf8aca8ed8efa2c43eb6cf256161e19748f9023b42ba100608c98fb55faf5c,1,network_error,1,0
lfm2.5:8b,9cf756159fc2f3b9128c6a3f544ec90c5e9b8afdbb4179a57b8aea9de589cfb2,reasoning_native,RSN06_native,c4ec23148e34cb66123ea37e06496b3a7b70de7e4a38dee35a83cdcd8f3e8bdf,1,network_error,1,0
lfm2.5:8b,9cf756159fc2f3b9128c6a3f544ec90c5e9b8afdbb4179a57b8aea9de589cfb2,reasoning_native,RSN07_native,014c927c42888103ffeb6cf7791f0fd752a9368757da620dcd9b05d2bcabfeac,1,network_error,1,0
lfm2.5:8b,9cf756159fc2f3b9128c6a3f544ec90c5e9b8afdbb4179a57b8aea9de589cfb2,reasoning_native,RSN08_native,bfeed8a78f50155b54990c783e798ab124251f8a38528f93fdd997720ac7d4aa,1,network_error,1,0
lfm2.5:8b,9cf756159fc2f3b9128c6a3f544ec90c5e9b8afdbb4179a57b8aea9de589cfb2,reasoning_native,RSN09_native,5a00284c70f458949386a433eb154a4e66589c42a762559a683073be9fd0235e,1,network_error,1,0
lfm2.5:8b,9cf756159fc2f3b9128c6a3f544ec90c5e9b8afdbb4179a57b8aea9de589cfb2,reasoning_native,RSN10_native,af7ef8b99525f206b7874b303816d1252cce5bd7197fe6648a5ba78a9bd6efa1,1,network_error,1,0
lfm2.5:8b,9cf756159fc2f3b9128c6a3f544ec90c5e9b8afdbb4179a57b8aea9de589cfb2,v2_deterministic,CODE01,3a6ee053f316ac797eed83be7b511d932088853ce01f109c3a3d048762277fb7,2,network_error,2,0
lfm2.5:8b,9cf756159fc2f3b9128c6a3f544ec90c5e9b8afdbb4179a57b8aea9de589cfb2,v2_deterministic,CODE02,7499e2260b2e423d47622f7a06875ba06e7550d12a493ae94b3374baa89bb127,2,network_error,2,0
lfm2.5:8b,9cf756159fc2f3b9128c6a3f544ec90c5e9b8afdbb4179a57b8aea9de589cfb2,v2_deterministic,CODE03,78fa42595ce9312c77ef3397f4f95625e10003115b153900d9b20047d7234890,2,network_error,2,0
lfm2.5:8b,9cf756159fc2f3b9128c6a3f544ec90c5e9b8afdbb4179a57b8aea9de589cfb2,v2_deterministic,CODE04,cbca68dc260d8f66dc2bd9244e1cdde7634672fdf81446239f5d8d18de488af9,2,network_error,2,0
lfm2.5:8b,9cf756159fc2f3b9128c6a3f544ec90c5e9b8afdbb4179a57b8aea9de589cfb2,v2_deterministic,CODE05,915cc1c3562066f0272a964950a929036d538c65db95285acb47661c925bafce,2,network_error,2,0
lfm2.5:8b,9cf756159fc2f3b9128c6a3f544ec90c5e9b8afdbb4179a57b8aea9de589cfb2,v2_deterministic,CODE06,3113278ebd1124f287fba61fb40b3c2e595434d0784c7956cb5581706b337405,2,network_error,2,0
lfm2.5:8b,9cf756159fc2f3b9128c6a3f544ec90c5e9b8afdbb4179a57b8aea9de589cfb2,v2_deterministic,CODE07,8443ca250d7b0d1ce901412d358f43cfd8a8a809ed659b7528fdab053725683d,2,network_error,2,0
lfm2.5:8b,9cf756159fc2f3b9128c6a3f544ec90c5e9b8afdbb4179a57b8aea9de589cfb2,v2_deterministic,CODE08,ea91a6e1088aa2bcca76c26bda0e3c024ced3c823e075354ba94a454ee186d0c,2,network_error,2,0
lfm2.5:8b,9cf756159fc2f3b9128c6a3f544ec90c5e9b8afdbb4179a57b8aea9de589cfb2,v2_deterministic,CODE09,890539ef90e6d604e2ae66f258de22cd74432676d4b8d18809c45c1033a45148,2,network_error,2,0
lfm2.5:8b,9cf756159fc2f3b9128c6a3f544ec90c5e9b8afdbb4179a57b8aea9de589cfb2,v2_deterministic,CODE10,e5cebee20c39db9b1160848a6803ca80c1537c1b4a574c9e9e4719787cf90147,2,network_error,2,0
lfm2.5:8b,9cf756159fc2f3b9128c6a3f544ec90c5e9b8afdbb4179a57b8aea9de589cfb2,v2_deterministic,EXT01,23e19240d1c16e1536e57fdc92db3b04bbdec298a06ec10cd16e75e3dde97c80,1,completed,1,0
lfm2.5:8b,9cf756159fc2f3b9128c6a3f544ec90c5e9b8afdbb4179a57b8aea9de589cfb2,v2_deterministic,EXT02,2323b07d42fd98286ddb9984b9ac5c9251a6c8ff1f6b1b882cc710ce7afa3423,1,completed,1,0
lfm2.5:8b,9cf756159fc2f3b9128c6a3f544ec90c5e9b8afdbb4179a57b8aea9de589cfb2,v2_deterministic,EXT03,d4536434de6a476283fdf7f9bb5149792fcd7100010686be1b32c32b639a8164,1,completed,1,0
lfm2.5:8b,9cf756159fc2f3b9128c6a3f544ec90c5e9b8afdbb4179a57b8aea9de589cfb2,v2_deterministic,EXT04,2b65a93427ac30657446eb9d1f893339bfb1cb91a0b8beaa93b00bfc0704a7be,1,completed,1,0
lfm2.5:8b,9cf756159fc2f3b9128c6a3f544ec90c5e9b8afdbb4179a57b8aea9de589cfb2,v2_deterministic,EXT05,71cc333232fbc880386e7682fc34da712cb28c4909a2dd3d1b95841eb6cea300,1,completed,1,0
lfm2.5:8b,9cf756159fc2f3b9128c6a3f544ec90c5e9b8afdbb4179a57b8aea9de589cfb2,v2_deterministic,FMT01,fdbd6ebc3c347a192a47b9bb70b303406405c83ee5c1a479aed4f8a338767e4e,1,completed,1,0
lfm2.5:8b,9cf756159fc2f3b9128c6a3f544ec90c5e9b8afdbb4179a57b8aea9de589cfb2,v2_deterministic,FMT02,4c1b340a0b2f1246a3e3b2a0e1e473e56db8c986d00d37cdc56e768eb834a0ba,1,completed,1,0
lfm2.5:8b,9cf756159fc2f3b9128c6a3f544ec90c5e9b8afdbb4179a57b8aea9de589cfb2,v2_deterministic,FMT03,8c5cb8101d228017c6d6c30d04bcea5c1d7c8e890c4c53fdbe9d6cbc518c917d,1,completed,1,0
lfm2.5:8b,9cf756159fc2f3b9128c6a3f544ec90c5e9b8afdbb4179a57b8aea9de589cfb2,v2_deterministic,FMT04,ae17d134fae86bb3b43f8ecdd993f970ae92f959cd70e3fa8f7450147cd0d1a6,1,completed,1,0
lfm2.5:8b,9cf756159fc2f3b9128c6a3f544ec90c5e9b8afdbb4179a57b8aea9de589cfb2,v2_deterministic,FMT05,19ccd3dd7a0ebb4e68aab027affd34cbf0d46ea9dbd9cd14e65acd196adb89d9,1,completed,1,0
lfm2.5:8b,9cf756159fc2f3b9128c6a3f544ec90c5e9b8afdbb4179a57b8aea9de589cfb2,v2_deterministic,FMT06,0b6ff8dc1f3a46e82558eed7660effca9d56ddd36d9def40aae0b4c5096e74d5,1,completed,1,0
lfm2.5:8b,9cf756159fc2f3b9128c6a3f544ec90c5e9b8afdbb4179a57b8aea9de589cfb2,v2_deterministic,INS01,92c2136115d03dede4233303cc97905c7a002fb88115ebd1db9de58140e8fb49,1,completed,1,0
lfm2.5:8b,9cf756159fc2f3b9128c6a3f544ec90c5e9b8afdbb4179a57b8aea9de589cfb2,v2_deterministic,INS02,de26b497ebe5cb51709fa9fdc577123b003dfb2c353cbebac30e4f5bf93645ac,1,completed,1,0
lfm2.5:8b,9cf756159fc2f3b9128c6a3f544ec90c5e9b8afdbb4179a57b8aea9de589cfb2,v2_deterministic,INS03,909b31c3c031bde154ec85239290ea75c8aa5c8d4da09a98d85ae882bf2d6a7a,1,completed,1,0
lfm2.5:8b,9cf756159fc2f3b9128c6a3f544ec90c5e9b8afdbb4179a57b8aea9de589cfb2,v2_deterministic,INS04,91b900395e2ff58c0f3c5403a06cf8c0adb533f43b20e7b3a45edb7e97ff0d62,1,completed,1,0
lfm2.5:8b,9cf756159fc2f3b9128c6a3f544ec90c5e9b8afdbb4179a57b8aea9de589cfb2,v2_deterministic,INS05,ca81b549c99bffc97ea38de7126bc30d0c517223dee1803bb0bd3f9c421b21a1,1,completed,1,0
lfm2.5:8b,9cf756159fc2f3b9128c6a3f544ec90c5e9b8afdbb4179a57b8aea9de589cfb2,v2_deterministic,INS06,b3d1ebb011b327f9f8291c39dc2b40c0df649eb4b272760e8711d0a79deb97dc,1,completed,1,0
lfm2.5:8b,9cf756159fc2f3b9128c6a3f544ec90c5e9b8afdbb4179a57b8aea9de589cfb2,v2_deterministic,MTH01,91c1b555b1295b1908a12c94ac79f1717b1b9021e13f87188c2337ca13ff4dec,1,completed,1,0
lfm2.5:8b,9cf756159fc2f3b9128c6a3f544ec90c5e9b8afdbb4179a57b8aea9de589cfb2,v2_deterministic,MTH02,8a8537aa1edfaa1ffd07a4365fe457f9a197932d51114368857ea86e42272598,1,completed,1,0
lfm2.5:8b,9cf756159fc2f3b9128c6a3f544ec90c5e9b8afdbb4179a57b8aea9de589cfb2,v2_deterministic,MTH03,217987bbf14051d433e3b29bc12807a016ec143004b82a3f9cbaeebbaa5985e1,1,completed,1,0
lfm2.5:8b,9cf756159fc2f3b9128c6a3f544ec90c5e9b8afdbb4179a57b8aea9de589cfb2,v2_deterministic,MTH04,08979b2f33d1572d9db33e681685a5fc0c0e543342c412493ae9cc6bd88cc57a,1,completed,1,0
lfm2.5:8b,9cf756159fc2f3b9128c6a3f544ec90c5e9b8afdbb4179a57b8aea9de589cfb2,v2_deterministic,MTH05,b4fa1e40b3b9684a1d2bb88676eda07383da0b57ae6824f17d843fe6d23ab09c,1,completed,1,0
lfm2.5:8b,9cf756159fc2f3b9128c6a3f544ec90c5e9b8afdbb4179a57b8aea9de589cfb2,v2_deterministic,MTH06,8c2f6233a641c83c0994257b8c0fc1713213b00107981e82ec546653fbd48e9a,1,completed,1,0
lfm2.5:8b,9cf756159fc2f3b9128c6a3f544ec90c5e9b8afdbb4179a57b8aea9de589cfb2,v2_deterministic,MTH07,77372f8353bd9037cf06cd16f704161fb6e710c2633b44b017de15fb2d6014ba,1,completed,1,0
lfm2.5:8b,9cf756159fc2f3b9128c6a3f544ec90c5e9b8afdbb4179a57b8aea9de589cfb2,v2_deterministic,MTH08,f99ba77cfd0638441528507cede31698b3f441917476c11add1ce33a9657d833,1,completed,1,0
lfm2.5:8b,9cf756159fc2f3b9128c6a3f544ec90c5e9b8afdbb4179a57b8aea9de589cfb2,v2_deterministic,PLAN01,9a9bedfa38b9a40dfa884f7653ab7ab7493b0a9b73fac15685dbe8c11ccd1a19,1,completed,1,0
lfm2.5:8b,9cf756159fc2f3b9128c6a3f544ec90c5e9b8afdbb4179a57b8aea9de589cfb2,v2_deterministic,PLAN02,68bf5e5a6462e403b8af413d7eadb4a38e47c9c9ca17f61e19b43d4a2a8eaa85,1,completed,1,0
lfm2.5:8b,9cf756159fc2f3b9128c6a3f544ec90c5e9b8afdbb4179a57b8aea9de589cfb2,v2_deterministic,PLAN03,948844eaa5214f61f8b5335bf7eb418d08acc38c1ab8ed7432a5e51c38d3c621,1,completed,1,0
lfm2.5:8b,9cf756159fc2f3b9128c6a3f544ec90c5e9b8afdbb4179a57b8aea9de589cfb2,v2_deterministic,PLAN04,01baacd18d70e923eb827d25e81a39f7d264c61293c32bcbd23176bf37c9be8c,1,completed,1,0
lfm2.5:8b,9cf756159fc2f3b9128c6a3f544ec90c5e9b8afdbb4179a57b8aea9de589cfb2,v2_deterministic,REL01,6b594598089c44dd88cf1946a640d5ccc4f836148ee1fa955006770edee3f9cb,1,completed,1,0
lfm2.5:8b,9cf756159fc2f3b9128c6a3f544ec90c5e9b8afdbb4179a57b8aea9de589cfb2,v2_deterministic,REL02,12c280b1b46e9da3a84ee9405c87091ac9cdae38f977960195c9c1c131da226e,1,completed,1,0
lfm2.5:8b,9cf756159fc2f3b9128c6a3f544ec90c5e9b8afdbb4179a57b8aea9de589cfb2,v2_deterministic,REL03,5102a20c9a96783f745020f84fc5a2122c2d613b1a9f6824a63e1742ccf809ef,1,completed,1,0
lfm2.5:8b,9cf756159fc2f3b9128c6a3f544ec90c5e9b8afdbb4179a57b8aea9de589cfb2,v2_deterministic,REL04,44db511a77a1ec50736a7ecfb1bc569e30ae22c62fcf6dde5c28135ce36c0405,1,completed,1,0
lfm2.5:8b,9cf756159fc2f3b9128c6a3f544ec90c5e9b8afdbb4179a57b8aea9de589cfb2,v2_deterministic,REL05,e925b5c6d0945cb7ed31ff7e410f25957737e41575899546092c1b33ff7486fa,1,completed,1,0
lfm2.5:8b,9cf756159fc2f3b9128c6a3f544ec90c5e9b8afdbb4179a57b8aea9de589cfb2,v2_deterministic,REL06,ab59032408916654f569f11bebdd1a04d719d429a06970404f315594383330e8,1,completed,1,0
lfm2.5:8b,9cf756159fc2f3b9128c6a3f544ec90c5e9b8afdbb4179a57b8aea9de589cfb2,v2_deterministic,TRANS01,4fc6b6a3efe614d2a9a22eacd20cede0676673da9bf74a978c87bff7e323430f,2,network_error,2,0
lfm2.5:8b,9cf756159fc2f3b9128c6a3f544ec90c5e9b8afdbb4179a57b8aea9de589cfb2,v2_deterministic,TRANS02,661955c3065427dbce61a250fc3e511d79f90743ee73685d2ace500fe326e55b,2,network_error,2,0
lfm2.5:8b,9cf756159fc2f3b9128c6a3f544ec90c5e9b8afdbb4179a57b8aea9de589cfb2,v2_deterministic,TRANS03,17e64b733c6966a1296c2d7edc86c8d91705b7c521e3a509e7b41151df01fd95,2,network_error,2,0
lfm2.5:8b,9cf756159fc2f3b9128c6a3f544ec90c5e9b8afdbb4179a57b8aea9de589cfb2,v2_deterministic,TRANS04,0f9fde745eb99c505ec66656f25e1914df79fa9776e76bd38f9d08c6e4cabe75,2,network_error,2,0
lfm2.5:8b,9cf756159fc2f3b9128c6a3f544ec90c5e9b8afdbb4179a57b8aea9de589cfb2,v2_deterministic,TRANS05,57e482a869c0dffa144e65cfdfb33936399629d70e57ceb4a8d69481a63922b6,2,network_error,2,0
lfm2.5:8b,9cf756159fc2f3b9128c6a3f544ec90c5e9b8afdbb4179a57b8aea9de589cfb2,v2_deterministic,TRANS06,5bc72344646712a814e840aaf5e4b62b5638c39f80d700147273739d02bf5de8,2,network_error,2,0
lfm2.5:8b,9cf756159fc2f3b9128c6a3f544ec90c5e9b8afdbb4179a57b8aea9de589cfb2,v2_deterministic,TRANS07,f587dbde0487a4c877cafbe0eb16b34a9cecb3d51809322c7094eefc78a754d6,2,network_error,2,0
lfm2.5:8b,9cf756159fc2f3b9128c6a3f544ec90c5e9b8afdbb4179a57b8aea9de589cfb2,v2_deterministic,TRANS08,e887b6167ee63b52308c9bc24e1604252f1ec9cfbdf8d33d5178ff1bd57b5dfb,2,network_error,2,0
llama3.2:3b,a80c4f17acd55265feec403c7aef86be0c25983ab279d83f3bcd3abbcb5b8b72,v2_deterministic,CODE01,3a6ee053f316ac797eed83be7b511d932088853ce01f109c3a3d048762277fb7,2,syntax_error,2,0
llama3.2:3b,a80c4f17acd55265feec403c7aef86be0c25983ab279d83f3bcd3abbcb5b8b72,v2_deterministic,CODE02,7499e2260b2e423d47622f7a06875ba06e7550d12a493ae94b3374baa89bb127,2,completed,2,0
llama3.2:3b,a80c4f17acd55265feec403c7aef86be0c25983ab279d83f3bcd3abbcb5b8b72,v2_deterministic,CODE03,78fa42595ce9312c77ef3397f4f95625e10003115b153900d9b20047d7234890,2,completed,2,0
llama3.2:3b,a80c4f17acd55265feec403c7aef86be0c25983ab279d83f3bcd3abbcb5b8b72,v2_deterministic,CODE04,cbca68dc260d8f66dc2bd9244e1cdde7634672fdf81446239f5d8d18de488af9,2,completed,2,0
llama3.2:3b,a80c4f17acd55265feec403c7aef86be0c25983ab279d83f3bcd3abbcb5b8b72,v2_deterministic,CODE05,915cc1c3562066f0272a964950a929036d538c65db95285acb47661c925bafce,2,syntax_error,2,0
llama3.2:3b,a80c4f17acd55265feec403c7aef86be0c25983ab279d83f3bcd3abbcb5b8b72,v2_deterministic,CODE06,3113278ebd1124f287fba61fb40b3c2e595434d0784c7956cb5581706b337405,2,syntax_error,2,0
llama3.2:3b,a80c4f17acd55265feec403c7aef86be0c25983ab279d83f3bcd3abbcb5b8b72,v2_deterministic,CODE07,8443ca250d7b0d1ce901412d358f43cfd8a8a809ed659b7528fdab053725683d,2,network_error,2,0
llama3.2:3b,a80c4f17acd55265feec403c7aef86be0c25983ab279d83f3bcd3abbcb5b8b72,v2_deterministic,CODE08,ea91a6e1088aa2bcca76c26bda0e3c024ced3c823e075354ba94a454ee186d0c,2,network_error,2,0
llama3.2:3b,a80c4f17acd55265feec403c7aef86be0c25983ab279d83f3bcd3abbcb5b8b72,v2_deterministic,CODE09,890539ef90e6d604e2ae66f258de22cd74432676d4b8d18809c45c1033a45148,2,network_error,2,0
llama3.2:3b,a80c4f17acd55265feec403c7aef86be0c25983ab279d83f3bcd3abbcb5b8b72,v2_deterministic,CODE10,e5cebee20c39db9b1160848a6803ca80c1537c1b4a574c9e9e4719787cf90147,2,network_error,2,0
llama3.2:3b,a80c4f17acd55265feec403c7aef86be0c25983ab279d83f3bcd3abbcb5b8b72,v2_deterministic,EXT01,23e19240d1c16e1536e57fdc92db3b04bbdec298a06ec10cd16e75e3dde97c80,1,completed,1,0
llama3.2:3b,a80c4f17acd55265feec403c7aef86be0c25983ab279d83f3bcd3abbcb5b8b72,v2_deterministic,EXT02,2323b07d42fd98286ddb9984b9ac5c9251a6c8ff1f6b1b882cc710ce7afa3423,1,completed,1,0
llama3.2:3b,a80c4f17acd55265feec403c7aef86be0c25983ab279d83f3bcd3abbcb5b8b72,v2_deterministic,EXT03,d4536434de6a476283fdf7f9bb5149792fcd7100010686be1b32c32b639a8164,1,completed,1,0
llama3.2:3b,a80c4f17acd55265feec403c7aef86be0c25983ab279d83f3bcd3abbcb5b8b72,v2_deterministic,EXT04,2b65a93427ac30657446eb9d1f893339bfb1cb91a0b8beaa93b00bfc0704a7be,1,completed,1,0
llama3.2:3b,a80c4f17acd55265feec403c7aef86be0c25983ab279d83f3bcd3abbcb5b8b72,v2_deterministic,EXT05,71cc333232fbc880386e7682fc34da712cb28c4909a2dd3d1b95841eb6cea300,1,completed,1,0
llama3.2:3b,a80c4f17acd55265feec403c7aef86be0c25983ab279d83f3bcd3abbcb5b8b72,v2_deterministic,FMT01,fdbd6ebc3c347a192a47b9bb70b303406405c83ee5c1a479aed4f8a338767e4e,1,completed,1,0
llama3.2:3b,a80c4f17acd55265feec403c7aef86be0c25983ab279d83f3bcd3abbcb5b8b72,v2_deterministic,FMT02,4c1b340a0b2f1246a3e3b2a0e1e473e56db8c986d00d37cdc56e768eb834a0ba,1,completed,1,0
llama3.2:3b,a80c4f17acd55265feec403c7aef86be0c25983ab279d83f3bcd3abbcb5b8b72,v2_deterministic,FMT03,8c5cb8101d228017c6d6c30d04bcea5c1d7c8e890c4c53fdbe9d6cbc518c917d,1,completed,1,0
llama3.2:3b,a80c4f17acd55265feec403c7aef86be0c25983ab279d83f3bcd3abbcb5b8b72,v2_deterministic,FMT04,ae17d134fae86bb3b43f8ecdd993f970ae92f959cd70e3fa8f7450147cd0d1a6,1,completed,1,0
llama3.2:3b,a80c4f17acd55265feec403c7aef86be0c25983ab279d83f3bcd3abbcb5b8b72,v2_deterministic,FMT05,19ccd3dd7a0ebb4e68aab027affd34cbf0d46ea9dbd9cd14e65acd196adb89d9,1,completed,1,0
llama3.2:3b,a80c4f17acd55265feec403c7aef86be0c25983ab279d83f3bcd3abbcb5b8b72,v2_deterministic,FMT06,0b6ff8dc1f3a46e82558eed7660effca9d56ddd36d9def40aae0b4c5096e74d5,1,completed,1,0
llama3.2:3b,a80c4f17acd55265feec403c7aef86be0c25983ab279d83f3bcd3abbcb5b8b72,v2_deterministic,INS01,92c2136115d03dede4233303cc97905c7a002fb88115ebd1db9de58140e8fb49,1,completed,1,0
llama3.2:3b,a80c4f17acd55265feec403c7aef86be0c25983ab279d83f3bcd3abbcb5b8b72,v2_deterministic,INS02,de26b497ebe5cb51709fa9fdc577123b003dfb2c353cbebac30e4f5bf93645ac,1,completed,1,0
llama3.2:3b,a80c4f17acd55265feec403c7aef86be0c25983ab279d83f3bcd3abbcb5b8b72,v2_deterministic,INS03,909b31c3c031bde154ec85239290ea75c8aa5c8d4da09a98d85ae882bf2d6a7a,1,completed,1,0
llama3.2:3b,a80c4f17acd55265feec403c7aef86be0c25983ab279d83f3bcd3abbcb5b8b72,v2_deterministic,INS04,91b900395e2ff58c0f3c5403a06cf8c0adb533f43b20e7b3a45edb7e97ff0d62,1,completed,1,0
llama3.2:3b,a80c4f17acd55265feec403c7aef86be0c25983ab279d83f3bcd3abbcb5b8b72,v2_deterministic,INS05,ca81b549c99bffc97ea38de7126bc30d0c517223dee1803bb0bd3f9c421b21a1,1,completed,1,0
llama3.2:3b,a80c4f17acd55265feec403c7aef86be0c25983ab279d83f3bcd3abbcb5b8b72,v2_deterministic,INS06,b3d1ebb011b327f9f8291c39dc2b40c0df649eb4b272760e8711d0a79deb97dc,1,completed,1,0
llama3.2:3b,a80c4f17acd55265feec403c7aef86be0c25983ab279d83f3bcd3abbcb5b8b72,v2_deterministic,MTH01,91c1b555b1295b1908a12c94ac79f1717b1b9021e13f87188c2337ca13ff4dec,1,completed,1,0
llama3.2:3b,a80c4f17acd55265feec403c7aef86be0c25983ab279d83f3bcd3abbcb5b8b72,v2_deterministic,MTH02,8a8537aa1edfaa1ffd07a4365fe457f9a197932d51114368857ea86e42272598,1,completed,1,0
llama3.2:3b,a80c4f17acd55265feec403c7aef86be0c25983ab279d83f3bcd3abbcb5b8b72,v2_deterministic,MTH03,217987bbf14051d433e3b29bc12807a016ec143004b82a3f9cbaeebbaa5985e1,1,completed,1,0
llama3.2:3b,a80c4f17acd55265feec403c7aef86be0c25983ab279d83f3bcd3abbcb5b8b72,v2_deterministic,MTH04,08979b2f33d1572d9db33e681685a5fc0c0e543342c412493ae9cc6bd88cc57a,1,completed,1,0
llama3.2:3b,a80c4f17acd55265feec403c7aef86be0c25983ab279d83f3bcd3abbcb5b8b72,v2_deterministic,MTH05,b4fa1e40b3b9684a1d2bb88676eda07383da0b57ae6824f17d843fe6d23ab09c,1,completed,1,0
llama3.2:3b,a80c4f17acd55265feec403c7aef86be0c25983ab279d83f3bcd3abbcb5b8b72,v2_deterministic,MTH06,8c2f6233a641c83c0994257b8c0fc1713213b00107981e82ec546653fbd48e9a,1,completed,1,0
llama3.2:3b,a80c4f17acd55265feec403c7aef86be0c25983ab279d83f3bcd3abbcb5b8b72,v2_deterministic,MTH07,77372f8353bd9037cf06cd16f704161fb6e710c2633b44b017de15fb2d6014ba,1,completed,1,0
llama3.2:3b,a80c4f17acd55265feec403c7aef86be0c25983ab279d83f3bcd3abbcb5b8b72,v2_deterministic,MTH08,f99ba77cfd0638441528507cede31698b3f441917476c11add1ce33a9657d833,1,completed,1,0
llama3.2:3b,a80c4f17acd55265feec403c7aef86be0c25983ab279d83f3bcd3abbcb5b8b72,v2_deterministic,PLAN01,9a9bedfa38b9a40dfa884f7653ab7ab7493b0a9b73fac15685dbe8c11ccd1a19,1,completed,1,0
llama3.2:3b,a80c4f17acd55265feec403c7aef86be0c25983ab279d83f3bcd3abbcb5b8b72,v2_deterministic,PLAN02,68bf5e5a6462e403b8af413d7eadb4a38e47c9c9ca17f61e19b43d4a2a8eaa85,1,completed,1,0
llama3.2:3b,a80c4f17acd55265feec403c7aef86be0c25983ab279d83f3bcd3abbcb5b8b72,v2_deterministic,PLAN03,948844eaa5214f61f8b5335bf7eb418d08acc38c1ab8ed7432a5e51c38d3c621,1,completed,1,0
llama3.2:3b,a80c4f17acd55265feec403c7aef86be0c25983ab279d83f3bcd3abbcb5b8b72,v2_deterministic,PLAN04,01baacd18d70e923eb827d25e81a39f7d264c61293c32bcbd23176bf37c9be8c,1,completed,1,0
llama3.2:3b,a80c4f17acd55265feec403c7aef86be0c25983ab279d83f3bcd3abbcb5b8b72,v2_deterministic,REL01,6b594598089c44dd88cf1946a640d5ccc4f836148ee1fa955006770edee3f9cb,1,completed,1,0
llama3.2:3b,a80c4f17acd55265feec403c7aef86be0c25983ab279d83f3bcd3abbcb5b8b72,v2_deterministic,REL02,12c280b1b46e9da3a84ee9405c87091ac9cdae38f977960195c9c1c131da226e,1,completed,1,0
llama3.2:3b,a80c4f17acd55265feec403c7aef86be0c25983ab279d83f3bcd3abbcb5b8b72,v2_deterministic,REL03,5102a20c9a96783f745020f84fc5a2122c2d613b1a9f6824a63e1742ccf809ef,1,completed,1,0
llama3.2:3b,a80c4f17acd55265feec403c7aef86be0c25983ab279d83f3bcd3abbcb5b8b72,v2_deterministic,REL04,44db511a77a1ec50736a7ecfb1bc569e30ae22c62fcf6dde5c28135ce36c0405,1,completed,1,0
llama3.2:3b,a80c4f17acd55265feec403c7aef86be0c25983ab279d83f3bcd3abbcb5b8b72,v2_deterministic,REL05,e925b5c6d0945cb7ed31ff7e410f25957737e41575899546092c1b33ff7486fa,1,completed,1,0
llama3.2:3b,a80c4f17acd55265feec403c7aef86be0c25983ab279d83f3bcd3abbcb5b8b72,v2_deterministic,REL06,ab59032408916654f569f11bebdd1a04d719d429a06970404f315594383330e8,1,completed,1,0
llama3.2:3b,a80c4f17acd55265feec403c7aef86be0c25983ab279d83f3bcd3abbcb5b8b72,v2_deterministic,TRANS01,4fc6b6a3efe614d2a9a22eacd20cede0676673da9bf74a978c87bff7e323430f,2,completed,2,0
llama3.2:3b,a80c4f17acd55265feec403c7aef86be0c25983ab279d83f3bcd3abbcb5b8b72,v2_deterministic,TRANS02,661955c3065427dbce61a250fc3e511d79f90743ee73685d2ace500fe326e55b,2,completed,2,0
llama3.2:3b,a80c4f17acd55265feec403c7aef86be0c25983ab279d83f3bcd3abbcb5b8b72,v2_deterministic,TRANS03,17e64b733c6966a1296c2d7edc86c8d91705b7c521e3a509e7b41151df01fd95,2,completed,2,0
llama3.2:3b,a80c4f17acd55265feec403c7aef86be0c25983ab279d83f3bcd3abbcb5b8b72,v2_deterministic,TRANS04,0f9fde745eb99c505ec66656f25e1914df79fa9776e76bd38f9d08c6e4cabe75,2,completed,2,0
llama3.2:3b,a80c4f17acd55265feec403c7aef86be0c25983ab279d83f3bcd3abbcb5b8b72,v2_deterministic,TRANS05,57e482a869c0dffa144e65cfdfb33936399629d70e57ceb4a8d69481a63922b6,2,completed,2,0
llama3.2:3b,a80c4f17acd55265feec403c7aef86be0c25983ab279d83f3bcd3abbcb5b8b72,v2_deterministic,TRANS06,5bc72344646712a814e840aaf5e4b62b5638c39f80d700147273739d02bf5de8,2,completed,2,0
llama3.2:3b,a80c4f17acd55265feec403c7aef86be0c25983ab279d83f3bcd3abbcb5b8b72,v2_deterministic,TRANS07,f587dbde0487a4c877cafbe0eb16b34a9cecb3d51809322c7094eefc78a754d6,2,completed,2,0
llama3.2:3b,a80c4f17acd55265feec403c7aef86be0c25983ab279d83f3bcd3abbcb5b8b72,v2_deterministic,TRANS08,e887b6167ee63b52308c9bc24e1604252f1ec9cfbdf8d33d5178ff1bd57b5dfb,2,completed,2,0
minicpm-v4.6:latest,e95583acac773b45d95469c069db44808c87295f924183f4c942d52616b2d132,runner,RUNNER_EXCEPTION,e3b0c44298fc1c149afbf4c8996fb92427ae41e4649b934ca495991b7852b855,1,server_error,1,0
minicpm-v4.6:latest,e95583acac773b45d95469c069db44808c87295f924183f4c942d52616b2d132,v2_deterministic,ocr_clear_en,d7ca1880a9a5b7177b46f00d5074a7d8409ff51234f0831776b3bffa500d49a9,1,completed,1,0
minicpm-v4.6:latest,e95583acac773b45d95469c069db44808c87295f924183f4c942d52616b2d132,v2_deterministic,ocr_clear_zh,bad3bb32249be4187185329c3a803271cb8f8d119168bc2848ebd03e4b00d267,1,completed,1,0
minicpm-v4.6:latest,e95583acac773b45d95469c069db44808c87295f924183f4c942d52616b2d132,v2_deterministic,ocr_fields,c05917edfe4a0cfcc54ccd9fd8c316f7d3df04cde7abbd6c03ac7bb52a8eb6e7,1,completed,1,0
minicpm-v4.6:latest,e95583acac773b45d95469c069db44808c87295f924183f4c942d52616b2d132,v2_deterministic,ocr_form,1bfe1c5728c9bda69ea0c7e5ac5a3f401601ab89e4f3186ad15bee7c7b0676aa,1,completed,1,0
minicpm-v4.6:latest,e95583acac773b45d95469c069db44808c87295f924183f4c942d52616b2d132,v2_deterministic,ocr_mixed,5c033ded9edb670567007d1beff9c0b38848a9df76cf61ddb151527192846b67,1,completed,1,0
mistral:7b,6577803aa9a036369e481d648a2baebb381ebc6e897f2bb9a766a2aa7bfbc1cf,v2_deterministic,CODE01,3a6ee053f316ac797eed83be7b511d932088853ce01f109c3a3d048762277fb7,2,syntax_error,2,0
mistral:7b,6577803aa9a036369e481d648a2baebb381ebc6e897f2bb9a766a2aa7bfbc1cf,v2_deterministic,CODE02,7499e2260b2e423d47622f7a06875ba06e7550d12a493ae94b3374baa89bb127,2,syntax_error,2,0
mistral:7b,6577803aa9a036369e481d648a2baebb381ebc6e897f2bb9a766a2aa7bfbc1cf,v2_deterministic,CODE03,78fa42595ce9312c77ef3397f4f95625e10003115b153900d9b20047d7234890,2,syntax_error,2,0
mistral:7b,6577803aa9a036369e481d648a2baebb381ebc6e897f2bb9a766a2aa7bfbc1cf,v2_deterministic,CODE04,cbca68dc260d8f66dc2bd9244e1cdde7634672fdf81446239f5d8d18de488af9,2,syntax_error,2,0
mistral:7b,6577803aa9a036369e481d648a2baebb381ebc6e897f2bb9a766a2aa7bfbc1cf,v2_deterministic,CODE05,915cc1c3562066f0272a964950a929036d538c65db95285acb47661c925bafce,2,syntax_error,2,0
mistral:7b,6577803aa9a036369e481d648a2baebb381ebc6e897f2bb9a766a2aa7bfbc1cf,v2_deterministic,CODE06,3113278ebd1124f287fba61fb40b3c2e595434d0784c7956cb5581706b337405,2,syntax_error,2,0
mistral:7b,6577803aa9a036369e481d648a2baebb381ebc6e897f2bb9a766a2aa7bfbc1cf,v2_deterministic,CODE07,8443ca250d7b0d1ce901412d358f43cfd8a8a809ed659b7528fdab053725683d,2,syntax_error,2,0
mistral:7b,6577803aa9a036369e481d648a2baebb381ebc6e897f2bb9a766a2aa7bfbc1cf,v2_deterministic,CODE08,ea91a6e1088aa2bcca76c26bda0e3c024ced3c823e075354ba94a454ee186d0c,2,syntax_error,2,0
mistral:7b,6577803aa9a036369e481d648a2baebb381ebc6e897f2bb9a766a2aa7bfbc1cf,v2_deterministic,CODE09,890539ef90e6d604e2ae66f258de22cd74432676d4b8d18809c45c1033a45148,2,syntax_error,2,0
mistral:7b,6577803aa9a036369e481d648a2baebb381ebc6e897f2bb9a766a2aa7bfbc1cf,v2_deterministic,CODE10,e5cebee20c39db9b1160848a6803ca80c1537c1b4a574c9e9e4719787cf90147,2,syntax_error,2,0
mistral:7b,6577803aa9a036369e481d648a2baebb381ebc6e897f2bb9a766a2aa7bfbc1cf,v2_deterministic,EXT01,23e19240d1c16e1536e57fdc92db3b04bbdec298a06ec10cd16e75e3dde97c80,1,completed,1,0
mistral:7b,6577803aa9a036369e481d648a2baebb381ebc6e897f2bb9a766a2aa7bfbc1cf,v2_deterministic,EXT02,2323b07d42fd98286ddb9984b9ac5c9251a6c8ff1f6b1b882cc710ce7afa3423,1,completed,1,0
mistral:7b,6577803aa9a036369e481d648a2baebb381ebc6e897f2bb9a766a2aa7bfbc1cf,v2_deterministic,EXT03,d4536434de6a476283fdf7f9bb5149792fcd7100010686be1b32c32b639a8164,1,completed,1,0
mistral:7b,6577803aa9a036369e481d648a2baebb381ebc6e897f2bb9a766a2aa7bfbc1cf,v2_deterministic,EXT04,2b65a93427ac30657446eb9d1f893339bfb1cb91a0b8beaa93b00bfc0704a7be,1,completed,1,0
mistral:7b,6577803aa9a036369e481d648a2baebb381ebc6e897f2bb9a766a2aa7bfbc1cf,v2_deterministic,EXT05,71cc333232fbc880386e7682fc34da712cb28c4909a2dd3d1b95841eb6cea300,1,completed,1,0
mistral:7b,6577803aa9a036369e481d648a2baebb381ebc6e897f2bb9a766a2aa7bfbc1cf,v2_deterministic,FMT01,fdbd6ebc3c347a192a47b9bb70b303406405c83ee5c1a479aed4f8a338767e4e,1,completed,1,0
mistral:7b,6577803aa9a036369e481d648a2baebb381ebc6e897f2bb9a766a2aa7bfbc1cf,v2_deterministic,FMT02,4c1b340a0b2f1246a3e3b2a0e1e473e56db8c986d00d37cdc56e768eb834a0ba,1,completed,1,0
mistral:7b,6577803aa9a036369e481d648a2baebb381ebc6e897f2bb9a766a2aa7bfbc1cf,v2_deterministic,FMT03,8c5cb8101d228017c6d6c30d04bcea5c1d7c8e890c4c53fdbe9d6cbc518c917d,1,completed,1,0
mistral:7b,6577803aa9a036369e481d648a2baebb381ebc6e897f2bb9a766a2aa7bfbc1cf,v2_deterministic,FMT04,ae17d134fae86bb3b43f8ecdd993f970ae92f959cd70e3fa8f7450147cd0d1a6,1,completed,1,0
mistral:7b,6577803aa9a036369e481d648a2baebb381ebc6e897f2bb9a766a2aa7bfbc1cf,v2_deterministic,FMT05,19ccd3dd7a0ebb4e68aab027affd34cbf0d46ea9dbd9cd14e65acd196adb89d9,1,completed,1,0
mistral:7b,6577803aa9a036369e481d648a2baebb381ebc6e897f2bb9a766a2aa7bfbc1cf,v2_deterministic,FMT06,0b6ff8dc1f3a46e82558eed7660effca9d56ddd36d9def40aae0b4c5096e74d5,1,completed,1,0
mistral:7b,6577803aa9a036369e481d648a2baebb381ebc6e897f2bb9a766a2aa7bfbc1cf,v2_deterministic,INS01,92c2136115d03dede4233303cc97905c7a002fb88115ebd1db9de58140e8fb49,1,completed,1,0
mistral:7b,6577803aa9a036369e481d648a2baebb381ebc6e897f2bb9a766a2aa7bfbc1cf,v2_deterministic,INS02,de26b497ebe5cb51709fa9fdc577123b003dfb2c353cbebac30e4f5bf93645ac,1,completed,1,0
mistral:7b,6577803aa9a036369e481d648a2baebb381ebc6e897f2bb9a766a2aa7bfbc1cf,v2_deterministic,INS03,909b31c3c031bde154ec85239290ea75c8aa5c8d4da09a98d85ae882bf2d6a7a,1,completed,1,0
mistral:7b,6577803aa9a036369e481d648a2baebb381ebc6e897f2bb9a766a2aa7bfbc1cf,v2_deterministic,INS04,91b900395e2ff58c0f3c5403a06cf8c0adb533f43b20e7b3a45edb7e97ff0d62,1,completed,1,0
mistral:7b,6577803aa9a036369e481d648a2baebb381ebc6e897f2bb9a766a2aa7bfbc1cf,v2_deterministic,INS05,ca81b549c99bffc97ea38de7126bc30d0c517223dee1803bb0bd3f9c421b21a1,1,completed,1,0
mistral:7b,6577803aa9a036369e481d648a2baebb381ebc6e897f2bb9a766a2aa7bfbc1cf,v2_deterministic,INS06,b3d1ebb011b327f9f8291c39dc2b40c0df649eb4b272760e8711d0a79deb97dc,1,completed,1,0
mistral:7b,6577803aa9a036369e481d648a2baebb381ebc6e897f2bb9a766a2aa7bfbc1cf,v2_deterministic,MTH01,91c1b555b1295b1908a12c94ac79f1717b1b9021e13f87188c2337ca13ff4dec,1,completed,1,0
mistral:7b,6577803aa9a036369e481d648a2baebb381ebc6e897f2bb9a766a2aa7bfbc1cf,v2_deterministic,MTH02,8a8537aa1edfaa1ffd07a4365fe457f9a197932d51114368857ea86e42272598,1,completed,1,0
mistral:7b,6577803aa9a036369e481d648a2baebb381ebc6e897f2bb9a766a2aa7bfbc1cf,v2_deterministic,MTH03,217987bbf14051d433e3b29bc12807a016ec143004b82a3f9cbaeebbaa5985e1,1,completed,1,0
mistral:7b,6577803aa9a036369e481d648a2baebb381ebc6e897f2bb9a766a2aa7bfbc1cf,v2_deterministic,MTH04,08979b2f33d1572d9db33e681685a5fc0c0e543342c412493ae9cc6bd88cc57a,1,completed,1,0
mistral:7b,6577803aa9a036369e481d648a2baebb381ebc6e897f2bb9a766a2aa7bfbc1cf,v2_deterministic,MTH05,b4fa1e40b3b9684a1d2bb88676eda07383da0b57ae6824f17d843fe6d23ab09c,1,completed,1,0
mistral:7b,6577803aa9a036369e481d648a2baebb381ebc6e897f2bb9a766a2aa7bfbc1cf,v2_deterministic,MTH06,8c2f6233a641c83c0994257b8c0fc1713213b00107981e82ec546653fbd48e9a,1,completed,1,0
mistral:7b,6577803aa9a036369e481d648a2baebb381ebc6e897f2bb9a766a2aa7bfbc1cf,v2_deterministic,MTH07,77372f8353bd9037cf06cd16f704161fb6e710c2633b44b017de15fb2d6014ba,1,completed,1,0
mistral:7b,6577803aa9a036369e481d648a2baebb381ebc6e897f2bb9a766a2aa7bfbc1cf,v2_deterministic,MTH08,f99ba77cfd0638441528507cede31698b3f441917476c11add1ce33a9657d833,1,completed,1,0
mistral:7b,6577803aa9a036369e481d648a2baebb381ebc6e897f2bb9a766a2aa7bfbc1cf,v2_deterministic,PLAN01,9a9bedfa38b9a40dfa884f7653ab7ab7493b0a9b73fac15685dbe8c11ccd1a19,1,completed,1,0
mistral:7b,6577803aa9a036369e481d648a2baebb381ebc6e897f2bb9a766a2aa7bfbc1cf,v2_deterministic,PLAN02,68bf5e5a6462e403b8af413d7eadb4a38e47c9c9ca17f61e19b43d4a2a8eaa85,1,completed,1,0
mistral:7b,6577803aa9a036369e481d648a2baebb381ebc6e897f2bb9a766a2aa7bfbc1cf,v2_deterministic,PLAN03,948844eaa5214f61f8b5335bf7eb418d08acc38c1ab8ed7432a5e51c38d3c621,1,completed,1,0
mistral:7b,6577803aa9a036369e481d648a2baebb381ebc6e897f2bb9a766a2aa7bfbc1cf,v2_deterministic,PLAN04,01baacd18d70e923eb827d25e81a39f7d264c61293c32bcbd23176bf37c9be8c,1,completed,1,0
mistral:7b,6577803aa9a036369e481d648a2baebb381ebc6e897f2bb9a766a2aa7bfbc1cf,v2_deterministic,REL01,6b594598089c44dd88cf1946a640d5ccc4f836148ee1fa955006770edee3f9cb,1,completed,1,0
mistral:7b,6577803aa9a036369e481d648a2baebb381ebc6e897f2bb9a766a2aa7bfbc1cf,v2_deterministic,REL02,12c280b1b46e9da3a84ee9405c87091ac9cdae38f977960195c9c1c131da226e,1,completed,1,0
mistral:7b,6577803aa9a036369e481d648a2baebb381ebc6e897f2bb9a766a2aa7bfbc1cf,v2_deterministic,REL03,5102a20c9a96783f745020f84fc5a2122c2d613b1a9f6824a63e1742ccf809ef,1,completed,1,0
mistral:7b,6577803aa9a036369e481d648a2baebb381ebc6e897f2bb9a766a2aa7bfbc1cf,v2_deterministic,REL04,44db511a77a1ec50736a7ecfb1bc569e30ae22c62fcf6dde5c28135ce36c0405,1,completed,1,0
mistral:7b,6577803aa9a036369e481d648a2baebb381ebc6e897f2bb9a766a2aa7bfbc1cf,v2_deterministic,REL05,e925b5c6d0945cb7ed31ff7e410f25957737e41575899546092c1b33ff7486fa,1,completed,1,0
mistral:7b,6577803aa9a036369e481d648a2baebb381ebc6e897f2bb9a766a2aa7bfbc1cf,v2_deterministic,REL06,ab59032408916654f569f11bebdd1a04d719d429a06970404f315594383330e8,1,completed,1,0
mistral:7b,6577803aa9a036369e481d648a2baebb381ebc6e897f2bb9a766a2aa7bfbc1cf,v2_deterministic,TRANS01,4fc6b6a3efe614d2a9a22eacd20cede0676673da9bf74a978c87bff7e323430f,2,completed,2,0
mistral:7b,6577803aa9a036369e481d648a2baebb381ebc6e897f2bb9a766a2aa7bfbc1cf,v2_deterministic,TRANS02,661955c3065427dbce61a250fc3e511d79f90743ee73685d2ace500fe326e55b,2,completed,2,0
mistral:7b,6577803aa9a036369e481d648a2baebb381ebc6e897f2bb9a766a2aa7bfbc1cf,v2_deterministic,TRANS03,17e64b733c6966a1296c2d7edc86c8d91705b7c521e3a509e7b41151df01fd95,2,completed,2,0
mistral:7b,6577803aa9a036369e481d648a2baebb381ebc6e897f2bb9a766a2aa7bfbc1cf,v2_deterministic,TRANS04,0f9fde745eb99c505ec66656f25e1914df79fa9776e76bd38f9d08c6e4cabe75,2,completed,2,0
mistral:7b,6577803aa9a036369e481d648a2baebb381ebc6e897f2bb9a766a2aa7bfbc1cf,v2_deterministic,TRANS05,57e482a869c0dffa144e65cfdfb33936399629d70e57ceb4a8d69481a63922b6,2,completed,2,0
mistral:7b,6577803aa9a036369e481d648a2baebb381ebc6e897f2bb9a766a2aa7bfbc1cf,v2_deterministic,TRANS06,5bc72344646712a814e840aaf5e4b62b5638c39f80d700147273739d02bf5de8,2,completed,2,0
mistral:7b,6577803aa9a036369e481d648a2baebb381ebc6e897f2bb9a766a2aa7bfbc1cf,v2_deterministic,TRANS07,f587dbde0487a4c877cafbe0eb16b34a9cecb3d51809322c7094eefc78a754d6,2,completed,2,0
mistral:7b,6577803aa9a036369e481d648a2baebb381ebc6e897f2bb9a766a2aa7bfbc1cf,v2_deterministic,TRANS08,e887b6167ee63b52308c9bc24e1604252f1ec9cfbdf8d33d5178ff1bd57b5dfb,2,completed,2,0
nemotron-3-nano:4b,6cc467f054393a55e98a74098abde0c762ffb6d1d8cd64becf30458f38886197,reasoning_extended,RSN01,628e78ef737745fb5557c606a30b66302f21073ce08347b704ce4061000c8b67,1,completed,1,0
nemotron-3-nano:4b,6cc467f054393a55e98a74098abde0c762ffb6d1d8cd64becf30458f38886197,reasoning_extended,RSN02,675e2757d3419d3809b6da58309a9f12a38320e26607c24d574fdf30d2607ec6,1,completed,1,0
nemotron-3-nano:4b,6cc467f054393a55e98a74098abde0c762ffb6d1d8cd64becf30458f38886197,reasoning_extended,RSN03,182012728ae306a733a56d95c3201c61e53f8372e0a2c3e65534e598b95a2b9c,1,completed,1,0
nemotron-3-nano:4b,6cc467f054393a55e98a74098abde0c762ffb6d1d8cd64becf30458f38886197,reasoning_extended,RSN04,e2265549dfde6391abd439ef9fe3d8b0e7556b75ffea078f2655ce69f9e023b9,1,completed,1,0
nemotron-3-nano:4b,6cc467f054393a55e98a74098abde0c762ffb6d1d8cd64becf30458f38886197,reasoning_extended,RSN05,86a73bef82149c5854cc9e1b5712f6b4ec804728c831f565d55ac4f4ffa7ad6a,1,completed,1,0
nemotron-3-nano:4b,6cc467f054393a55e98a74098abde0c762ffb6d1d8cd64becf30458f38886197,reasoning_extended,RSN06,c754b9e7052124fe11e28629f5b42d792d6a35d0c51d6c3d62484b21b93a4ae7,1,completed,1,0
nemotron-3-nano:4b,6cc467f054393a55e98a74098abde0c762ffb6d1d8cd64becf30458f38886197,reasoning_extended,RSN07,de768c557bec5df8affd4152dea159695c0c3c65e18d796cdd4ce0cbf7b48656,1,completed,1,0
nemotron-3-nano:4b,6cc467f054393a55e98a74098abde0c762ffb6d1d8cd64becf30458f38886197,reasoning_extended,RSN08,961aa43057f176406d95ca3705c2fdea73202d4b3c68a37d8cc827e9e5eee70f,1,completed,1,0
nemotron-3-nano:4b,6cc467f054393a55e98a74098abde0c762ffb6d1d8cd64becf30458f38886197,reasoning_extended,RSN09,d29f7121a2177bc2c67661d94741905793c99cf2890a9e54e1f33c7c23d63669,1,completed,1,0
nemotron-3-nano:4b,6cc467f054393a55e98a74098abde0c762ffb6d1d8cd64becf30458f38886197,reasoning_extended,RSN10,e5c78d60e435d2ccdfc13bbb80fc3bba85ddcae5c8bd3e6965385df5842fce38,1,completed,1,0
nemotron-3-nano:4b,6cc467f054393a55e98a74098abde0c762ffb6d1d8cd64becf30458f38886197,reasoning_native,RSN01_native,5bee3657d213c491618572644b88f1e49b52228af489e539702f4c4fb40430d0,1,completed,1,0
nemotron-3-nano:4b,6cc467f054393a55e98a74098abde0c762ffb6d1d8cd64becf30458f38886197,reasoning_native,RSN02_native,40a32ac1c67a8f7010da1f13c8f81cb06c9953aebcf22cbc5bf7536ecfe25dbd,1,completed,1,0
nemotron-3-nano:4b,6cc467f054393a55e98a74098abde0c762ffb6d1d8cd64becf30458f38886197,reasoning_native,RSN03_native,dd615ee749b438963ad3715eb9ac7d1cfab0fd264a470eb09c814c13f5da6080,1,completed,1,0
nemotron-3-nano:4b,6cc467f054393a55e98a74098abde0c762ffb6d1d8cd64becf30458f38886197,reasoning_native,RSN04_native,bcc93f534fb7c7dacf0c7073c42049b825e09d14f614b6e8ab8cd3c1843a5c79,1,completed,1,0
nemotron-3-nano:4b,6cc467f054393a55e98a74098abde0c762ffb6d1d8cd64becf30458f38886197,reasoning_native,RSN05_native,70bf8aca8ed8efa2c43eb6cf256161e19748f9023b42ba100608c98fb55faf5c,1,completed,1,0
nemotron-3-nano:4b,6cc467f054393a55e98a74098abde0c762ffb6d1d8cd64becf30458f38886197,reasoning_native,RSN06_native,c4ec23148e34cb66123ea37e06496b3a7b70de7e4a38dee35a83cdcd8f3e8bdf,1,completed,1,0
nemotron-3-nano:4b,6cc467f054393a55e98a74098abde0c762ffb6d1d8cd64becf30458f38886197,reasoning_native,RSN07_native,014c927c42888103ffeb6cf7791f0fd752a9368757da620dcd9b05d2bcabfeac,1,completed,1,0
nemotron-3-nano:4b,6cc467f054393a55e98a74098abde0c762ffb6d1d8cd64becf30458f38886197,reasoning_native,RSN08_native,bfeed8a78f50155b54990c783e798ab124251f8a38528f93fdd997720ac7d4aa,1,completed,1,0
nemotron-3-nano:4b,6cc467f054393a55e98a74098abde0c762ffb6d1d8cd64becf30458f38886197,reasoning_native,RSN09_native,5a00284c70f458949386a433eb154a4e66589c42a762559a683073be9fd0235e,1,completed,1,0
nemotron-3-nano:4b,6cc467f054393a55e98a74098abde0c762ffb6d1d8cd64becf30458f38886197,reasoning_native,RSN10_native,af7ef8b99525f206b7874b303816d1252cce5bd7197fe6648a5ba78a9bd6efa1,1,completed,1,0
nemotron-3-nano:4b,6cc467f054393a55e98a74098abde0c762ffb6d1d8cd64becf30458f38886197,v2_deterministic,CODE01,3a6ee053f316ac797eed83be7b511d932088853ce01f109c3a3d048762277fb7,2,runtime_error,2,0
nemotron-3-nano:4b,6cc467f054393a55e98a74098abde0c762ffb6d1d8cd64becf30458f38886197,v2_deterministic,CODE02,7499e2260b2e423d47622f7a06875ba06e7550d12a493ae94b3374baa89bb127,2,completed,2,0
nemotron-3-nano:4b,6cc467f054393a55e98a74098abde0c762ffb6d1d8cd64becf30458f38886197,v2_deterministic,CODE03,78fa42595ce9312c77ef3397f4f95625e10003115b153900d9b20047d7234890,2,syntax_error,2,0
nemotron-3-nano:4b,6cc467f054393a55e98a74098abde0c762ffb6d1d8cd64becf30458f38886197,v2_deterministic,CODE04,cbca68dc260d8f66dc2bd9244e1cdde7634672fdf81446239f5d8d18de488af9,2,syntax_error,2,0
nemotron-3-nano:4b,6cc467f054393a55e98a74098abde0c762ffb6d1d8cd64becf30458f38886197,v2_deterministic,CODE05,915cc1c3562066f0272a964950a929036d538c65db95285acb47661c925bafce,2,completed,2,0
nemotron-3-nano:4b,6cc467f054393a55e98a74098abde0c762ffb6d1d8cd64becf30458f38886197,v2_deterministic,CODE06,3113278ebd1124f287fba61fb40b3c2e595434d0784c7956cb5581706b337405,2,syntax_error,2,0
nemotron-3-nano:4b,6cc467f054393a55e98a74098abde0c762ffb6d1d8cd64becf30458f38886197,v2_deterministic,CODE07,8443ca250d7b0d1ce901412d358f43cfd8a8a809ed659b7528fdab053725683d,2,runtime_error,2,0
nemotron-3-nano:4b,6cc467f054393a55e98a74098abde0c762ffb6d1d8cd64becf30458f38886197,v2_deterministic,CODE08,ea91a6e1088aa2bcca76c26bda0e3c024ced3c823e075354ba94a454ee186d0c,2,completed,2,0
nemotron-3-nano:4b,6cc467f054393a55e98a74098abde0c762ffb6d1d8cd64becf30458f38886197,v2_deterministic,CODE09,890539ef90e6d604e2ae66f258de22cd74432676d4b8d18809c45c1033a45148,2,syntax_error,2,0
nemotron-3-nano:4b,6cc467f054393a55e98a74098abde0c762ffb6d1d8cd64becf30458f38886197,v2_deterministic,CODE10,e5cebee20c39db9b1160848a6803ca80c1537c1b4a574c9e9e4719787cf90147,2,syntax_error,2,0
nemotron-3-nano:4b,6cc467f054393a55e98a74098abde0c762ffb6d1d8cd64becf30458f38886197,v2_deterministic,EXT01,23e19240d1c16e1536e57fdc92db3b04bbdec298a06ec10cd16e75e3dde97c80,1,completed,1,0
nemotron-3-nano:4b,6cc467f054393a55e98a74098abde0c762ffb6d1d8cd64becf30458f38886197,v2_deterministic,EXT02,2323b07d42fd98286ddb9984b9ac5c9251a6c8ff1f6b1b882cc710ce7afa3423,1,completed,1,0
nemotron-3-nano:4b,6cc467f054393a55e98a74098abde0c762ffb6d1d8cd64becf30458f38886197,v2_deterministic,EXT03,d4536434de6a476283fdf7f9bb5149792fcd7100010686be1b32c32b639a8164,1,completed,1,0
nemotron-3-nano:4b,6cc467f054393a55e98a74098abde0c762ffb6d1d8cd64becf30458f38886197,v2_deterministic,EXT04,2b65a93427ac30657446eb9d1f893339bfb1cb91a0b8beaa93b00bfc0704a7be,1,completed,1,0
nemotron-3-nano:4b,6cc467f054393a55e98a74098abde0c762ffb6d1d8cd64becf30458f38886197,v2_deterministic,EXT05,71cc333232fbc880386e7682fc34da712cb28c4909a2dd3d1b95841eb6cea300,1,completed,1,0
nemotron-3-nano:4b,6cc467f054393a55e98a74098abde0c762ffb6d1d8cd64becf30458f38886197,v2_deterministic,FMT01,fdbd6ebc3c347a192a47b9bb70b303406405c83ee5c1a479aed4f8a338767e4e,1,completed,1,0
nemotron-3-nano:4b,6cc467f054393a55e98a74098abde0c762ffb6d1d8cd64becf30458f38886197,v2_deterministic,FMT02,4c1b340a0b2f1246a3e3b2a0e1e473e56db8c986d00d37cdc56e768eb834a0ba,1,completed,1,0
nemotron-3-nano:4b,6cc467f054393a55e98a74098abde0c762ffb6d1d8cd64becf30458f38886197,v2_deterministic,FMT03,8c5cb8101d228017c6d6c30d04bcea5c1d7c8e890c4c53fdbe9d6cbc518c917d,1,completed,1,0
nemotron-3-nano:4b,6cc467f054393a55e98a74098abde0c762ffb6d1d8cd64becf30458f38886197,v2_deterministic,FMT04,ae17d134fae86bb3b43f8ecdd993f970ae92f959cd70e3fa8f7450147cd0d1a6,1,completed,1,0
nemotron-3-nano:4b,6cc467f054393a55e98a74098abde0c762ffb6d1d8cd64becf30458f38886197,v2_deterministic,FMT05,19ccd3dd7a0ebb4e68aab027affd34cbf0d46ea9dbd9cd14e65acd196adb89d9,1,completed,1,0
nemotron-3-nano:4b,6cc467f054393a55e98a74098abde0c762ffb6d1d8cd64becf30458f38886197,v2_deterministic,FMT06,0b6ff8dc1f3a46e82558eed7660effca9d56ddd36d9def40aae0b4c5096e74d5,1,completed,1,0
nemotron-3-nano:4b,6cc467f054393a55e98a74098abde0c762ffb6d1d8cd64becf30458f38886197,v2_deterministic,INS01,92c2136115d03dede4233303cc97905c7a002fb88115ebd1db9de58140e8fb49,1,completed,1,0
nemotron-3-nano:4b,6cc467f054393a55e98a74098abde0c762ffb6d1d8cd64becf30458f38886197,v2_deterministic,INS02,de26b497ebe5cb51709fa9fdc577123b003dfb2c353cbebac30e4f5bf93645ac,1,completed,1,0
nemotron-3-nano:4b,6cc467f054393a55e98a74098abde0c762ffb6d1d8cd64becf30458f38886197,v2_deterministic,INS03,909b31c3c031bde154ec85239290ea75c8aa5c8d4da09a98d85ae882bf2d6a7a,1,completed,1,0
nemotron-3-nano:4b,6cc467f054393a55e98a74098abde0c762ffb6d1d8cd64becf30458f38886197,v2_deterministic,INS04,91b900395e2ff58c0f3c5403a06cf8c0adb533f43b20e7b3a45edb7e97ff0d62,1,completed,1,0
nemotron-3-nano:4b,6cc467f054393a55e98a74098abde0c762ffb6d1d8cd64becf30458f38886197,v2_deterministic,INS05,ca81b549c99bffc97ea38de7126bc30d0c517223dee1803bb0bd3f9c421b21a1,1,completed,1,0
nemotron-3-nano:4b,6cc467f054393a55e98a74098abde0c762ffb6d1d8cd64becf30458f38886197,v2_deterministic,INS06,b3d1ebb011b327f9f8291c39dc2b40c0df649eb4b272760e8711d0a79deb97dc,1,completed,1,0
nemotron-3-nano:4b,6cc467f054393a55e98a74098abde0c762ffb6d1d8cd64becf30458f38886197,v2_deterministic,MTH01,91c1b555b1295b1908a12c94ac79f1717b1b9021e13f87188c2337ca13ff4dec,1,completed,1,0
nemotron-3-nano:4b,6cc467f054393a55e98a74098abde0c762ffb6d1d8cd64becf30458f38886197,v2_deterministic,MTH02,8a8537aa1edfaa1ffd07a4365fe457f9a197932d51114368857ea86e42272598,1,completed,1,0
nemotron-3-nano:4b,6cc467f054393a55e98a74098abde0c762ffb6d1d8cd64becf30458f38886197,v2_deterministic,MTH03,217987bbf14051d433e3b29bc12807a016ec143004b82a3f9cbaeebbaa5985e1,1,completed,1,0
nemotron-3-nano:4b,6cc467f054393a55e98a74098abde0c762ffb6d1d8cd64becf30458f38886197,v2_deterministic,MTH04,08979b2f33d1572d9db33e681685a5fc0c0e543342c412493ae9cc6bd88cc57a,1,completed,1,0
nemotron-3-nano:4b,6cc467f054393a55e98a74098abde0c762ffb6d1d8cd64becf30458f38886197,v2_deterministic,MTH05,b4fa1e40b3b9684a1d2bb88676eda07383da0b57ae6824f17d843fe6d23ab09c,1,completed,1,0
nemotron-3-nano:4b,6cc467f054393a55e98a74098abde0c762ffb6d1d8cd64becf30458f38886197,v2_deterministic,MTH06,8c2f6233a641c83c0994257b8c0fc1713213b00107981e82ec546653fbd48e9a,1,completed,1,0
nemotron-3-nano:4b,6cc467f054393a55e98a74098abde0c762ffb6d1d8cd64becf30458f38886197,v2_deterministic,MTH07,77372f8353bd9037cf06cd16f704161fb6e710c2633b44b017de15fb2d6014ba,1,completed,1,0
nemotron-3-nano:4b,6cc467f054393a55e98a74098abde0c762ffb6d1d8cd64becf30458f38886197,v2_deterministic,MTH08,f99ba77cfd0638441528507cede31698b3f441917476c11add1ce33a9657d833,1,completed,1,0
nemotron-3-nano:4b,6cc467f054393a55e98a74098abde0c762ffb6d1d8cd64becf30458f38886197,v2_deterministic,PLAN01,9a9bedfa38b9a40dfa884f7653ab7ab7493b0a9b73fac15685dbe8c11ccd1a19,1,completed,1,0
nemotron-3-nano:4b,6cc467f054393a55e98a74098abde0c762ffb6d1d8cd64becf30458f38886197,v2_deterministic,PLAN02,68bf5e5a6462e403b8af413d7eadb4a38e47c9c9ca17f61e19b43d4a2a8eaa85,1,completed,1,0
nemotron-3-nano:4b,6cc467f054393a55e98a74098abde0c762ffb6d1d8cd64becf30458f38886197,v2_deterministic,PLAN03,948844eaa5214f61f8b5335bf7eb418d08acc38c1ab8ed7432a5e51c38d3c621,1,completed,1,0
nemotron-3-nano:4b,6cc467f054393a55e98a74098abde0c762ffb6d1d8cd64becf30458f38886197,v2_deterministic,PLAN04,01baacd18d70e923eb827d25e81a39f7d264c61293c32bcbd23176bf37c9be8c,1,completed,1,0
nemotron-3-nano:4b,6cc467f054393a55e98a74098abde0c762ffb6d1d8cd64becf30458f38886197,v2_deterministic,REL01,6b594598089c44dd88cf1946a640d5ccc4f836148ee1fa955006770edee3f9cb,1,completed,1,0
nemotron-3-nano:4b,6cc467f054393a55e98a74098abde0c762ffb6d1d8cd64becf30458f38886197,v2_deterministic,REL02,12c280b1b46e9da3a84ee9405c87091ac9cdae38f977960195c9c1c131da226e,1,completed,1,0
nemotron-3-nano:4b,6cc467f054393a55e98a74098abde0c762ffb6d1d8cd64becf30458f38886197,v2_deterministic,REL03,5102a20c9a96783f745020f84fc5a2122c2d613b1a9f6824a63e1742ccf809ef,1,completed,1,0
nemotron-3-nano:4b,6cc467f054393a55e98a74098abde0c762ffb6d1d8cd64becf30458f38886197,v2_deterministic,REL04,44db511a77a1ec50736a7ecfb1bc569e30ae22c62fcf6dde5c28135ce36c0405,1,completed,1,0
nemotron-3-nano:4b,6cc467f054393a55e98a74098abde0c762ffb6d1d8cd64becf30458f38886197,v2_deterministic,REL05,e925b5c6d0945cb7ed31ff7e410f25957737e41575899546092c1b33ff7486fa,1,completed,1,0
nemotron-3-nano:4b,6cc467f054393a55e98a74098abde0c762ffb6d1d8cd64becf30458f38886197,v2_deterministic,REL06,ab59032408916654f569f11bebdd1a04d719d429a06970404f315594383330e8,1,completed,1,0
nemotron-3-nano:4b,6cc467f054393a55e98a74098abde0c762ffb6d1d8cd64becf30458f38886197,v2_deterministic,TRANS01,4fc6b6a3efe614d2a9a22eacd20cede0676673da9bf74a978c87bff7e323430f,2,completed,2,0
nemotron-3-nano:4b,6cc467f054393a55e98a74098abde0c762ffb6d1d8cd64becf30458f38886197,v2_deterministic,TRANS02,661955c3065427dbce61a250fc3e511d79f90743ee73685d2ace500fe326e55b,2,completed,2,0
nemotron-3-nano:4b,6cc467f054393a55e98a74098abde0c762ffb6d1d8cd64becf30458f38886197,v2_deterministic,TRANS03,17e64b733c6966a1296c2d7edc86c8d91705b7c521e3a509e7b41151df01fd95,2,completed,2,0
nemotron-3-nano:4b,6cc467f054393a55e98a74098abde0c762ffb6d1d8cd64becf30458f38886197,v2_deterministic,TRANS04,0f9fde745eb99c505ec66656f25e1914df79fa9776e76bd38f9d08c6e4cabe75,2,completed,2,0
nemotron-3-nano:4b,6cc467f054393a55e98a74098abde0c762ffb6d1d8cd64becf30458f38886197,v2_deterministic,TRANS05,57e482a869c0dffa144e65cfdfb33936399629d70e57ceb4a8d69481a63922b6,2,completed,2,0
nemotron-3-nano:4b,6cc467f054393a55e98a74098abde0c762ffb6d1d8cd64becf30458f38886197,v2_deterministic,TRANS06,5bc72344646712a814e840aaf5e4b62b5638c39f80d700147273739d02bf5de8,2,completed,2,0
nemotron-3-nano:4b,6cc467f054393a55e98a74098abde0c762ffb6d1d8cd64becf30458f38886197,v2_deterministic,TRANS07,f587dbde0487a4c877cafbe0eb16b34a9cecb3d51809322c7094eefc78a754d6,2,completed,2,0
nemotron-3-nano:4b,6cc467f054393a55e98a74098abde0c762ffb6d1d8cd64becf30458f38886197,v2_deterministic,TRANS08,e887b6167ee63b52308c9bc24e1604252f1ec9cfbdf8d33d5178ff1bd57b5dfb,2,completed,2,0
olmo-3:7b-instruct,ea72df8c85d75c6783ab0d00278803c53a634fc9d0fe38d3fd4ab6f35adbdbb2,runner,RUNNER_EXCEPTION,e3b0c44298fc1c149afbf4c8996fb92427ae41e4649b934ca495991b7852b855,1,server_error,1,0
olmo-3:7b-instruct,ea72df8c85d75c6783ab0d00278803c53a634fc9d0fe38d3fd4ab6f35adbdbb2,v2_deterministic,CODE01,3a6ee053f316ac797eed83be7b511d932088853ce01f109c3a3d048762277fb7,2,runtime_error,2,0
olmo-3:7b-instruct,ea72df8c85d75c6783ab0d00278803c53a634fc9d0fe38d3fd4ab6f35adbdbb2,v2_deterministic,CODE02,7499e2260b2e423d47622f7a06875ba06e7550d12a493ae94b3374baa89bb127,2,completed,2,0
olmo-3:7b-instruct,ea72df8c85d75c6783ab0d00278803c53a634fc9d0fe38d3fd4ab6f35adbdbb2,v2_deterministic,CODE03,78fa42595ce9312c77ef3397f4f95625e10003115b153900d9b20047d7234890,2,completed,2,0
olmo-3:7b-instruct,ea72df8c85d75c6783ab0d00278803c53a634fc9d0fe38d3fd4ab6f35adbdbb2,v2_deterministic,CODE04,cbca68dc260d8f66dc2bd9244e1cdde7634672fdf81446239f5d8d18de488af9,2,runtime_error,2,0
olmo-3:7b-instruct,ea72df8c85d75c6783ab0d00278803c53a634fc9d0fe38d3fd4ab6f35adbdbb2,v2_deterministic,CODE05,915cc1c3562066f0272a964950a929036d538c65db95285acb47661c925bafce,2,runtime_error,2,0
olmo-3:7b-instruct,ea72df8c85d75c6783ab0d00278803c53a634fc9d0fe38d3fd4ab6f35adbdbb2,v2_deterministic,CODE06,3113278ebd1124f287fba61fb40b3c2e595434d0784c7956cb5581706b337405,2,completed,2,0
olmo-3:7b-instruct,ea72df8c85d75c6783ab0d00278803c53a634fc9d0fe38d3fd4ab6f35adbdbb2,v2_deterministic,CODE07,8443ca250d7b0d1ce901412d358f43cfd8a8a809ed659b7528fdab053725683d,2,runtime_error,2,0
olmo-3:7b-instruct,ea72df8c85d75c6783ab0d00278803c53a634fc9d0fe38d3fd4ab6f35adbdbb2,v2_deterministic,CODE08,ea91a6e1088aa2bcca76c26bda0e3c024ced3c823e075354ba94a454ee186d0c,2,unsafe_code_detected,2,0
olmo-3:7b-instruct,ea72df8c85d75c6783ab0d00278803c53a634fc9d0fe38d3fd4ab6f35adbdbb2,v2_deterministic,CODE09,890539ef90e6d604e2ae66f258de22cd74432676d4b8d18809c45c1033a45148,2,runtime_error,2,0
olmo-3:7b-instruct,ea72df8c85d75c6783ab0d00278803c53a634fc9d0fe38d3fd4ab6f35adbdbb2,v2_deterministic,CODE10,e5cebee20c39db9b1160848a6803ca80c1537c1b4a574c9e9e4719787cf90147,2,completed,2,0
olmo-3:7b-instruct,ea72df8c85d75c6783ab0d00278803c53a634fc9d0fe38d3fd4ab6f35adbdbb2,v2_deterministic,EXT01,23e19240d1c16e1536e57fdc92db3b04bbdec298a06ec10cd16e75e3dde97c80,1,completed,1,0
olmo-3:7b-instruct,ea72df8c85d75c6783ab0d00278803c53a634fc9d0fe38d3fd4ab6f35adbdbb2,v2_deterministic,EXT02,2323b07d42fd98286ddb9984b9ac5c9251a6c8ff1f6b1b882cc710ce7afa3423,1,completed,1,0
olmo-3:7b-instruct,ea72df8c85d75c6783ab0d00278803c53a634fc9d0fe38d3fd4ab6f35adbdbb2,v2_deterministic,EXT03,d4536434de6a476283fdf7f9bb5149792fcd7100010686be1b32c32b639a8164,1,completed,1,0
olmo-3:7b-instruct,ea72df8c85d75c6783ab0d00278803c53a634fc9d0fe38d3fd4ab6f35adbdbb2,v2_deterministic,EXT04,2b65a93427ac30657446eb9d1f893339bfb1cb91a0b8beaa93b00bfc0704a7be,1,completed,1,0
olmo-3:7b-instruct,ea72df8c85d75c6783ab0d00278803c53a634fc9d0fe38d3fd4ab6f35adbdbb2,v2_deterministic,EXT05,71cc333232fbc880386e7682fc34da712cb28c4909a2dd3d1b95841eb6cea300,1,completed,1,0
olmo-3:7b-instruct,ea72df8c85d75c6783ab0d00278803c53a634fc9d0fe38d3fd4ab6f35adbdbb2,v2_deterministic,FMT01,fdbd6ebc3c347a192a47b9bb70b303406405c83ee5c1a479aed4f8a338767e4e,1,completed,1,0
olmo-3:7b-instruct,ea72df8c85d75c6783ab0d00278803c53a634fc9d0fe38d3fd4ab6f35adbdbb2,v2_deterministic,FMT02,4c1b340a0b2f1246a3e3b2a0e1e473e56db8c986d00d37cdc56e768eb834a0ba,1,completed,1,0
olmo-3:7b-instruct,ea72df8c85d75c6783ab0d00278803c53a634fc9d0fe38d3fd4ab6f35adbdbb2,v2_deterministic,FMT03,8c5cb8101d228017c6d6c30d04bcea5c1d7c8e890c4c53fdbe9d6cbc518c917d,1,completed,1,0
olmo-3:7b-instruct,ea72df8c85d75c6783ab0d00278803c53a634fc9d0fe38d3fd4ab6f35adbdbb2,v2_deterministic,FMT04,ae17d134fae86bb3b43f8ecdd993f970ae92f959cd70e3fa8f7450147cd0d1a6,1,completed,1,0
olmo-3:7b-instruct,ea72df8c85d75c6783ab0d00278803c53a634fc9d0fe38d3fd4ab6f35adbdbb2,v2_deterministic,FMT05,19ccd3dd7a0ebb4e68aab027affd34cbf0d46ea9dbd9cd14e65acd196adb89d9,1,completed,1,0
olmo-3:7b-instruct,ea72df8c85d75c6783ab0d00278803c53a634fc9d0fe38d3fd4ab6f35adbdbb2,v2_deterministic,FMT06,0b6ff8dc1f3a46e82558eed7660effca9d56ddd36d9def40aae0b4c5096e74d5,1,completed,1,0
olmo-3:7b-instruct,ea72df8c85d75c6783ab0d00278803c53a634fc9d0fe38d3fd4ab6f35adbdbb2,v2_deterministic,INS01,92c2136115d03dede4233303cc97905c7a002fb88115ebd1db9de58140e8fb49,1,completed,1,0
olmo-3:7b-instruct,ea72df8c85d75c6783ab0d00278803c53a634fc9d0fe38d3fd4ab6f35adbdbb2,v2_deterministic,INS02,de26b497ebe5cb51709fa9fdc577123b003dfb2c353cbebac30e4f5bf93645ac,1,completed,1,0
olmo-3:7b-instruct,ea72df8c85d75c6783ab0d00278803c53a634fc9d0fe38d3fd4ab6f35adbdbb2,v2_deterministic,INS03,909b31c3c031bde154ec85239290ea75c8aa5c8d4da09a98d85ae882bf2d6a7a,1,completed,1,0
olmo-3:7b-instruct,ea72df8c85d75c6783ab0d00278803c53a634fc9d0fe38d3fd4ab6f35adbdbb2,v2_deterministic,INS04,91b900395e2ff58c0f3c5403a06cf8c0adb533f43b20e7b3a45edb7e97ff0d62,1,completed,1,0
olmo-3:7b-instruct,ea72df8c85d75c6783ab0d00278803c53a634fc9d0fe38d3fd4ab6f35adbdbb2,v2_deterministic,INS05,ca81b549c99bffc97ea38de7126bc30d0c517223dee1803bb0bd3f9c421b21a1,1,completed,1,0
olmo-3:7b-instruct,ea72df8c85d75c6783ab0d00278803c53a634fc9d0fe38d3fd4ab6f35adbdbb2,v2_deterministic,INS06,b3d1ebb011b327f9f8291c39dc2b40c0df649eb4b272760e8711d0a79deb97dc,1,completed,1,0
olmo-3:7b-instruct,ea72df8c85d75c6783ab0d00278803c53a634fc9d0fe38d3fd4ab6f35adbdbb2,v2_deterministic,MTH01,91c1b555b1295b1908a12c94ac79f1717b1b9021e13f87188c2337ca13ff4dec,1,completed,1,0
olmo-3:7b-instruct,ea72df8c85d75c6783ab0d00278803c53a634fc9d0fe38d3fd4ab6f35adbdbb2,v2_deterministic,MTH02,8a8537aa1edfaa1ffd07a4365fe457f9a197932d51114368857ea86e42272598,1,completed,1,0
olmo-3:7b-instruct,ea72df8c85d75c6783ab0d00278803c53a634fc9d0fe38d3fd4ab6f35adbdbb2,v2_deterministic,MTH03,217987bbf14051d433e3b29bc12807a016ec143004b82a3f9cbaeebbaa5985e1,1,completed,1,0
olmo-3:7b-instruct,ea72df8c85d75c6783ab0d00278803c53a634fc9d0fe38d3fd4ab6f35adbdbb2,v2_deterministic,MTH04,08979b2f33d1572d9db33e681685a5fc0c0e543342c412493ae9cc6bd88cc57a,1,completed,1,0
olmo-3:7b-instruct,ea72df8c85d75c6783ab0d00278803c53a634fc9d0fe38d3fd4ab6f35adbdbb2,v2_deterministic,MTH05,b4fa1e40b3b9684a1d2bb88676eda07383da0b57ae6824f17d843fe6d23ab09c,1,completed,1,0
olmo-3:7b-instruct,ea72df8c85d75c6783ab0d00278803c53a634fc9d0fe38d3fd4ab6f35adbdbb2,v2_deterministic,MTH06,8c2f6233a641c83c0994257b8c0fc1713213b00107981e82ec546653fbd48e9a,1,completed,1,0
olmo-3:7b-instruct,ea72df8c85d75c6783ab0d00278803c53a634fc9d0fe38d3fd4ab6f35adbdbb2,v2_deterministic,MTH07,77372f8353bd9037cf06cd16f704161fb6e710c2633b44b017de15fb2d6014ba,1,completed,1,0
olmo-3:7b-instruct,ea72df8c85d75c6783ab0d00278803c53a634fc9d0fe38d3fd4ab6f35adbdbb2,v2_deterministic,MTH08,f99ba77cfd0638441528507cede31698b3f441917476c11add1ce33a9657d833,1,completed,1,0
olmo-3:7b-instruct,ea72df8c85d75c6783ab0d00278803c53a634fc9d0fe38d3fd4ab6f35adbdbb2,v2_deterministic,PLAN01,9a9bedfa38b9a40dfa884f7653ab7ab7493b0a9b73fac15685dbe8c11ccd1a19,1,completed,1,0
olmo-3:7b-instruct,ea72df8c85d75c6783ab0d00278803c53a634fc9d0fe38d3fd4ab6f35adbdbb2,v2_deterministic,PLAN02,68bf5e5a6462e403b8af413d7eadb4a38e47c9c9ca17f61e19b43d4a2a8eaa85,1,completed,1,0
olmo-3:7b-instruct,ea72df8c85d75c6783ab0d00278803c53a634fc9d0fe38d3fd4ab6f35adbdbb2,v2_deterministic,PLAN03,948844eaa5214f61f8b5335bf7eb418d08acc38c1ab8ed7432a5e51c38d3c621,1,completed,1,0
olmo-3:7b-instruct,ea72df8c85d75c6783ab0d00278803c53a634fc9d0fe38d3fd4ab6f35adbdbb2,v2_deterministic,PLAN04,01baacd18d70e923eb827d25e81a39f7d264c61293c32bcbd23176bf37c9be8c,1,completed,1,0
olmo-3:7b-instruct,ea72df8c85d75c6783ab0d00278803c53a634fc9d0fe38d3fd4ab6f35adbdbb2,v2_deterministic,REL01,6b594598089c44dd88cf1946a640d5ccc4f836148ee1fa955006770edee3f9cb,1,completed,1,0
olmo-3:7b-instruct,ea72df8c85d75c6783ab0d00278803c53a634fc9d0fe38d3fd4ab6f35adbdbb2,v2_deterministic,REL02,12c280b1b46e9da3a84ee9405c87091ac9cdae38f977960195c9c1c131da226e,1,completed,1,0
olmo-3:7b-instruct,ea72df8c85d75c6783ab0d00278803c53a634fc9d0fe38d3fd4ab6f35adbdbb2,v2_deterministic,REL03,5102a20c9a96783f745020f84fc5a2122c2d613b1a9f6824a63e1742ccf809ef,1,completed,1,0
olmo-3:7b-instruct,ea72df8c85d75c6783ab0d00278803c53a634fc9d0fe38d3fd4ab6f35adbdbb2,v2_deterministic,REL04,44db511a77a1ec50736a7ecfb1bc569e30ae22c62fcf6dde5c28135ce36c0405,1,completed,1,0
olmo-3:7b-instruct,ea72df8c85d75c6783ab0d00278803c53a634fc9d0fe38d3fd4ab6f35adbdbb2,v2_deterministic,REL05,e925b5c6d0945cb7ed31ff7e410f25957737e41575899546092c1b33ff7486fa,1,completed,1,0
olmo-3:7b-instruct,ea72df8c85d75c6783ab0d00278803c53a634fc9d0fe38d3fd4ab6f35adbdbb2,v2_deterministic,REL06,ab59032408916654f569f11bebdd1a04d719d429a06970404f315594383330e8,1,completed,1,0
olmo-3:7b-instruct,ea72df8c85d75c6783ab0d00278803c53a634fc9d0fe38d3fd4ab6f35adbdbb2,v2_deterministic,TRANS01,4fc6b6a3efe614d2a9a22eacd20cede0676673da9bf74a978c87bff7e323430f,2,completed,2,0
olmo-3:7b-instruct,ea72df8c85d75c6783ab0d00278803c53a634fc9d0fe38d3fd4ab6f35adbdbb2,v2_deterministic,TRANS02,661955c3065427dbce61a250fc3e511d79f90743ee73685d2ace500fe326e55b,2,completed,2,0
olmo-3:7b-instruct,ea72df8c85d75c6783ab0d00278803c53a634fc9d0fe38d3fd4ab6f35adbdbb2,v2_deterministic,TRANS03,17e64b733c6966a1296c2d7edc86c8d91705b7c521e3a509e7b41151df01fd95,2,completed,2,0
olmo-3:7b-instruct,ea72df8c85d75c6783ab0d00278803c53a634fc9d0fe38d3fd4ab6f35adbdbb2,v2_deterministic,TRANS04,0f9fde745eb99c505ec66656f25e1914df79fa9776e76bd38f9d08c6e4cabe75,2,completed,2,0
olmo-3:7b-instruct,ea72df8c85d75c6783ab0d00278803c53a634fc9d0fe38d3fd4ab6f35adbdbb2,v2_deterministic,TRANS05,57e482a869c0dffa144e65cfdfb33936399629d70e57ceb4a8d69481a63922b6,2,completed,2,0
olmo-3:7b-instruct,ea72df8c85d75c6783ab0d00278803c53a634fc9d0fe38d3fd4ab6f35adbdbb2,v2_deterministic,TRANS06,5bc72344646712a814e840aaf5e4b62b5638c39f80d700147273739d02bf5de8,2,completed,2,0
olmo-3:7b-instruct,ea72df8c85d75c6783ab0d00278803c53a634fc9d0fe38d3fd4ab6f35adbdbb2,v2_deterministic,TRANS07,f587dbde0487a4c877cafbe0eb16b34a9cecb3d51809322c7094eefc78a754d6,2,completed,2,0
olmo-3:7b-instruct,ea72df8c85d75c6783ab0d00278803c53a634fc9d0fe38d3fd4ab6f35adbdbb2,v2_deterministic,TRANS08,e887b6167ee63b52308c9bc24e1604252f1ec9cfbdf8d33d5178ff1bd57b5dfb,2,completed,2,0
olmo-3:7b-think,b8d4c92ac9c103f858f4f09a418b62de8ca1abf1b20b4020006346535634dd35,reasoning_extended,RSN01,628e78ef737745fb5557c606a30b66302f21073ce08347b704ce4061000c8b67,1,completed,1,0
olmo-3:7b-think,b8d4c92ac9c103f858f4f09a418b62de8ca1abf1b20b4020006346535634dd35,reasoning_extended,RSN02,675e2757d3419d3809b6da58309a9f12a38320e26607c24d574fdf30d2607ec6,1,timeout_absolute,1,0
olmo-3:7b-think,b8d4c92ac9c103f858f4f09a418b62de8ca1abf1b20b4020006346535634dd35,reasoning_extended,RSN03,182012728ae306a733a56d95c3201c61e53f8372e0a2c3e65534e598b95a2b9c,1,completed,1,0
olmo-3:7b-think,b8d4c92ac9c103f858f4f09a418b62de8ca1abf1b20b4020006346535634dd35,reasoning_extended,RSN04,e2265549dfde6391abd439ef9fe3d8b0e7556b75ffea078f2655ce69f9e023b9,1,timeout_absolute,1,0
olmo-3:7b-think,b8d4c92ac9c103f858f4f09a418b62de8ca1abf1b20b4020006346535634dd35,reasoning_extended,RSN05,86a73bef82149c5854cc9e1b5712f6b4ec804728c831f565d55ac4f4ffa7ad6a,1,completed,1,0
olmo-3:7b-think,b8d4c92ac9c103f858f4f09a418b62de8ca1abf1b20b4020006346535634dd35,reasoning_extended,RSN06,c754b9e7052124fe11e28629f5b42d792d6a35d0c51d6c3d62484b21b93a4ae7,1,completed,1,0
olmo-3:7b-think,b8d4c92ac9c103f858f4f09a418b62de8ca1abf1b20b4020006346535634dd35,reasoning_extended,RSN07,de768c557bec5df8affd4152dea159695c0c3c65e18d796cdd4ce0cbf7b48656,1,completed,1,0
olmo-3:7b-think,b8d4c92ac9c103f858f4f09a418b62de8ca1abf1b20b4020006346535634dd35,reasoning_extended,RSN08,961aa43057f176406d95ca3705c2fdea73202d4b3c68a37d8cc827e9e5eee70f,1,completed,1,0
olmo-3:7b-think,b8d4c92ac9c103f858f4f09a418b62de8ca1abf1b20b4020006346535634dd35,reasoning_extended,RSN09,d29f7121a2177bc2c67661d94741905793c99cf2890a9e54e1f33c7c23d63669,1,completed,1,0
olmo-3:7b-think,b8d4c92ac9c103f858f4f09a418b62de8ca1abf1b20b4020006346535634dd35,reasoning_extended,RSN10,e5c78d60e435d2ccdfc13bbb80fc3bba85ddcae5c8bd3e6965385df5842fce38,1,completed,1,0
olmo-3:7b-think,b8d4c92ac9c103f858f4f09a418b62de8ca1abf1b20b4020006346535634dd35,reasoning_native,RSN01_native,5bee3657d213c491618572644b88f1e49b52228af489e539702f4c4fb40430d0,1,completed,1,0
olmo-3:7b-think,b8d4c92ac9c103f858f4f09a418b62de8ca1abf1b20b4020006346535634dd35,reasoning_native,RSN02_native,40a32ac1c67a8f7010da1f13c8f81cb06c9953aebcf22cbc5bf7536ecfe25dbd,1,timeout_absolute,1,0
olmo-3:7b-think,b8d4c92ac9c103f858f4f09a418b62de8ca1abf1b20b4020006346535634dd35,reasoning_native,RSN03_native,dd615ee749b438963ad3715eb9ac7d1cfab0fd264a470eb09c814c13f5da6080,1,completed,1,0
olmo-3:7b-think,b8d4c92ac9c103f858f4f09a418b62de8ca1abf1b20b4020006346535634dd35,reasoning_native,RSN04_native,bcc93f534fb7c7dacf0c7073c42049b825e09d14f614b6e8ab8cd3c1843a5c79,1,timeout_absolute,1,0
olmo-3:7b-think,b8d4c92ac9c103f858f4f09a418b62de8ca1abf1b20b4020006346535634dd35,reasoning_native,RSN05_native,70bf8aca8ed8efa2c43eb6cf256161e19748f9023b42ba100608c98fb55faf5c,1,completed,1,0
olmo-3:7b-think,b8d4c92ac9c103f858f4f09a418b62de8ca1abf1b20b4020006346535634dd35,reasoning_native,RSN06_native,c4ec23148e34cb66123ea37e06496b3a7b70de7e4a38dee35a83cdcd8f3e8bdf,1,completed,1,0
olmo-3:7b-think,b8d4c92ac9c103f858f4f09a418b62de8ca1abf1b20b4020006346535634dd35,reasoning_native,RSN07_native,014c927c42888103ffeb6cf7791f0fd752a9368757da620dcd9b05d2bcabfeac,1,completed,1,0
olmo-3:7b-think,b8d4c92ac9c103f858f4f09a418b62de8ca1abf1b20b4020006346535634dd35,reasoning_native,RSN08_native,bfeed8a78f50155b54990c783e798ab124251f8a38528f93fdd997720ac7d4aa,1,completed,1,0
olmo-3:7b-think,b8d4c92ac9c103f858f4f09a418b62de8ca1abf1b20b4020006346535634dd35,reasoning_native,RSN09_native,5a00284c70f458949386a433eb154a4e66589c42a762559a683073be9fd0235e,1,timeout_absolute,1,0
olmo-3:7b-think,b8d4c92ac9c103f858f4f09a418b62de8ca1abf1b20b4020006346535634dd35,reasoning_native,RSN10_native,af7ef8b99525f206b7874b303816d1252cce5bd7197fe6648a5ba78a9bd6efa1,1,completed,1,0
olmo-3:7b-think,b8d4c92ac9c103f858f4f09a418b62de8ca1abf1b20b4020006346535634dd35,runner,RUNNER_EXCEPTION,e3b0c44298fc1c149afbf4c8996fb92427ae41e4649b934ca495991b7852b855,1,server_error,1,0
olmo-3:7b-think,b8d4c92ac9c103f858f4f09a418b62de8ca1abf1b20b4020006346535634dd35,v2_deterministic,CODE01,3a6ee053f316ac797eed83be7b511d932088853ce01f109c3a3d048762277fb7,2,truncated_before_final_answer,2,0
olmo-3:7b-think,b8d4c92ac9c103f858f4f09a418b62de8ca1abf1b20b4020006346535634dd35,v2_deterministic,CODE02,7499e2260b2e423d47622f7a06875ba06e7550d12a493ae94b3374baa89bb127,2,truncated,2,0
olmo-3:7b-think,b8d4c92ac9c103f858f4f09a418b62de8ca1abf1b20b4020006346535634dd35,v2_deterministic,CODE03,78fa42595ce9312c77ef3397f4f95625e10003115b153900d9b20047d7234890,2,completed,2,0
olmo-3:7b-think,b8d4c92ac9c103f858f4f09a418b62de8ca1abf1b20b4020006346535634dd35,v2_deterministic,CODE04,cbca68dc260d8f66dc2bd9244e1cdde7634672fdf81446239f5d8d18de488af9,2,truncated_before_final_answer,2,0
olmo-3:7b-think,b8d4c92ac9c103f858f4f09a418b62de8ca1abf1b20b4020006346535634dd35,v2_deterministic,CODE05,915cc1c3562066f0272a964950a929036d538c65db95285acb47661c925bafce,2,completed,2,0
olmo-3:7b-think,b8d4c92ac9c103f858f4f09a418b62de8ca1abf1b20b4020006346535634dd35,v2_deterministic,CODE06,3113278ebd1124f287fba61fb40b3c2e595434d0784c7956cb5581706b337405,2,truncated_before_final_answer,2,0
olmo-3:7b-think,b8d4c92ac9c103f858f4f09a418b62de8ca1abf1b20b4020006346535634dd35,v2_deterministic,CODE07,8443ca250d7b0d1ce901412d358f43cfd8a8a809ed659b7528fdab053725683d,2,truncated_before_final_answer,2,0
olmo-3:7b-think,b8d4c92ac9c103f858f4f09a418b62de8ca1abf1b20b4020006346535634dd35,v2_deterministic,CODE08,ea91a6e1088aa2bcca76c26bda0e3c024ced3c823e075354ba94a454ee186d0c,2,truncated_before_final_answer,2,0
olmo-3:7b-think,b8d4c92ac9c103f858f4f09a418b62de8ca1abf1b20b4020006346535634dd35,v2_deterministic,CODE09,890539ef90e6d604e2ae66f258de22cd74432676d4b8d18809c45c1033a45148,2,truncated_before_final_answer,2,0
olmo-3:7b-think,b8d4c92ac9c103f858f4f09a418b62de8ca1abf1b20b4020006346535634dd35,v2_deterministic,CODE10,e5cebee20c39db9b1160848a6803ca80c1537c1b4a574c9e9e4719787cf90147,2,completed,2,0
olmo-3:7b-think,b8d4c92ac9c103f858f4f09a418b62de8ca1abf1b20b4020006346535634dd35,v2_deterministic,EXT01,23e19240d1c16e1536e57fdc92db3b04bbdec298a06ec10cd16e75e3dde97c80,1,completed,1,0
olmo-3:7b-think,b8d4c92ac9c103f858f4f09a418b62de8ca1abf1b20b4020006346535634dd35,v2_deterministic,EXT02,2323b07d42fd98286ddb9984b9ac5c9251a6c8ff1f6b1b882cc710ce7afa3423,1,completed,1,0
olmo-3:7b-think,b8d4c92ac9c103f858f4f09a418b62de8ca1abf1b20b4020006346535634dd35,v2_deterministic,EXT03,d4536434de6a476283fdf7f9bb5149792fcd7100010686be1b32c32b639a8164,1,completed,1,0
olmo-3:7b-think,b8d4c92ac9c103f858f4f09a418b62de8ca1abf1b20b4020006346535634dd35,v2_deterministic,EXT04,2b65a93427ac30657446eb9d1f893339bfb1cb91a0b8beaa93b00bfc0704a7be,1,truncated_before_final_answer,1,0
olmo-3:7b-think,b8d4c92ac9c103f858f4f09a418b62de8ca1abf1b20b4020006346535634dd35,v2_deterministic,EXT05,71cc333232fbc880386e7682fc34da712cb28c4909a2dd3d1b95841eb6cea300,1,completed,1,0
olmo-3:7b-think,b8d4c92ac9c103f858f4f09a418b62de8ca1abf1b20b4020006346535634dd35,v2_deterministic,FMT01,fdbd6ebc3c347a192a47b9bb70b303406405c83ee5c1a479aed4f8a338767e4e,1,truncated_before_final_answer,1,0
olmo-3:7b-think,b8d4c92ac9c103f858f4f09a418b62de8ca1abf1b20b4020006346535634dd35,v2_deterministic,FMT02,4c1b340a0b2f1246a3e3b2a0e1e473e56db8c986d00d37cdc56e768eb834a0ba,1,completed,1,0
olmo-3:7b-think,b8d4c92ac9c103f858f4f09a418b62de8ca1abf1b20b4020006346535634dd35,v2_deterministic,FMT03,8c5cb8101d228017c6d6c30d04bcea5c1d7c8e890c4c53fdbe9d6cbc518c917d,1,completed,1,0
olmo-3:7b-think,b8d4c92ac9c103f858f4f09a418b62de8ca1abf1b20b4020006346535634dd35,v2_deterministic,FMT04,ae17d134fae86bb3b43f8ecdd993f970ae92f959cd70e3fa8f7450147cd0d1a6,1,completed,1,0
olmo-3:7b-think,b8d4c92ac9c103f858f4f09a418b62de8ca1abf1b20b4020006346535634dd35,v2_deterministic,FMT05,19ccd3dd7a0ebb4e68aab027affd34cbf0d46ea9dbd9cd14e65acd196adb89d9,1,completed,1,0
olmo-3:7b-think,b8d4c92ac9c103f858f4f09a418b62de8ca1abf1b20b4020006346535634dd35,v2_deterministic,FMT06,0b6ff8dc1f3a46e82558eed7660effca9d56ddd36d9def40aae0b4c5096e74d5,1,completed,1,0
olmo-3:7b-think,b8d4c92ac9c103f858f4f09a418b62de8ca1abf1b20b4020006346535634dd35,v2_deterministic,INS01,92c2136115d03dede4233303cc97905c7a002fb88115ebd1db9de58140e8fb49,1,completed,1,0
olmo-3:7b-think,b8d4c92ac9c103f858f4f09a418b62de8ca1abf1b20b4020006346535634dd35,v2_deterministic,INS02,de26b497ebe5cb51709fa9fdc577123b003dfb2c353cbebac30e4f5bf93645ac,1,completed,1,0
olmo-3:7b-think,b8d4c92ac9c103f858f4f09a418b62de8ca1abf1b20b4020006346535634dd35,v2_deterministic,INS03,909b31c3c031bde154ec85239290ea75c8aa5c8d4da09a98d85ae882bf2d6a7a,1,completed,1,0
olmo-3:7b-think,b8d4c92ac9c103f858f4f09a418b62de8ca1abf1b20b4020006346535634dd35,v2_deterministic,INS04,91b900395e2ff58c0f3c5403a06cf8c0adb533f43b20e7b3a45edb7e97ff0d62,1,completed,1,0
olmo-3:7b-think,b8d4c92ac9c103f858f4f09a418b62de8ca1abf1b20b4020006346535634dd35,v2_deterministic,INS05,ca81b549c99bffc97ea38de7126bc30d0c517223dee1803bb0bd3f9c421b21a1,1,completed,1,0
olmo-3:7b-think,b8d4c92ac9c103f858f4f09a418b62de8ca1abf1b20b4020006346535634dd35,v2_deterministic,INS06,b3d1ebb011b327f9f8291c39dc2b40c0df649eb4b272760e8711d0a79deb97dc,1,completed,1,0
olmo-3:7b-think,b8d4c92ac9c103f858f4f09a418b62de8ca1abf1b20b4020006346535634dd35,v2_deterministic,MTH01,91c1b555b1295b1908a12c94ac79f1717b1b9021e13f87188c2337ca13ff4dec,1,completed,1,0
olmo-3:7b-think,b8d4c92ac9c103f858f4f09a418b62de8ca1abf1b20b4020006346535634dd35,v2_deterministic,MTH02,8a8537aa1edfaa1ffd07a4365fe457f9a197932d51114368857ea86e42272598,1,completed,1,0
olmo-3:7b-think,b8d4c92ac9c103f858f4f09a418b62de8ca1abf1b20b4020006346535634dd35,v2_deterministic,MTH03,217987bbf14051d433e3b29bc12807a016ec143004b82a3f9cbaeebbaa5985e1,1,completed,1,0
olmo-3:7b-think,b8d4c92ac9c103f858f4f09a418b62de8ca1abf1b20b4020006346535634dd35,v2_deterministic,MTH04,08979b2f33d1572d9db33e681685a5fc0c0e543342c412493ae9cc6bd88cc57a,1,completed,1,0
olmo-3:7b-think,b8d4c92ac9c103f858f4f09a418b62de8ca1abf1b20b4020006346535634dd35,v2_deterministic,MTH05,b4fa1e40b3b9684a1d2bb88676eda07383da0b57ae6824f17d843fe6d23ab09c,1,completed,1,0
olmo-3:7b-think,b8d4c92ac9c103f858f4f09a418b62de8ca1abf1b20b4020006346535634dd35,v2_deterministic,MTH06,8c2f6233a641c83c0994257b8c0fc1713213b00107981e82ec546653fbd48e9a,1,completed,1,0
olmo-3:7b-think,b8d4c92ac9c103f858f4f09a418b62de8ca1abf1b20b4020006346535634dd35,v2_deterministic,MTH07,77372f8353bd9037cf06cd16f704161fb6e710c2633b44b017de15fb2d6014ba,1,completed,1,0
olmo-3:7b-think,b8d4c92ac9c103f858f4f09a418b62de8ca1abf1b20b4020006346535634dd35,v2_deterministic,MTH08,f99ba77cfd0638441528507cede31698b3f441917476c11add1ce33a9657d833,1,completed,1,0
olmo-3:7b-think,b8d4c92ac9c103f858f4f09a418b62de8ca1abf1b20b4020006346535634dd35,v2_deterministic,PLAN01,9a9bedfa38b9a40dfa884f7653ab7ab7493b0a9b73fac15685dbe8c11ccd1a19,1,truncated_before_final_answer,1,0
olmo-3:7b-think,b8d4c92ac9c103f858f4f09a418b62de8ca1abf1b20b4020006346535634dd35,v2_deterministic,PLAN02,68bf5e5a6462e403b8af413d7eadb4a38e47c9c9ca17f61e19b43d4a2a8eaa85,1,completed,1,0
olmo-3:7b-think,b8d4c92ac9c103f858f4f09a418b62de8ca1abf1b20b4020006346535634dd35,v2_deterministic,PLAN03,948844eaa5214f61f8b5335bf7eb418d08acc38c1ab8ed7432a5e51c38d3c621,1,completed,1,0
olmo-3:7b-think,b8d4c92ac9c103f858f4f09a418b62de8ca1abf1b20b4020006346535634dd35,v2_deterministic,PLAN04,01baacd18d70e923eb827d25e81a39f7d264c61293c32bcbd23176bf37c9be8c,1,truncated_before_final_answer,1,0
olmo-3:7b-think,b8d4c92ac9c103f858f4f09a418b62de8ca1abf1b20b4020006346535634dd35,v2_deterministic,REL01,6b594598089c44dd88cf1946a640d5ccc4f836148ee1fa955006770edee3f9cb,1,completed,1,0
olmo-3:7b-think,b8d4c92ac9c103f858f4f09a418b62de8ca1abf1b20b4020006346535634dd35,v2_deterministic,REL02,12c280b1b46e9da3a84ee9405c87091ac9cdae38f977960195c9c1c131da226e,1,completed,1,0
olmo-3:7b-think,b8d4c92ac9c103f858f4f09a418b62de8ca1abf1b20b4020006346535634dd35,v2_deterministic,REL03,5102a20c9a96783f745020f84fc5a2122c2d613b1a9f6824a63e1742ccf809ef,1,completed,1,0
olmo-3:7b-think,b8d4c92ac9c103f858f4f09a418b62de8ca1abf1b20b4020006346535634dd35,v2_deterministic,REL04,44db511a77a1ec50736a7ecfb1bc569e30ae22c62fcf6dde5c28135ce36c0405,1,completed,1,0
olmo-3:7b-think,b8d4c92ac9c103f858f4f09a418b62de8ca1abf1b20b4020006346535634dd35,v2_deterministic,REL05,e925b5c6d0945cb7ed31ff7e410f25957737e41575899546092c1b33ff7486fa,1,completed,1,0
olmo-3:7b-think,b8d4c92ac9c103f858f4f09a418b62de8ca1abf1b20b4020006346535634dd35,v2_deterministic,REL06,ab59032408916654f569f11bebdd1a04d719d429a06970404f315594383330e8,1,completed,1,0
olmo-3:7b-think,b8d4c92ac9c103f858f4f09a418b62de8ca1abf1b20b4020006346535634dd35,v2_deterministic,TRANS01,4fc6b6a3efe614d2a9a22eacd20cede0676673da9bf74a978c87bff7e323430f,1,completed,1,0
olmo-3:7b-think,b8d4c92ac9c103f858f4f09a418b62de8ca1abf1b20b4020006346535634dd35,v2_deterministic,TRANS02,661955c3065427dbce61a250fc3e511d79f90743ee73685d2ace500fe326e55b,1,completed,1,0
olmo-3:7b-think,b8d4c92ac9c103f858f4f09a418b62de8ca1abf1b20b4020006346535634dd35,v2_deterministic,TRANS03,17e64b733c6966a1296c2d7edc86c8d91705b7c521e3a509e7b41151df01fd95,1,completed,1,0
olmo-3:7b-think,b8d4c92ac9c103f858f4f09a418b62de8ca1abf1b20b4020006346535634dd35,v2_deterministic,TRANS04,0f9fde745eb99c505ec66656f25e1914df79fa9776e76bd38f9d08c6e4cabe75,1,completed,1,0
olmo-3:7b-think,b8d4c92ac9c103f858f4f09a418b62de8ca1abf1b20b4020006346535634dd35,v2_deterministic,TRANS05,57e482a869c0dffa144e65cfdfb33936399629d70e57ceb4a8d69481a63922b6,1,completed,1,0
olmo-3:7b-think,b8d4c92ac9c103f858f4f09a418b62de8ca1abf1b20b4020006346535634dd35,v2_deterministic,TRANS06,5bc72344646712a814e840aaf5e4b62b5638c39f80d700147273739d02bf5de8,1,completed,1,0
olmo-3:7b-think,b8d4c92ac9c103f858f4f09a418b62de8ca1abf1b20b4020006346535634dd35,v2_deterministic,TRANS07,f587dbde0487a4c877cafbe0eb16b34a9cecb3d51809322c7094eefc78a754d6,1,completed,1,0
olmo-3:7b-think,b8d4c92ac9c103f858f4f09a418b62de8ca1abf1b20b4020006346535634dd35,v2_deterministic,TRANS08,e887b6167ee63b52308c9bc24e1604252f1ec9cfbdf8d33d5178ff1bd57b5dfb,2,completed,2,0
openbmb/minicpm5:Q4_K_M,08239e8f70e09fc079ff3b5c4f011fd846d452ae9ba4e4b4c40e526bd4950ded,reasoning_extended,RSN01,628e78ef737745fb5557c606a30b66302f21073ce08347b704ce4061000c8b67,1,truncated,1,0
openbmb/minicpm5:Q4_K_M,08239e8f70e09fc079ff3b5c4f011fd846d452ae9ba4e4b4c40e526bd4950ded,reasoning_extended,RSN02,675e2757d3419d3809b6da58309a9f12a38320e26607c24d574fdf30d2607ec6,1,truncated,1,0
openbmb/minicpm5:Q4_K_M,08239e8f70e09fc079ff3b5c4f011fd846d452ae9ba4e4b4c40e526bd4950ded,reasoning_extended,RSN03,182012728ae306a733a56d95c3201c61e53f8372e0a2c3e65534e598b95a2b9c,1,completed,1,0
openbmb/minicpm5:Q4_K_M,08239e8f70e09fc079ff3b5c4f011fd846d452ae9ba4e4b4c40e526bd4950ded,reasoning_extended,RSN04,e2265549dfde6391abd439ef9fe3d8b0e7556b75ffea078f2655ce69f9e023b9,1,truncated,1,0
openbmb/minicpm5:Q4_K_M,08239e8f70e09fc079ff3b5c4f011fd846d452ae9ba4e4b4c40e526bd4950ded,reasoning_extended,RSN05,86a73bef82149c5854cc9e1b5712f6b4ec804728c831f565d55ac4f4ffa7ad6a,1,completed,1,0
openbmb/minicpm5:Q4_K_M,08239e8f70e09fc079ff3b5c4f011fd846d452ae9ba4e4b4c40e526bd4950ded,reasoning_extended,RSN06,c754b9e7052124fe11e28629f5b42d792d6a35d0c51d6c3d62484b21b93a4ae7,1,completed,1,0
openbmb/minicpm5:Q4_K_M,08239e8f70e09fc079ff3b5c4f011fd846d452ae9ba4e4b4c40e526bd4950ded,reasoning_extended,RSN07,de768c557bec5df8affd4152dea159695c0c3c65e18d796cdd4ce0cbf7b48656,1,completed,1,0
openbmb/minicpm5:Q4_K_M,08239e8f70e09fc079ff3b5c4f011fd846d452ae9ba4e4b4c40e526bd4950ded,reasoning_extended,RSN08,961aa43057f176406d95ca3705c2fdea73202d4b3c68a37d8cc827e9e5eee70f,1,completed,1,0
openbmb/minicpm5:Q4_K_M,08239e8f70e09fc079ff3b5c4f011fd846d452ae9ba4e4b4c40e526bd4950ded,reasoning_extended,RSN09,d29f7121a2177bc2c67661d94741905793c99cf2890a9e54e1f33c7c23d63669,1,completed,1,0
openbmb/minicpm5:Q4_K_M,08239e8f70e09fc079ff3b5c4f011fd846d452ae9ba4e4b4c40e526bd4950ded,reasoning_extended,RSN10,e5c78d60e435d2ccdfc13bbb80fc3bba85ddcae5c8bd3e6965385df5842fce38,1,completed,1,0
openbmb/minicpm5:Q4_K_M,08239e8f70e09fc079ff3b5c4f011fd846d452ae9ba4e4b4c40e526bd4950ded,reasoning_native,RSN01_native,5bee3657d213c491618572644b88f1e49b52228af489e539702f4c4fb40430d0,1,completed,1,0
openbmb/minicpm5:Q4_K_M,08239e8f70e09fc079ff3b5c4f011fd846d452ae9ba4e4b4c40e526bd4950ded,reasoning_native,RSN02_native,40a32ac1c67a8f7010da1f13c8f81cb06c9953aebcf22cbc5bf7536ecfe25dbd,1,completed,1,0
openbmb/minicpm5:Q4_K_M,08239e8f70e09fc079ff3b5c4f011fd846d452ae9ba4e4b4c40e526bd4950ded,reasoning_native,RSN03_native,dd615ee749b438963ad3715eb9ac7d1cfab0fd264a470eb09c814c13f5da6080,1,completed,1,0
openbmb/minicpm5:Q4_K_M,08239e8f70e09fc079ff3b5c4f011fd846d452ae9ba4e4b4c40e526bd4950ded,reasoning_native,RSN04_native,bcc93f534fb7c7dacf0c7073c42049b825e09d14f614b6e8ab8cd3c1843a5c79,1,truncated,1,0
openbmb/minicpm5:Q4_K_M,08239e8f70e09fc079ff3b5c4f011fd846d452ae9ba4e4b4c40e526bd4950ded,reasoning_native,RSN05_native,70bf8aca8ed8efa2c43eb6cf256161e19748f9023b42ba100608c98fb55faf5c,1,completed,1,0
openbmb/minicpm5:Q4_K_M,08239e8f70e09fc079ff3b5c4f011fd846d452ae9ba4e4b4c40e526bd4950ded,reasoning_native,RSN06_native,c4ec23148e34cb66123ea37e06496b3a7b70de7e4a38dee35a83cdcd8f3e8bdf,1,completed,1,0
openbmb/minicpm5:Q4_K_M,08239e8f70e09fc079ff3b5c4f011fd846d452ae9ba4e4b4c40e526bd4950ded,reasoning_native,RSN07_native,014c927c42888103ffeb6cf7791f0fd752a9368757da620dcd9b05d2bcabfeac,1,completed,1,0
openbmb/minicpm5:Q4_K_M,08239e8f70e09fc079ff3b5c4f011fd846d452ae9ba4e4b4c40e526bd4950ded,reasoning_native,RSN08_native,bfeed8a78f50155b54990c783e798ab124251f8a38528f93fdd997720ac7d4aa,1,completed,1,0
openbmb/minicpm5:Q4_K_M,08239e8f70e09fc079ff3b5c4f011fd846d452ae9ba4e4b4c40e526bd4950ded,reasoning_native,RSN09_native,5a00284c70f458949386a433eb154a4e66589c42a762559a683073be9fd0235e,1,completed,1,0
openbmb/minicpm5:Q4_K_M,08239e8f70e09fc079ff3b5c4f011fd846d452ae9ba4e4b4c40e526bd4950ded,reasoning_native,RSN10_native,af7ef8b99525f206b7874b303816d1252cce5bd7197fe6648a5ba78a9bd6efa1,1,completed,1,0
openbmb/minicpm5:Q4_K_M,08239e8f70e09fc079ff3b5c4f011fd846d452ae9ba4e4b4c40e526bd4950ded,v2_deterministic,CODE01,3a6ee053f316ac797eed83be7b511d932088853ce01f109c3a3d048762277fb7,2,syntax_error,2,0
openbmb/minicpm5:Q4_K_M,08239e8f70e09fc079ff3b5c4f011fd846d452ae9ba4e4b4c40e526bd4950ded,v2_deterministic,CODE02,7499e2260b2e423d47622f7a06875ba06e7550d12a493ae94b3374baa89bb127,2,syntax_error,2,0
openbmb/minicpm5:Q4_K_M,08239e8f70e09fc079ff3b5c4f011fd846d452ae9ba4e4b4c40e526bd4950ded,v2_deterministic,CODE03,78fa42595ce9312c77ef3397f4f95625e10003115b153900d9b20047d7234890,2,syntax_error,2,0
openbmb/minicpm5:Q4_K_M,08239e8f70e09fc079ff3b5c4f011fd846d452ae9ba4e4b4c40e526bd4950ded,v2_deterministic,CODE04,cbca68dc260d8f66dc2bd9244e1cdde7634672fdf81446239f5d8d18de488af9,2,syntax_error,2,0
openbmb/minicpm5:Q4_K_M,08239e8f70e09fc079ff3b5c4f011fd846d452ae9ba4e4b4c40e526bd4950ded,v2_deterministic,CODE05,915cc1c3562066f0272a964950a929036d538c65db95285acb47661c925bafce,2,syntax_error,2,0
openbmb/minicpm5:Q4_K_M,08239e8f70e09fc079ff3b5c4f011fd846d452ae9ba4e4b4c40e526bd4950ded,v2_deterministic,CODE06,3113278ebd1124f287fba61fb40b3c2e595434d0784c7956cb5581706b337405,2,syntax_error,2,0
openbmb/minicpm5:Q4_K_M,08239e8f70e09fc079ff3b5c4f011fd846d452ae9ba4e4b4c40e526bd4950ded,v2_deterministic,CODE07,8443ca250d7b0d1ce901412d358f43cfd8a8a809ed659b7528fdab053725683d,2,syntax_error,2,0
openbmb/minicpm5:Q4_K_M,08239e8f70e09fc079ff3b5c4f011fd846d452ae9ba4e4b4c40e526bd4950ded,v2_deterministic,CODE08,ea91a6e1088aa2bcca76c26bda0e3c024ced3c823e075354ba94a454ee186d0c,2,syntax_error,2,0
openbmb/minicpm5:Q4_K_M,08239e8f70e09fc079ff3b5c4f011fd846d452ae9ba4e4b4c40e526bd4950ded,v2_deterministic,CODE09,890539ef90e6d604e2ae66f258de22cd74432676d4b8d18809c45c1033a45148,2,syntax_error,2,0
openbmb/minicpm5:Q4_K_M,08239e8f70e09fc079ff3b5c4f011fd846d452ae9ba4e4b4c40e526bd4950ded,v2_deterministic,CODE10,e5cebee20c39db9b1160848a6803ca80c1537c1b4a574c9e9e4719787cf90147,2,truncated,2,0
openbmb/minicpm5:Q4_K_M,08239e8f70e09fc079ff3b5c4f011fd846d452ae9ba4e4b4c40e526bd4950ded,v2_deterministic,EXT01,23e19240d1c16e1536e57fdc92db3b04bbdec298a06ec10cd16e75e3dde97c80,1,completed,1,0
openbmb/minicpm5:Q4_K_M,08239e8f70e09fc079ff3b5c4f011fd846d452ae9ba4e4b4c40e526bd4950ded,v2_deterministic,EXT02,2323b07d42fd98286ddb9984b9ac5c9251a6c8ff1f6b1b882cc710ce7afa3423,1,completed,1,0
openbmb/minicpm5:Q4_K_M,08239e8f70e09fc079ff3b5c4f011fd846d452ae9ba4e4b4c40e526bd4950ded,v2_deterministic,EXT03,d4536434de6a476283fdf7f9bb5149792fcd7100010686be1b32c32b639a8164,1,completed,1,0
openbmb/minicpm5:Q4_K_M,08239e8f70e09fc079ff3b5c4f011fd846d452ae9ba4e4b4c40e526bd4950ded,v2_deterministic,EXT04,2b65a93427ac30657446eb9d1f893339bfb1cb91a0b8beaa93b00bfc0704a7be,1,completed,1,0
openbmb/minicpm5:Q4_K_M,08239e8f70e09fc079ff3b5c4f011fd846d452ae9ba4e4b4c40e526bd4950ded,v2_deterministic,EXT05,71cc333232fbc880386e7682fc34da712cb28c4909a2dd3d1b95841eb6cea300,1,completed,1,0
openbmb/minicpm5:Q4_K_M,08239e8f70e09fc079ff3b5c4f011fd846d452ae9ba4e4b4c40e526bd4950ded,v2_deterministic,FMT01,fdbd6ebc3c347a192a47b9bb70b303406405c83ee5c1a479aed4f8a338767e4e,1,completed,1,0
openbmb/minicpm5:Q4_K_M,08239e8f70e09fc079ff3b5c4f011fd846d452ae9ba4e4b4c40e526bd4950ded,v2_deterministic,FMT02,4c1b340a0b2f1246a3e3b2a0e1e473e56db8c986d00d37cdc56e768eb834a0ba,1,completed,1,0
openbmb/minicpm5:Q4_K_M,08239e8f70e09fc079ff3b5c4f011fd846d452ae9ba4e4b4c40e526bd4950ded,v2_deterministic,FMT03,8c5cb8101d228017c6d6c30d04bcea5c1d7c8e890c4c53fdbe9d6cbc518c917d,1,completed,1,0
openbmb/minicpm5:Q4_K_M,08239e8f70e09fc079ff3b5c4f011fd846d452ae9ba4e4b4c40e526bd4950ded,v2_deterministic,FMT04,ae17d134fae86bb3b43f8ecdd993f970ae92f959cd70e3fa8f7450147cd0d1a6,1,completed,1,0
openbmb/minicpm5:Q4_K_M,08239e8f70e09fc079ff3b5c4f011fd846d452ae9ba4e4b4c40e526bd4950ded,v2_deterministic,FMT05,19ccd3dd7a0ebb4e68aab027affd34cbf0d46ea9dbd9cd14e65acd196adb89d9,1,completed,1,0
openbmb/minicpm5:Q4_K_M,08239e8f70e09fc079ff3b5c4f011fd846d452ae9ba4e4b4c40e526bd4950ded,v2_deterministic,FMT06,0b6ff8dc1f3a46e82558eed7660effca9d56ddd36d9def40aae0b4c5096e74d5,1,completed,1,0
openbmb/minicpm5:Q4_K_M,08239e8f70e09fc079ff3b5c4f011fd846d452ae9ba4e4b4c40e526bd4950ded,v2_deterministic,INS01,92c2136115d03dede4233303cc97905c7a002fb88115ebd1db9de58140e8fb49,1,completed,1,0
openbmb/minicpm5:Q4_K_M,08239e8f70e09fc079ff3b5c4f011fd846d452ae9ba4e4b4c40e526bd4950ded,v2_deterministic,INS02,de26b497ebe5cb51709fa9fdc577123b003dfb2c353cbebac30e4f5bf93645ac,1,completed,1,0
openbmb/minicpm5:Q4_K_M,08239e8f70e09fc079ff3b5c4f011fd846d452ae9ba4e4b4c40e526bd4950ded,v2_deterministic,INS03,909b31c3c031bde154ec85239290ea75c8aa5c8d4da09a98d85ae882bf2d6a7a,1,completed,1,0
openbmb/minicpm5:Q4_K_M,08239e8f70e09fc079ff3b5c4f011fd846d452ae9ba4e4b4c40e526bd4950ded,v2_deterministic,INS04,91b900395e2ff58c0f3c5403a06cf8c0adb533f43b20e7b3a45edb7e97ff0d62,1,completed,1,0
openbmb/minicpm5:Q4_K_M,08239e8f70e09fc079ff3b5c4f011fd846d452ae9ba4e4b4c40e526bd4950ded,v2_deterministic,INS05,ca81b549c99bffc97ea38de7126bc30d0c517223dee1803bb0bd3f9c421b21a1,1,completed,1,0
openbmb/minicpm5:Q4_K_M,08239e8f70e09fc079ff3b5c4f011fd846d452ae9ba4e4b4c40e526bd4950ded,v2_deterministic,INS06,b3d1ebb011b327f9f8291c39dc2b40c0df649eb4b272760e8711d0a79deb97dc,1,completed,1,0
openbmb/minicpm5:Q4_K_M,08239e8f70e09fc079ff3b5c4f011fd846d452ae9ba4e4b4c40e526bd4950ded,v2_deterministic,MTH01,91c1b555b1295b1908a12c94ac79f1717b1b9021e13f87188c2337ca13ff4dec,1,completed,1,0
openbmb/minicpm5:Q4_K_M,08239e8f70e09fc079ff3b5c4f011fd846d452ae9ba4e4b4c40e526bd4950ded,v2_deterministic,MTH02,8a8537aa1edfaa1ffd07a4365fe457f9a197932d51114368857ea86e42272598,1,completed,1,0
openbmb/minicpm5:Q4_K_M,08239e8f70e09fc079ff3b5c4f011fd846d452ae9ba4e4b4c40e526bd4950ded,v2_deterministic,MTH03,217987bbf14051d433e3b29bc12807a016ec143004b82a3f9cbaeebbaa5985e1,1,truncated,1,0
openbmb/minicpm5:Q4_K_M,08239e8f70e09fc079ff3b5c4f011fd846d452ae9ba4e4b4c40e526bd4950ded,v2_deterministic,MTH04,08979b2f33d1572d9db33e681685a5fc0c0e543342c412493ae9cc6bd88cc57a,1,truncated,1,0
openbmb/minicpm5:Q4_K_M,08239e8f70e09fc079ff3b5c4f011fd846d452ae9ba4e4b4c40e526bd4950ded,v2_deterministic,MTH05,b4fa1e40b3b9684a1d2bb88676eda07383da0b57ae6824f17d843fe6d23ab09c,1,truncated,1,0
openbmb/minicpm5:Q4_K_M,08239e8f70e09fc079ff3b5c4f011fd846d452ae9ba4e4b4c40e526bd4950ded,v2_deterministic,MTH06,8c2f6233a641c83c0994257b8c0fc1713213b00107981e82ec546653fbd48e9a,1,completed,1,0
openbmb/minicpm5:Q4_K_M,08239e8f70e09fc079ff3b5c4f011fd846d452ae9ba4e4b4c40e526bd4950ded,v2_deterministic,MTH07,77372f8353bd9037cf06cd16f704161fb6e710c2633b44b017de15fb2d6014ba,1,truncated,1,0
openbmb/minicpm5:Q4_K_M,08239e8f70e09fc079ff3b5c4f011fd846d452ae9ba4e4b4c40e526bd4950ded,v2_deterministic,MTH08,f99ba77cfd0638441528507cede31698b3f441917476c11add1ce33a9657d833,1,completed,1,0
openbmb/minicpm5:Q4_K_M,08239e8f70e09fc079ff3b5c4f011fd846d452ae9ba4e4b4c40e526bd4950ded,v2_deterministic,PLAN01,9a9bedfa38b9a40dfa884f7653ab7ab7493b0a9b73fac15685dbe8c11ccd1a19,1,truncated,1,0
openbmb/minicpm5:Q4_K_M,08239e8f70e09fc079ff3b5c4f011fd846d452ae9ba4e4b4c40e526bd4950ded,v2_deterministic,PLAN02,68bf5e5a6462e403b8af413d7eadb4a38e47c9c9ca17f61e19b43d4a2a8eaa85,1,truncated,1,0
openbmb/minicpm5:Q4_K_M,08239e8f70e09fc079ff3b5c4f011fd846d452ae9ba4e4b4c40e526bd4950ded,v2_deterministic,PLAN03,948844eaa5214f61f8b5335bf7eb418d08acc38c1ab8ed7432a5e51c38d3c621,1,completed,1,0
openbmb/minicpm5:Q4_K_M,08239e8f70e09fc079ff3b5c4f011fd846d452ae9ba4e4b4c40e526bd4950ded,v2_deterministic,PLAN04,01baacd18d70e923eb827d25e81a39f7d264c61293c32bcbd23176bf37c9be8c,1,completed,1,0
openbmb/minicpm5:Q4_K_M,08239e8f70e09fc079ff3b5c4f011fd846d452ae9ba4e4b4c40e526bd4950ded,v2_deterministic,REL01,6b594598089c44dd88cf1946a640d5ccc4f836148ee1fa955006770edee3f9cb,1,completed,1,0
openbmb/minicpm5:Q4_K_M,08239e8f70e09fc079ff3b5c4f011fd846d452ae9ba4e4b4c40e526bd4950ded,v2_deterministic,REL02,12c280b1b46e9da3a84ee9405c87091ac9cdae38f977960195c9c1c131da226e,1,completed,1,0
openbmb/minicpm5:Q4_K_M,08239e8f70e09fc079ff3b5c4f011fd846d452ae9ba4e4b4c40e526bd4950ded,v2_deterministic,REL03,5102a20c9a96783f745020f84fc5a2122c2d613b1a9f6824a63e1742ccf809ef,1,completed,1,0
openbmb/minicpm5:Q4_K_M,08239e8f70e09fc079ff3b5c4f011fd846d452ae9ba4e4b4c40e526bd4950ded,v2_deterministic,REL04,44db511a77a1ec50736a7ecfb1bc569e30ae22c62fcf6dde5c28135ce36c0405,1,completed,1,0
openbmb/minicpm5:Q4_K_M,08239e8f70e09fc079ff3b5c4f011fd846d452ae9ba4e4b4c40e526bd4950ded,v2_deterministic,REL05,e925b5c6d0945cb7ed31ff7e410f25957737e41575899546092c1b33ff7486fa,1,truncated,1,0
openbmb/minicpm5:Q4_K_M,08239e8f70e09fc079ff3b5c4f011fd846d452ae9ba4e4b4c40e526bd4950ded,v2_deterministic,REL06,ab59032408916654f569f11bebdd1a04d719d429a06970404f315594383330e8,1,completed,1,0
openbmb/minicpm5:Q4_K_M,08239e8f70e09fc079ff3b5c4f011fd846d452ae9ba4e4b4c40e526bd4950ded,v2_deterministic,TRANS01,4fc6b6a3efe614d2a9a22eacd20cede0676673da9bf74a978c87bff7e323430f,2,completed,2,0
openbmb/minicpm5:Q4_K_M,08239e8f70e09fc079ff3b5c4f011fd846d452ae9ba4e4b4c40e526bd4950ded,v2_deterministic,TRANS02,661955c3065427dbce61a250fc3e511d79f90743ee73685d2ace500fe326e55b,2,completed,2,0
openbmb/minicpm5:Q4_K_M,08239e8f70e09fc079ff3b5c4f011fd846d452ae9ba4e4b4c40e526bd4950ded,v2_deterministic,TRANS03,17e64b733c6966a1296c2d7edc86c8d91705b7c521e3a509e7b41151df01fd95,2,completed,2,0
openbmb/minicpm5:Q4_K_M,08239e8f70e09fc079ff3b5c4f011fd846d452ae9ba4e4b4c40e526bd4950ded,v2_deterministic,TRANS04,0f9fde745eb99c505ec66656f25e1914df79fa9776e76bd38f9d08c6e4cabe75,2,completed,2,0
openbmb/minicpm5:Q4_K_M,08239e8f70e09fc079ff3b5c4f011fd846d452ae9ba4e4b4c40e526bd4950ded,v2_deterministic,TRANS05,57e482a869c0dffa144e65cfdfb33936399629d70e57ceb4a8d69481a63922b6,2,completed,2,0
openbmb/minicpm5:Q4_K_M,08239e8f70e09fc079ff3b5c4f011fd846d452ae9ba4e4b4c40e526bd4950ded,v2_deterministic,TRANS06,5bc72344646712a814e840aaf5e4b62b5638c39f80d700147273739d02bf5de8,2,completed,2,0
openbmb/minicpm5:Q4_K_M,08239e8f70e09fc079ff3b5c4f011fd846d452ae9ba4e4b4c40e526bd4950ded,v2_deterministic,TRANS07,f587dbde0487a4c877cafbe0eb16b34a9cecb3d51809322c7094eefc78a754d6,2,completed,2,0
openbmb/minicpm5:Q4_K_M,08239e8f70e09fc079ff3b5c4f011fd846d452ae9ba4e4b4c40e526bd4950ded,v2_deterministic,TRANS08,e887b6167ee63b52308c9bc24e1604252f1ec9cfbdf8d33d5178ff1bd57b5dfb,2,truncated,2,0
ornith:9b,a75697c145891910e312c95e4a9fc1ccb8653e5ef543b23b0403a4665b82fd91,reasoning_extended,RSN01,628e78ef737745fb5557c606a30b66302f21073ce08347b704ce4061000c8b67,1,network_error,1,0
ornith:9b,a75697c145891910e312c95e4a9fc1ccb8653e5ef543b23b0403a4665b82fd91,reasoning_extended,RSN02,675e2757d3419d3809b6da58309a9f12a38320e26607c24d574fdf30d2607ec6,1,network_error,1,0
ornith:9b,a75697c145891910e312c95e4a9fc1ccb8653e5ef543b23b0403a4665b82fd91,reasoning_extended,RSN03,182012728ae306a733a56d95c3201c61e53f8372e0a2c3e65534e598b95a2b9c,1,network_error,1,0
ornith:9b,a75697c145891910e312c95e4a9fc1ccb8653e5ef543b23b0403a4665b82fd91,reasoning_extended,RSN04,e2265549dfde6391abd439ef9fe3d8b0e7556b75ffea078f2655ce69f9e023b9,1,network_error,1,0
ornith:9b,a75697c145891910e312c95e4a9fc1ccb8653e5ef543b23b0403a4665b82fd91,reasoning_extended,RSN05,86a73bef82149c5854cc9e1b5712f6b4ec804728c831f565d55ac4f4ffa7ad6a,1,network_error,1,0
ornith:9b,a75697c145891910e312c95e4a9fc1ccb8653e5ef543b23b0403a4665b82fd91,reasoning_extended,RSN06,c754b9e7052124fe11e28629f5b42d792d6a35d0c51d6c3d62484b21b93a4ae7,1,network_error,1,0
ornith:9b,a75697c145891910e312c95e4a9fc1ccb8653e5ef543b23b0403a4665b82fd91,reasoning_extended,RSN07,de768c557bec5df8affd4152dea159695c0c3c65e18d796cdd4ce0cbf7b48656,1,network_error,1,0
ornith:9b,a75697c145891910e312c95e4a9fc1ccb8653e5ef543b23b0403a4665b82fd91,reasoning_extended,RSN08,961aa43057f176406d95ca3705c2fdea73202d4b3c68a37d8cc827e9e5eee70f,1,network_error,1,0
ornith:9b,a75697c145891910e312c95e4a9fc1ccb8653e5ef543b23b0403a4665b82fd91,reasoning_extended,RSN09,d29f7121a2177bc2c67661d94741905793c99cf2890a9e54e1f33c7c23d63669,1,network_error,1,0
ornith:9b,a75697c145891910e312c95e4a9fc1ccb8653e5ef543b23b0403a4665b82fd91,reasoning_extended,RSN10,e5c78d60e435d2ccdfc13bbb80fc3bba85ddcae5c8bd3e6965385df5842fce38,1,network_error,1,0
ornith:9b,a75697c145891910e312c95e4a9fc1ccb8653e5ef543b23b0403a4665b82fd91,reasoning_native,RSN01_native,5bee3657d213c491618572644b88f1e49b52228af489e539702f4c4fb40430d0,1,network_error,1,0
ornith:9b,a75697c145891910e312c95e4a9fc1ccb8653e5ef543b23b0403a4665b82fd91,reasoning_native,RSN02_native,40a32ac1c67a8f7010da1f13c8f81cb06c9953aebcf22cbc5bf7536ecfe25dbd,1,network_error,1,0
ornith:9b,a75697c145891910e312c95e4a9fc1ccb8653e5ef543b23b0403a4665b82fd91,reasoning_native,RSN03_native,dd615ee749b438963ad3715eb9ac7d1cfab0fd264a470eb09c814c13f5da6080,1,network_error,1,0
ornith:9b,a75697c145891910e312c95e4a9fc1ccb8653e5ef543b23b0403a4665b82fd91,reasoning_native,RSN04_native,bcc93f534fb7c7dacf0c7073c42049b825e09d14f614b6e8ab8cd3c1843a5c79,1,network_error,1,0
ornith:9b,a75697c145891910e312c95e4a9fc1ccb8653e5ef543b23b0403a4665b82fd91,reasoning_native,RSN05_native,70bf8aca8ed8efa2c43eb6cf256161e19748f9023b42ba100608c98fb55faf5c,1,network_error,1,0
ornith:9b,a75697c145891910e312c95e4a9fc1ccb8653e5ef543b23b0403a4665b82fd91,reasoning_native,RSN06_native,c4ec23148e34cb66123ea37e06496b3a7b70de7e4a38dee35a83cdcd8f3e8bdf,1,network_error,1,0
ornith:9b,a75697c145891910e312c95e4a9fc1ccb8653e5ef543b23b0403a4665b82fd91,reasoning_native,RSN07_native,014c927c42888103ffeb6cf7791f0fd752a9368757da620dcd9b05d2bcabfeac,1,network_error,1,0
ornith:9b,a75697c145891910e312c95e4a9fc1ccb8653e5ef543b23b0403a4665b82fd91,reasoning_native,RSN08_native,bfeed8a78f50155b54990c783e798ab124251f8a38528f93fdd997720ac7d4aa,1,network_error,1,0
ornith:9b,a75697c145891910e312c95e4a9fc1ccb8653e5ef543b23b0403a4665b82fd91,reasoning_native,RSN09_native,5a00284c70f458949386a433eb154a4e66589c42a762559a683073be9fd0235e,1,network_error,1,0
ornith:9b,a75697c145891910e312c95e4a9fc1ccb8653e5ef543b23b0403a4665b82fd91,reasoning_native,RSN10_native,af7ef8b99525f206b7874b303816d1252cce5bd7197fe6648a5ba78a9bd6efa1,1,network_error,1,0
ornith:9b,a75697c145891910e312c95e4a9fc1ccb8653e5ef543b23b0403a4665b82fd91,v2_deterministic,CODE01,3a6ee053f316ac797eed83be7b511d932088853ce01f109c3a3d048762277fb7,2,network_error,2,0
ornith:9b,a75697c145891910e312c95e4a9fc1ccb8653e5ef543b23b0403a4665b82fd91,v2_deterministic,CODE02,7499e2260b2e423d47622f7a06875ba06e7550d12a493ae94b3374baa89bb127,2,network_error,2,0
ornith:9b,a75697c145891910e312c95e4a9fc1ccb8653e5ef543b23b0403a4665b82fd91,v2_deterministic,CODE03,78fa42595ce9312c77ef3397f4f95625e10003115b153900d9b20047d7234890,2,network_error,2,0
ornith:9b,a75697c145891910e312c95e4a9fc1ccb8653e5ef543b23b0403a4665b82fd91,v2_deterministic,CODE04,cbca68dc260d8f66dc2bd9244e1cdde7634672fdf81446239f5d8d18de488af9,2,network_error,2,0
ornith:9b,a75697c145891910e312c95e4a9fc1ccb8653e5ef543b23b0403a4665b82fd91,v2_deterministic,CODE05,915cc1c3562066f0272a964950a929036d538c65db95285acb47661c925bafce,2,network_error,2,0
ornith:9b,a75697c145891910e312c95e4a9fc1ccb8653e5ef543b23b0403a4665b82fd91,v2_deterministic,CODE06,3113278ebd1124f287fba61fb40b3c2e595434d0784c7956cb5581706b337405,2,network_error,2,0
ornith:9b,a75697c145891910e312c95e4a9fc1ccb8653e5ef543b23b0403a4665b82fd91,v2_deterministic,CODE07,8443ca250d7b0d1ce901412d358f43cfd8a8a809ed659b7528fdab053725683d,2,network_error,2,0
ornith:9b,a75697c145891910e312c95e4a9fc1ccb8653e5ef543b23b0403a4665b82fd91,v2_deterministic,CODE08,ea91a6e1088aa2bcca76c26bda0e3c024ced3c823e075354ba94a454ee186d0c,2,network_error,2,0
ornith:9b,a75697c145891910e312c95e4a9fc1ccb8653e5ef543b23b0403a4665b82fd91,v2_deterministic,CODE09,890539ef90e6d604e2ae66f258de22cd74432676d4b8d18809c45c1033a45148,2,network_error,2,0
ornith:9b,a75697c145891910e312c95e4a9fc1ccb8653e5ef543b23b0403a4665b82fd91,v2_deterministic,CODE10,e5cebee20c39db9b1160848a6803ca80c1537c1b4a574c9e9e4719787cf90147,2,network_error,2,0
ornith:9b,a75697c145891910e312c95e4a9fc1ccb8653e5ef543b23b0403a4665b82fd91,v2_deterministic,EXT01,23e19240d1c16e1536e57fdc92db3b04bbdec298a06ec10cd16e75e3dde97c80,1,completed,1,0
ornith:9b,a75697c145891910e312c95e4a9fc1ccb8653e5ef543b23b0403a4665b82fd91,v2_deterministic,EXT02,2323b07d42fd98286ddb9984b9ac5c9251a6c8ff1f6b1b882cc710ce7afa3423,1,completed,1,0
ornith:9b,a75697c145891910e312c95e4a9fc1ccb8653e5ef543b23b0403a4665b82fd91,v2_deterministic,EXT03,d4536434de6a476283fdf7f9bb5149792fcd7100010686be1b32c32b639a8164,1,completed,1,0
ornith:9b,a75697c145891910e312c95e4a9fc1ccb8653e5ef543b23b0403a4665b82fd91,v2_deterministic,EXT04,2b65a93427ac30657446eb9d1f893339bfb1cb91a0b8beaa93b00bfc0704a7be,1,completed,1,0
ornith:9b,a75697c145891910e312c95e4a9fc1ccb8653e5ef543b23b0403a4665b82fd91,v2_deterministic,EXT05,71cc333232fbc880386e7682fc34da712cb28c4909a2dd3d1b95841eb6cea300,1,completed,1,0
ornith:9b,a75697c145891910e312c95e4a9fc1ccb8653e5ef543b23b0403a4665b82fd91,v2_deterministic,FMT01,fdbd6ebc3c347a192a47b9bb70b303406405c83ee5c1a479aed4f8a338767e4e,1,completed,1,0
ornith:9b,a75697c145891910e312c95e4a9fc1ccb8653e5ef543b23b0403a4665b82fd91,v2_deterministic,FMT02,4c1b340a0b2f1246a3e3b2a0e1e473e56db8c986d00d37cdc56e768eb834a0ba,1,completed,1,0
ornith:9b,a75697c145891910e312c95e4a9fc1ccb8653e5ef543b23b0403a4665b82fd91,v2_deterministic,FMT03,8c5cb8101d228017c6d6c30d04bcea5c1d7c8e890c4c53fdbe9d6cbc518c917d,1,completed,1,0
ornith:9b,a75697c145891910e312c95e4a9fc1ccb8653e5ef543b23b0403a4665b82fd91,v2_deterministic,FMT04,ae17d134fae86bb3b43f8ecdd993f970ae92f959cd70e3fa8f7450147cd0d1a6,1,completed,1,0
ornith:9b,a75697c145891910e312c95e4a9fc1ccb8653e5ef543b23b0403a4665b82fd91,v2_deterministic,FMT05,19ccd3dd7a0ebb4e68aab027affd34cbf0d46ea9dbd9cd14e65acd196adb89d9,1,completed,1,0
ornith:9b,a75697c145891910e312c95e4a9fc1ccb8653e5ef543b23b0403a4665b82fd91,v2_deterministic,FMT06,0b6ff8dc1f3a46e82558eed7660effca9d56ddd36d9def40aae0b4c5096e74d5,1,completed,1,0
ornith:9b,a75697c145891910e312c95e4a9fc1ccb8653e5ef543b23b0403a4665b82fd91,v2_deterministic,INS01,92c2136115d03dede4233303cc97905c7a002fb88115ebd1db9de58140e8fb49,1,completed,1,0
ornith:9b,a75697c145891910e312c95e4a9fc1ccb8653e5ef543b23b0403a4665b82fd91,v2_deterministic,INS02,de26b497ebe5cb51709fa9fdc577123b003dfb2c353cbebac30e4f5bf93645ac,1,completed,1,0
ornith:9b,a75697c145891910e312c95e4a9fc1ccb8653e5ef543b23b0403a4665b82fd91,v2_deterministic,INS03,909b31c3c031bde154ec85239290ea75c8aa5c8d4da09a98d85ae882bf2d6a7a,1,completed,1,0
ornith:9b,a75697c145891910e312c95e4a9fc1ccb8653e5ef543b23b0403a4665b82fd91,v2_deterministic,INS04,91b900395e2ff58c0f3c5403a06cf8c0adb533f43b20e7b3a45edb7e97ff0d62,1,completed,1,0
ornith:9b,a75697c145891910e312c95e4a9fc1ccb8653e5ef543b23b0403a4665b82fd91,v2_deterministic,INS05,ca81b549c99bffc97ea38de7126bc30d0c517223dee1803bb0bd3f9c421b21a1,1,completed,1,0
ornith:9b,a75697c145891910e312c95e4a9fc1ccb8653e5ef543b23b0403a4665b82fd91,v2_deterministic,INS06,b3d1ebb011b327f9f8291c39dc2b40c0df649eb4b272760e8711d0a79deb97dc,1,completed,1,0
ornith:9b,a75697c145891910e312c95e4a9fc1ccb8653e5ef543b23b0403a4665b82fd91,v2_deterministic,MTH01,91c1b555b1295b1908a12c94ac79f1717b1b9021e13f87188c2337ca13ff4dec,1,completed,1,0
ornith:9b,a75697c145891910e312c95e4a9fc1ccb8653e5ef543b23b0403a4665b82fd91,v2_deterministic,MTH02,8a8537aa1edfaa1ffd07a4365fe457f9a197932d51114368857ea86e42272598,1,completed,1,0
ornith:9b,a75697c145891910e312c95e4a9fc1ccb8653e5ef543b23b0403a4665b82fd91,v2_deterministic,MTH03,217987bbf14051d433e3b29bc12807a016ec143004b82a3f9cbaeebbaa5985e1,1,completed,1,0
ornith:9b,a75697c145891910e312c95e4a9fc1ccb8653e5ef543b23b0403a4665b82fd91,v2_deterministic,MTH04,08979b2f33d1572d9db33e681685a5fc0c0e543342c412493ae9cc6bd88cc57a,1,completed,1,0
ornith:9b,a75697c145891910e312c95e4a9fc1ccb8653e5ef543b23b0403a4665b82fd91,v2_deterministic,MTH05,b4fa1e40b3b9684a1d2bb88676eda07383da0b57ae6824f17d843fe6d23ab09c,1,completed,1,0
ornith:9b,a75697c145891910e312c95e4a9fc1ccb8653e5ef543b23b0403a4665b82fd91,v2_deterministic,MTH06,8c2f6233a641c83c0994257b8c0fc1713213b00107981e82ec546653fbd48e9a,1,completed,1,0
ornith:9b,a75697c145891910e312c95e4a9fc1ccb8653e5ef543b23b0403a4665b82fd91,v2_deterministic,MTH07,77372f8353bd9037cf06cd16f704161fb6e710c2633b44b017de15fb2d6014ba,1,completed,1,0
ornith:9b,a75697c145891910e312c95e4a9fc1ccb8653e5ef543b23b0403a4665b82fd91,v2_deterministic,MTH08,f99ba77cfd0638441528507cede31698b3f441917476c11add1ce33a9657d833,1,completed,1,0
ornith:9b,a75697c145891910e312c95e4a9fc1ccb8653e5ef543b23b0403a4665b82fd91,v2_deterministic,PLAN01,9a9bedfa38b9a40dfa884f7653ab7ab7493b0a9b73fac15685dbe8c11ccd1a19,1,truncated_before_final_answer,1,0
ornith:9b,a75697c145891910e312c95e4a9fc1ccb8653e5ef543b23b0403a4665b82fd91,v2_deterministic,PLAN02,68bf5e5a6462e403b8af413d7eadb4a38e47c9c9ca17f61e19b43d4a2a8eaa85,1,completed,1,0
ornith:9b,a75697c145891910e312c95e4a9fc1ccb8653e5ef543b23b0403a4665b82fd91,v2_deterministic,PLAN03,948844eaa5214f61f8b5335bf7eb418d08acc38c1ab8ed7432a5e51c38d3c621,1,completed,1,0
ornith:9b,a75697c145891910e312c95e4a9fc1ccb8653e5ef543b23b0403a4665b82fd91,v2_deterministic,PLAN04,01baacd18d70e923eb827d25e81a39f7d264c61293c32bcbd23176bf37c9be8c,1,completed,1,0
ornith:9b,a75697c145891910e312c95e4a9fc1ccb8653e5ef543b23b0403a4665b82fd91,v2_deterministic,REL01,6b594598089c44dd88cf1946a640d5ccc4f836148ee1fa955006770edee3f9cb,1,completed,1,0
ornith:9b,a75697c145891910e312c95e4a9fc1ccb8653e5ef543b23b0403a4665b82fd91,v2_deterministic,REL02,12c280b1b46e9da3a84ee9405c87091ac9cdae38f977960195c9c1c131da226e,1,completed,1,0
ornith:9b,a75697c145891910e312c95e4a9fc1ccb8653e5ef543b23b0403a4665b82fd91,v2_deterministic,REL03,5102a20c9a96783f745020f84fc5a2122c2d613b1a9f6824a63e1742ccf809ef,1,completed,1,0
ornith:9b,a75697c145891910e312c95e4a9fc1ccb8653e5ef543b23b0403a4665b82fd91,v2_deterministic,REL04,44db511a77a1ec50736a7ecfb1bc569e30ae22c62fcf6dde5c28135ce36c0405,1,completed,1,0
ornith:9b,a75697c145891910e312c95e4a9fc1ccb8653e5ef543b23b0403a4665b82fd91,v2_deterministic,REL05,e925b5c6d0945cb7ed31ff7e410f25957737e41575899546092c1b33ff7486fa,1,completed,1,0
ornith:9b,a75697c145891910e312c95e4a9fc1ccb8653e5ef543b23b0403a4665b82fd91,v2_deterministic,REL06,ab59032408916654f569f11bebdd1a04d719d429a06970404f315594383330e8,1,completed,1,0
ornith:9b,a75697c145891910e312c95e4a9fc1ccb8653e5ef543b23b0403a4665b82fd91,v2_deterministic,TRANS01,4fc6b6a3efe614d2a9a22eacd20cede0676673da9bf74a978c87bff7e323430f,2,network_error,2,0
ornith:9b,a75697c145891910e312c95e4a9fc1ccb8653e5ef543b23b0403a4665b82fd91,v2_deterministic,TRANS02,661955c3065427dbce61a250fc3e511d79f90743ee73685d2ace500fe326e55b,2,network_error,2,0
ornith:9b,a75697c145891910e312c95e4a9fc1ccb8653e5ef543b23b0403a4665b82fd91,v2_deterministic,TRANS03,17e64b733c6966a1296c2d7edc86c8d91705b7c521e3a509e7b41151df01fd95,2,network_error,2,0
ornith:9b,a75697c145891910e312c95e4a9fc1ccb8653e5ef543b23b0403a4665b82fd91,v2_deterministic,TRANS04,0f9fde745eb99c505ec66656f25e1914df79fa9776e76bd38f9d08c6e4cabe75,2,network_error,2,0
ornith:9b,a75697c145891910e312c95e4a9fc1ccb8653e5ef543b23b0403a4665b82fd91,v2_deterministic,TRANS05,57e482a869c0dffa144e65cfdfb33936399629d70e57ceb4a8d69481a63922b6,2,network_error,2,0
ornith:9b,a75697c145891910e312c95e4a9fc1ccb8653e5ef543b23b0403a4665b82fd91,v2_deterministic,TRANS06,5bc72344646712a814e840aaf5e4b62b5638c39f80d700147273739d02bf5de8,2,network_error,2,0
ornith:9b,a75697c145891910e312c95e4a9fc1ccb8653e5ef543b23b0403a4665b82fd91,v2_deterministic,TRANS07,f587dbde0487a4c877cafbe0eb16b34a9cecb3d51809322c7094eefc78a754d6,2,network_error,2,0
ornith:9b,a75697c145891910e312c95e4a9fc1ccb8653e5ef543b23b0403a4665b82fd91,v2_deterministic,TRANS08,e887b6167ee63b52308c9bc24e1604252f1ec9cfbdf8d33d5178ff1bd57b5dfb,2,network_error,2,0
phi4-mini-reasoning:latest,3ca8c2865ce91b6be853a25e56edfefa4f473db55a391611989b753ecf0fa419,reasoning_extended,RSN01,628e78ef737745fb5557c606a30b66302f21073ce08347b704ce4061000c8b67,1,network_error,1,0
phi4-mini-reasoning:latest,3ca8c2865ce91b6be853a25e56edfefa4f473db55a391611989b753ecf0fa419,reasoning_extended,RSN02,675e2757d3419d3809b6da58309a9f12a38320e26607c24d574fdf30d2607ec6,1,network_error,1,0
phi4-mini-reasoning:latest,3ca8c2865ce91b6be853a25e56edfefa4f473db55a391611989b753ecf0fa419,reasoning_extended,RSN03,182012728ae306a733a56d95c3201c61e53f8372e0a2c3e65534e598b95a2b9c,1,network_error,1,0
phi4-mini-reasoning:latest,3ca8c2865ce91b6be853a25e56edfefa4f473db55a391611989b753ecf0fa419,reasoning_extended,RSN04,e2265549dfde6391abd439ef9fe3d8b0e7556b75ffea078f2655ce69f9e023b9,1,network_error,1,0
phi4-mini-reasoning:latest,3ca8c2865ce91b6be853a25e56edfefa4f473db55a391611989b753ecf0fa419,reasoning_extended,RSN05,86a73bef82149c5854cc9e1b5712f6b4ec804728c831f565d55ac4f4ffa7ad6a,1,network_error,1,0
phi4-mini-reasoning:latest,3ca8c2865ce91b6be853a25e56edfefa4f473db55a391611989b753ecf0fa419,reasoning_extended,RSN06,c754b9e7052124fe11e28629f5b42d792d6a35d0c51d6c3d62484b21b93a4ae7,1,network_error,1,0
phi4-mini-reasoning:latest,3ca8c2865ce91b6be853a25e56edfefa4f473db55a391611989b753ecf0fa419,reasoning_extended,RSN07,de768c557bec5df8affd4152dea159695c0c3c65e18d796cdd4ce0cbf7b48656,1,network_error,1,0
phi4-mini-reasoning:latest,3ca8c2865ce91b6be853a25e56edfefa4f473db55a391611989b753ecf0fa419,reasoning_extended,RSN08,961aa43057f176406d95ca3705c2fdea73202d4b3c68a37d8cc827e9e5eee70f,1,network_error,1,0
phi4-mini-reasoning:latest,3ca8c2865ce91b6be853a25e56edfefa4f473db55a391611989b753ecf0fa419,reasoning_extended,RSN09,d29f7121a2177bc2c67661d94741905793c99cf2890a9e54e1f33c7c23d63669,1,network_error,1,0
phi4-mini-reasoning:latest,3ca8c2865ce91b6be853a25e56edfefa4f473db55a391611989b753ecf0fa419,reasoning_extended,RSN10,e5c78d60e435d2ccdfc13bbb80fc3bba85ddcae5c8bd3e6965385df5842fce38,1,network_error,1,0
phi4-mini-reasoning:latest,3ca8c2865ce91b6be853a25e56edfefa4f473db55a391611989b753ecf0fa419,reasoning_native,RSN01_native,5bee3657d213c491618572644b88f1e49b52228af489e539702f4c4fb40430d0,1,network_error,1,0
phi4-mini-reasoning:latest,3ca8c2865ce91b6be853a25e56edfefa4f473db55a391611989b753ecf0fa419,reasoning_native,RSN02_native,40a32ac1c67a8f7010da1f13c8f81cb06c9953aebcf22cbc5bf7536ecfe25dbd,1,network_error,1,0
phi4-mini-reasoning:latest,3ca8c2865ce91b6be853a25e56edfefa4f473db55a391611989b753ecf0fa419,reasoning_native,RSN03_native,dd615ee749b438963ad3715eb9ac7d1cfab0fd264a470eb09c814c13f5da6080,1,network_error,1,0
phi4-mini-reasoning:latest,3ca8c2865ce91b6be853a25e56edfefa4f473db55a391611989b753ecf0fa419,reasoning_native,RSN04_native,bcc93f534fb7c7dacf0c7073c42049b825e09d14f614b6e8ab8cd3c1843a5c79,1,network_error,1,0
phi4-mini-reasoning:latest,3ca8c2865ce91b6be853a25e56edfefa4f473db55a391611989b753ecf0fa419,reasoning_native,RSN05_native,70bf8aca8ed8efa2c43eb6cf256161e19748f9023b42ba100608c98fb55faf5c,1,network_error,1,0
phi4-mini-reasoning:latest,3ca8c2865ce91b6be853a25e56edfefa4f473db55a391611989b753ecf0fa419,reasoning_native,RSN06_native,c4ec23148e34cb66123ea37e06496b3a7b70de7e4a38dee35a83cdcd8f3e8bdf,1,network_error,1,0
phi4-mini-reasoning:latest,3ca8c2865ce91b6be853a25e56edfefa4f473db55a391611989b753ecf0fa419,reasoning_native,RSN07_native,014c927c42888103ffeb6cf7791f0fd752a9368757da620dcd9b05d2bcabfeac,1,network_error,1,0
phi4-mini-reasoning:latest,3ca8c2865ce91b6be853a25e56edfefa4f473db55a391611989b753ecf0fa419,reasoning_native,RSN08_native,bfeed8a78f50155b54990c783e798ab124251f8a38528f93fdd997720ac7d4aa,1,network_error,1,0
phi4-mini-reasoning:latest,3ca8c2865ce91b6be853a25e56edfefa4f473db55a391611989b753ecf0fa419,reasoning_native,RSN09_native,5a00284c70f458949386a433eb154a4e66589c42a762559a683073be9fd0235e,1,network_error,1,0
phi4-mini-reasoning:latest,3ca8c2865ce91b6be853a25e56edfefa4f473db55a391611989b753ecf0fa419,reasoning_native,RSN10_native,af7ef8b99525f206b7874b303816d1252cce5bd7197fe6648a5ba78a9bd6efa1,1,network_error,1,0
phi4-mini-reasoning:latest,3ca8c2865ce91b6be853a25e56edfefa4f473db55a391611989b753ecf0fa419,v2_deterministic,CODE01,3a6ee053f316ac797eed83be7b511d932088853ce01f109c3a3d048762277fb7,2,syntax_error,2,0
phi4-mini-reasoning:latest,3ca8c2865ce91b6be853a25e56edfefa4f473db55a391611989b753ecf0fa419,v2_deterministic,CODE02,7499e2260b2e423d47622f7a06875ba06e7550d12a493ae94b3374baa89bb127,2,network_error,2,0
phi4-mini-reasoning:latest,3ca8c2865ce91b6be853a25e56edfefa4f473db55a391611989b753ecf0fa419,v2_deterministic,CODE03,78fa42595ce9312c77ef3397f4f95625e10003115b153900d9b20047d7234890,2,network_error,2,0
phi4-mini-reasoning:latest,3ca8c2865ce91b6be853a25e56edfefa4f473db55a391611989b753ecf0fa419,v2_deterministic,CODE04,cbca68dc260d8f66dc2bd9244e1cdde7634672fdf81446239f5d8d18de488af9,2,network_error,2,0
phi4-mini-reasoning:latest,3ca8c2865ce91b6be853a25e56edfefa4f473db55a391611989b753ecf0fa419,v2_deterministic,CODE05,915cc1c3562066f0272a964950a929036d538c65db95285acb47661c925bafce,2,network_error,2,0
phi4-mini-reasoning:latest,3ca8c2865ce91b6be853a25e56edfefa4f473db55a391611989b753ecf0fa419,v2_deterministic,CODE06,3113278ebd1124f287fba61fb40b3c2e595434d0784c7956cb5581706b337405,2,network_error,2,0
phi4-mini-reasoning:latest,3ca8c2865ce91b6be853a25e56edfefa4f473db55a391611989b753ecf0fa419,v2_deterministic,CODE07,8443ca250d7b0d1ce901412d358f43cfd8a8a809ed659b7528fdab053725683d,2,network_error,2,0
phi4-mini-reasoning:latest,3ca8c2865ce91b6be853a25e56edfefa4f473db55a391611989b753ecf0fa419,v2_deterministic,CODE08,ea91a6e1088aa2bcca76c26bda0e3c024ced3c823e075354ba94a454ee186d0c,2,network_error,2,0
phi4-mini-reasoning:latest,3ca8c2865ce91b6be853a25e56edfefa4f473db55a391611989b753ecf0fa419,v2_deterministic,CODE09,890539ef90e6d604e2ae66f258de22cd74432676d4b8d18809c45c1033a45148,2,network_error,2,0
phi4-mini-reasoning:latest,3ca8c2865ce91b6be853a25e56edfefa4f473db55a391611989b753ecf0fa419,v2_deterministic,CODE10,e5cebee20c39db9b1160848a6803ca80c1537c1b4a574c9e9e4719787cf90147,2,network_error,2,0
phi4-mini-reasoning:latest,3ca8c2865ce91b6be853a25e56edfefa4f473db55a391611989b753ecf0fa419,v2_deterministic,EXT01,23e19240d1c16e1536e57fdc92db3b04bbdec298a06ec10cd16e75e3dde97c80,1,completed,1,0
phi4-mini-reasoning:latest,3ca8c2865ce91b6be853a25e56edfefa4f473db55a391611989b753ecf0fa419,v2_deterministic,EXT02,2323b07d42fd98286ddb9984b9ac5c9251a6c8ff1f6b1b882cc710ce7afa3423,1,completed,1,0
phi4-mini-reasoning:latest,3ca8c2865ce91b6be853a25e56edfefa4f473db55a391611989b753ecf0fa419,v2_deterministic,EXT03,d4536434de6a476283fdf7f9bb5149792fcd7100010686be1b32c32b639a8164,1,completed,1,0
phi4-mini-reasoning:latest,3ca8c2865ce91b6be853a25e56edfefa4f473db55a391611989b753ecf0fa419,v2_deterministic,EXT04,2b65a93427ac30657446eb9d1f893339bfb1cb91a0b8beaa93b00bfc0704a7be,1,completed,1,0
phi4-mini-reasoning:latest,3ca8c2865ce91b6be853a25e56edfefa4f473db55a391611989b753ecf0fa419,v2_deterministic,EXT05,71cc333232fbc880386e7682fc34da712cb28c4909a2dd3d1b95841eb6cea300,1,completed,1,0
phi4-mini-reasoning:latest,3ca8c2865ce91b6be853a25e56edfefa4f473db55a391611989b753ecf0fa419,v2_deterministic,FMT01,fdbd6ebc3c347a192a47b9bb70b303406405c83ee5c1a479aed4f8a338767e4e,1,truncated,1,0
phi4-mini-reasoning:latest,3ca8c2865ce91b6be853a25e56edfefa4f473db55a391611989b753ecf0fa419,v2_deterministic,FMT02,4c1b340a0b2f1246a3e3b2a0e1e473e56db8c986d00d37cdc56e768eb834a0ba,1,truncated,1,0
phi4-mini-reasoning:latest,3ca8c2865ce91b6be853a25e56edfefa4f473db55a391611989b753ecf0fa419,v2_deterministic,FMT03,8c5cb8101d228017c6d6c30d04bcea5c1d7c8e890c4c53fdbe9d6cbc518c917d,1,completed,1,0
phi4-mini-reasoning:latest,3ca8c2865ce91b6be853a25e56edfefa4f473db55a391611989b753ecf0fa419,v2_deterministic,FMT04,ae17d134fae86bb3b43f8ecdd993f970ae92f959cd70e3fa8f7450147cd0d1a6,1,completed,1,0
phi4-mini-reasoning:latest,3ca8c2865ce91b6be853a25e56edfefa4f473db55a391611989b753ecf0fa419,v2_deterministic,FMT05,19ccd3dd7a0ebb4e68aab027affd34cbf0d46ea9dbd9cd14e65acd196adb89d9,1,completed,1,0
phi4-mini-reasoning:latest,3ca8c2865ce91b6be853a25e56edfefa4f473db55a391611989b753ecf0fa419,v2_deterministic,FMT06,0b6ff8dc1f3a46e82558eed7660effca9d56ddd36d9def40aae0b4c5096e74d5,1,completed,1,0
phi4-mini-reasoning:latest,3ca8c2865ce91b6be853a25e56edfefa4f473db55a391611989b753ecf0fa419,v2_deterministic,INS01,92c2136115d03dede4233303cc97905c7a002fb88115ebd1db9de58140e8fb49,1,completed,1,0
phi4-mini-reasoning:latest,3ca8c2865ce91b6be853a25e56edfefa4f473db55a391611989b753ecf0fa419,v2_deterministic,INS02,de26b497ebe5cb51709fa9fdc577123b003dfb2c353cbebac30e4f5bf93645ac,1,completed,1,0
phi4-mini-reasoning:latest,3ca8c2865ce91b6be853a25e56edfefa4f473db55a391611989b753ecf0fa419,v2_deterministic,INS03,909b31c3c031bde154ec85239290ea75c8aa5c8d4da09a98d85ae882bf2d6a7a,1,completed,1,0
phi4-mini-reasoning:latest,3ca8c2865ce91b6be853a25e56edfefa4f473db55a391611989b753ecf0fa419,v2_deterministic,INS04,91b900395e2ff58c0f3c5403a06cf8c0adb533f43b20e7b3a45edb7e97ff0d62,1,completed,1,0
phi4-mini-reasoning:latest,3ca8c2865ce91b6be853a25e56edfefa4f473db55a391611989b753ecf0fa419,v2_deterministic,INS05,ca81b549c99bffc97ea38de7126bc30d0c517223dee1803bb0bd3f9c421b21a1,1,truncated,1,0
phi4-mini-reasoning:latest,3ca8c2865ce91b6be853a25e56edfefa4f473db55a391611989b753ecf0fa419,v2_deterministic,INS06,b3d1ebb011b327f9f8291c39dc2b40c0df649eb4b272760e8711d0a79deb97dc,1,completed,1,0
phi4-mini-reasoning:latest,3ca8c2865ce91b6be853a25e56edfefa4f473db55a391611989b753ecf0fa419,v2_deterministic,MTH01,91c1b555b1295b1908a12c94ac79f1717b1b9021e13f87188c2337ca13ff4dec,1,completed,1,0
phi4-mini-reasoning:latest,3ca8c2865ce91b6be853a25e56edfefa4f473db55a391611989b753ecf0fa419,v2_deterministic,MTH02,8a8537aa1edfaa1ffd07a4365fe457f9a197932d51114368857ea86e42272598,1,completed,1,0
phi4-mini-reasoning:latest,3ca8c2865ce91b6be853a25e56edfefa4f473db55a391611989b753ecf0fa419,v2_deterministic,MTH03,217987bbf14051d433e3b29bc12807a016ec143004b82a3f9cbaeebbaa5985e1,1,completed,1,0
phi4-mini-reasoning:latest,3ca8c2865ce91b6be853a25e56edfefa4f473db55a391611989b753ecf0fa419,v2_deterministic,MTH04,08979b2f33d1572d9db33e681685a5fc0c0e543342c412493ae9cc6bd88cc57a,1,completed,1,0
phi4-mini-reasoning:latest,3ca8c2865ce91b6be853a25e56edfefa4f473db55a391611989b753ecf0fa419,v2_deterministic,MTH05,b4fa1e40b3b9684a1d2bb88676eda07383da0b57ae6824f17d843fe6d23ab09c,1,completed,1,0
phi4-mini-reasoning:latest,3ca8c2865ce91b6be853a25e56edfefa4f473db55a391611989b753ecf0fa419,v2_deterministic,MTH06,8c2f6233a641c83c0994257b8c0fc1713213b00107981e82ec546653fbd48e9a,1,truncated,1,0
phi4-mini-reasoning:latest,3ca8c2865ce91b6be853a25e56edfefa4f473db55a391611989b753ecf0fa419,v2_deterministic,MTH07,77372f8353bd9037cf06cd16f704161fb6e710c2633b44b017de15fb2d6014ba,1,completed,1,0
phi4-mini-reasoning:latest,3ca8c2865ce91b6be853a25e56edfefa4f473db55a391611989b753ecf0fa419,v2_deterministic,MTH08,f99ba77cfd0638441528507cede31698b3f441917476c11add1ce33a9657d833,1,completed,1,0
phi4-mini-reasoning:latest,3ca8c2865ce91b6be853a25e56edfefa4f473db55a391611989b753ecf0fa419,v2_deterministic,PLAN01,9a9bedfa38b9a40dfa884f7653ab7ab7493b0a9b73fac15685dbe8c11ccd1a19,1,truncated,1,0
phi4-mini-reasoning:latest,3ca8c2865ce91b6be853a25e56edfefa4f473db55a391611989b753ecf0fa419,v2_deterministic,PLAN02,68bf5e5a6462e403b8af413d7eadb4a38e47c9c9ca17f61e19b43d4a2a8eaa85,1,completed,1,0
phi4-mini-reasoning:latest,3ca8c2865ce91b6be853a25e56edfefa4f473db55a391611989b753ecf0fa419,v2_deterministic,PLAN03,948844eaa5214f61f8b5335bf7eb418d08acc38c1ab8ed7432a5e51c38d3c621,1,truncated,1,0
phi4-mini-reasoning:latest,3ca8c2865ce91b6be853a25e56edfefa4f473db55a391611989b753ecf0fa419,v2_deterministic,PLAN04,01baacd18d70e923eb827d25e81a39f7d264c61293c32bcbd23176bf37c9be8c,1,truncated,1,0
phi4-mini-reasoning:latest,3ca8c2865ce91b6be853a25e56edfefa4f473db55a391611989b753ecf0fa419,v2_deterministic,REL01,6b594598089c44dd88cf1946a640d5ccc4f836148ee1fa955006770edee3f9cb,1,completed,1,0
phi4-mini-reasoning:latest,3ca8c2865ce91b6be853a25e56edfefa4f473db55a391611989b753ecf0fa419,v2_deterministic,REL02,12c280b1b46e9da3a84ee9405c87091ac9cdae38f977960195c9c1c131da226e,1,completed,1,0
phi4-mini-reasoning:latest,3ca8c2865ce91b6be853a25e56edfefa4f473db55a391611989b753ecf0fa419,v2_deterministic,REL03,5102a20c9a96783f745020f84fc5a2122c2d613b1a9f6824a63e1742ccf809ef,1,completed,1,0
phi4-mini-reasoning:latest,3ca8c2865ce91b6be853a25e56edfefa4f473db55a391611989b753ecf0fa419,v2_deterministic,REL04,44db511a77a1ec50736a7ecfb1bc569e30ae22c62fcf6dde5c28135ce36c0405,1,truncated,1,0
phi4-mini-reasoning:latest,3ca8c2865ce91b6be853a25e56edfefa4f473db55a391611989b753ecf0fa419,v2_deterministic,REL05,e925b5c6d0945cb7ed31ff7e410f25957737e41575899546092c1b33ff7486fa,1,completed,1,0
phi4-mini-reasoning:latest,3ca8c2865ce91b6be853a25e56edfefa4f473db55a391611989b753ecf0fa419,v2_deterministic,REL06,ab59032408916654f569f11bebdd1a04d719d429a06970404f315594383330e8,1,completed,1,0
phi4-mini-reasoning:latest,3ca8c2865ce91b6be853a25e56edfefa4f473db55a391611989b753ecf0fa419,v2_deterministic,TRANS01,4fc6b6a3efe614d2a9a22eacd20cede0676673da9bf74a978c87bff7e323430f,2,timeout_absolute,2,0
phi4-mini-reasoning:latest,3ca8c2865ce91b6be853a25e56edfefa4f473db55a391611989b753ecf0fa419,v2_deterministic,TRANS02,661955c3065427dbce61a250fc3e511d79f90743ee73685d2ace500fe326e55b,2,completed,2,0
phi4-mini-reasoning:latest,3ca8c2865ce91b6be853a25e56edfefa4f473db55a391611989b753ecf0fa419,v2_deterministic,TRANS03,17e64b733c6966a1296c2d7edc86c8d91705b7c521e3a509e7b41151df01fd95,2,completed,2,0
phi4-mini-reasoning:latest,3ca8c2865ce91b6be853a25e56edfefa4f473db55a391611989b753ecf0fa419,v2_deterministic,TRANS04,0f9fde745eb99c505ec66656f25e1914df79fa9776e76bd38f9d08c6e4cabe75,2,completed,2,0
phi4-mini-reasoning:latest,3ca8c2865ce91b6be853a25e56edfefa4f473db55a391611989b753ecf0fa419,v2_deterministic,TRANS05,57e482a869c0dffa144e65cfdfb33936399629d70e57ceb4a8d69481a63922b6,2,completed,2,0
phi4-mini-reasoning:latest,3ca8c2865ce91b6be853a25e56edfefa4f473db55a391611989b753ecf0fa419,v2_deterministic,TRANS06,5bc72344646712a814e840aaf5e4b62b5638c39f80d700147273739d02bf5de8,2,completed,2,0
phi4-mini-reasoning:latest,3ca8c2865ce91b6be853a25e56edfefa4f473db55a391611989b753ecf0fa419,v2_deterministic,TRANS07,f587dbde0487a4c877cafbe0eb16b34a9cecb3d51809322c7094eefc78a754d6,2,completed,2,0
phi4-mini-reasoning:latest,3ca8c2865ce91b6be853a25e56edfefa4f473db55a391611989b753ecf0fa419,v2_deterministic,TRANS08,e887b6167ee63b52308c9bc24e1604252f1ec9cfbdf8d33d5178ff1bd57b5dfb,2,completed,2,0
phi4-mini:latest,78fad5d182a7c33065e153a5f8ba210754207ba9d91973f57dffa7f487363753,v2_deterministic,CODE01,3a6ee053f316ac797eed83be7b511d932088853ce01f109c3a3d048762277fb7,2,syntax_error,2,0
phi4-mini:latest,78fad5d182a7c33065e153a5f8ba210754207ba9d91973f57dffa7f487363753,v2_deterministic,CODE02,7499e2260b2e423d47622f7a06875ba06e7550d12a493ae94b3374baa89bb127,2,syntax_error,2,0
phi4-mini:latest,78fad5d182a7c33065e153a5f8ba210754207ba9d91973f57dffa7f487363753,v2_deterministic,CODE03,78fa42595ce9312c77ef3397f4f95625e10003115b153900d9b20047d7234890,2,completed,2,0
phi4-mini:latest,78fad5d182a7c33065e153a5f8ba210754207ba9d91973f57dffa7f487363753,v2_deterministic,CODE04,cbca68dc260d8f66dc2bd9244e1cdde7634672fdf81446239f5d8d18de488af9,2,unsafe_code_detected,2,0
phi4-mini:latest,78fad5d182a7c33065e153a5f8ba210754207ba9d91973f57dffa7f487363753,v2_deterministic,CODE05,915cc1c3562066f0272a964950a929036d538c65db95285acb47661c925bafce,2,completed,2,0
phi4-mini:latest,78fad5d182a7c33065e153a5f8ba210754207ba9d91973f57dffa7f487363753,v2_deterministic,CODE06,3113278ebd1124f287fba61fb40b3c2e595434d0784c7956cb5581706b337405,2,runtime_error,2,0
phi4-mini:latest,78fad5d182a7c33065e153a5f8ba210754207ba9d91973f57dffa7f487363753,v2_deterministic,CODE07,8443ca250d7b0d1ce901412d358f43cfd8a8a809ed659b7528fdab053725683d,2,syntax_error,2,0
phi4-mini:latest,78fad5d182a7c33065e153a5f8ba210754207ba9d91973f57dffa7f487363753,v2_deterministic,CODE08,ea91a6e1088aa2bcca76c26bda0e3c024ced3c823e075354ba94a454ee186d0c,2,syntax_error,2,0
phi4-mini:latest,78fad5d182a7c33065e153a5f8ba210754207ba9d91973f57dffa7f487363753,v2_deterministic,CODE09,890539ef90e6d604e2ae66f258de22cd74432676d4b8d18809c45c1033a45148,2,runtime_error,2,0
phi4-mini:latest,78fad5d182a7c33065e153a5f8ba210754207ba9d91973f57dffa7f487363753,v2_deterministic,CODE10,e5cebee20c39db9b1160848a6803ca80c1537c1b4a574c9e9e4719787cf90147,2,syntax_error,2,0
phi4-mini:latest,78fad5d182a7c33065e153a5f8ba210754207ba9d91973f57dffa7f487363753,v2_deterministic,EXT01,23e19240d1c16e1536e57fdc92db3b04bbdec298a06ec10cd16e75e3dde97c80,1,completed,1,0
phi4-mini:latest,78fad5d182a7c33065e153a5f8ba210754207ba9d91973f57dffa7f487363753,v2_deterministic,EXT02,2323b07d42fd98286ddb9984b9ac5c9251a6c8ff1f6b1b882cc710ce7afa3423,1,completed,1,0
phi4-mini:latest,78fad5d182a7c33065e153a5f8ba210754207ba9d91973f57dffa7f487363753,v2_deterministic,EXT03,d4536434de6a476283fdf7f9bb5149792fcd7100010686be1b32c32b639a8164,1,completed,1,0
phi4-mini:latest,78fad5d182a7c33065e153a5f8ba210754207ba9d91973f57dffa7f487363753,v2_deterministic,EXT04,2b65a93427ac30657446eb9d1f893339bfb1cb91a0b8beaa93b00bfc0704a7be,1,completed,1,0
phi4-mini:latest,78fad5d182a7c33065e153a5f8ba210754207ba9d91973f57dffa7f487363753,v2_deterministic,EXT05,71cc333232fbc880386e7682fc34da712cb28c4909a2dd3d1b95841eb6cea300,1,completed,1,0
phi4-mini:latest,78fad5d182a7c33065e153a5f8ba210754207ba9d91973f57dffa7f487363753,v2_deterministic,FMT01,fdbd6ebc3c347a192a47b9bb70b303406405c83ee5c1a479aed4f8a338767e4e,1,completed,1,0
phi4-mini:latest,78fad5d182a7c33065e153a5f8ba210754207ba9d91973f57dffa7f487363753,v2_deterministic,FMT02,4c1b340a0b2f1246a3e3b2a0e1e473e56db8c986d00d37cdc56e768eb834a0ba,1,completed,1,0
phi4-mini:latest,78fad5d182a7c33065e153a5f8ba210754207ba9d91973f57dffa7f487363753,v2_deterministic,FMT03,8c5cb8101d228017c6d6c30d04bcea5c1d7c8e890c4c53fdbe9d6cbc518c917d,1,completed,1,0
phi4-mini:latest,78fad5d182a7c33065e153a5f8ba210754207ba9d91973f57dffa7f487363753,v2_deterministic,FMT04,ae17d134fae86bb3b43f8ecdd993f970ae92f959cd70e3fa8f7450147cd0d1a6,1,completed,1,0
phi4-mini:latest,78fad5d182a7c33065e153a5f8ba210754207ba9d91973f57dffa7f487363753,v2_deterministic,FMT05,19ccd3dd7a0ebb4e68aab027affd34cbf0d46ea9dbd9cd14e65acd196adb89d9,1,completed,1,0
phi4-mini:latest,78fad5d182a7c33065e153a5f8ba210754207ba9d91973f57dffa7f487363753,v2_deterministic,FMT06,0b6ff8dc1f3a46e82558eed7660effca9d56ddd36d9def40aae0b4c5096e74d5,1,completed,1,0
phi4-mini:latest,78fad5d182a7c33065e153a5f8ba210754207ba9d91973f57dffa7f487363753,v2_deterministic,INS01,92c2136115d03dede4233303cc97905c7a002fb88115ebd1db9de58140e8fb49,1,completed,1,0
phi4-mini:latest,78fad5d182a7c33065e153a5f8ba210754207ba9d91973f57dffa7f487363753,v2_deterministic,INS02,de26b497ebe5cb51709fa9fdc577123b003dfb2c353cbebac30e4f5bf93645ac,1,completed,1,0
phi4-mini:latest,78fad5d182a7c33065e153a5f8ba210754207ba9d91973f57dffa7f487363753,v2_deterministic,INS03,909b31c3c031bde154ec85239290ea75c8aa5c8d4da09a98d85ae882bf2d6a7a,1,completed,1,0
phi4-mini:latest,78fad5d182a7c33065e153a5f8ba210754207ba9d91973f57dffa7f487363753,v2_deterministic,INS04,91b900395e2ff58c0f3c5403a06cf8c0adb533f43b20e7b3a45edb7e97ff0d62,1,completed,1,0
phi4-mini:latest,78fad5d182a7c33065e153a5f8ba210754207ba9d91973f57dffa7f487363753,v2_deterministic,INS05,ca81b549c99bffc97ea38de7126bc30d0c517223dee1803bb0bd3f9c421b21a1,1,completed,1,0
phi4-mini:latest,78fad5d182a7c33065e153a5f8ba210754207ba9d91973f57dffa7f487363753,v2_deterministic,INS06,b3d1ebb011b327f9f8291c39dc2b40c0df649eb4b272760e8711d0a79deb97dc,1,completed,1,0
phi4-mini:latest,78fad5d182a7c33065e153a5f8ba210754207ba9d91973f57dffa7f487363753,v2_deterministic,MTH01,91c1b555b1295b1908a12c94ac79f1717b1b9021e13f87188c2337ca13ff4dec,1,completed,1,0
phi4-mini:latest,78fad5d182a7c33065e153a5f8ba210754207ba9d91973f57dffa7f487363753,v2_deterministic,MTH02,8a8537aa1edfaa1ffd07a4365fe457f9a197932d51114368857ea86e42272598,1,completed,1,0
phi4-mini:latest,78fad5d182a7c33065e153a5f8ba210754207ba9d91973f57dffa7f487363753,v2_deterministic,MTH03,217987bbf14051d433e3b29bc12807a016ec143004b82a3f9cbaeebbaa5985e1,1,completed,1,0
phi4-mini:latest,78fad5d182a7c33065e153a5f8ba210754207ba9d91973f57dffa7f487363753,v2_deterministic,MTH04,08979b2f33d1572d9db33e681685a5fc0c0e543342c412493ae9cc6bd88cc57a,1,completed,1,0
phi4-mini:latest,78fad5d182a7c33065e153a5f8ba210754207ba9d91973f57dffa7f487363753,v2_deterministic,MTH05,b4fa1e40b3b9684a1d2bb88676eda07383da0b57ae6824f17d843fe6d23ab09c,1,completed,1,0
phi4-mini:latest,78fad5d182a7c33065e153a5f8ba210754207ba9d91973f57dffa7f487363753,v2_deterministic,MTH06,8c2f6233a641c83c0994257b8c0fc1713213b00107981e82ec546653fbd48e9a,1,completed,1,0
phi4-mini:latest,78fad5d182a7c33065e153a5f8ba210754207ba9d91973f57dffa7f487363753,v2_deterministic,MTH07,77372f8353bd9037cf06cd16f704161fb6e710c2633b44b017de15fb2d6014ba,1,completed,1,0
phi4-mini:latest,78fad5d182a7c33065e153a5f8ba210754207ba9d91973f57dffa7f487363753,v2_deterministic,MTH08,f99ba77cfd0638441528507cede31698b3f441917476c11add1ce33a9657d833,1,completed,1,0
phi4-mini:latest,78fad5d182a7c33065e153a5f8ba210754207ba9d91973f57dffa7f487363753,v2_deterministic,PLAN01,9a9bedfa38b9a40dfa884f7653ab7ab7493b0a9b73fac15685dbe8c11ccd1a19,1,completed,1,0
phi4-mini:latest,78fad5d182a7c33065e153a5f8ba210754207ba9d91973f57dffa7f487363753,v2_deterministic,PLAN02,68bf5e5a6462e403b8af413d7eadb4a38e47c9c9ca17f61e19b43d4a2a8eaa85,1,completed,1,0
phi4-mini:latest,78fad5d182a7c33065e153a5f8ba210754207ba9d91973f57dffa7f487363753,v2_deterministic,PLAN03,948844eaa5214f61f8b5335bf7eb418d08acc38c1ab8ed7432a5e51c38d3c621,1,completed,1,0
phi4-mini:latest,78fad5d182a7c33065e153a5f8ba210754207ba9d91973f57dffa7f487363753,v2_deterministic,PLAN04,01baacd18d70e923eb827d25e81a39f7d264c61293c32bcbd23176bf37c9be8c,1,completed,1,0
phi4-mini:latest,78fad5d182a7c33065e153a5f8ba210754207ba9d91973f57dffa7f487363753,v2_deterministic,REL01,6b594598089c44dd88cf1946a640d5ccc4f836148ee1fa955006770edee3f9cb,1,completed,1,0
phi4-mini:latest,78fad5d182a7c33065e153a5f8ba210754207ba9d91973f57dffa7f487363753,v2_deterministic,REL02,12c280b1b46e9da3a84ee9405c87091ac9cdae38f977960195c9c1c131da226e,1,completed,1,0
phi4-mini:latest,78fad5d182a7c33065e153a5f8ba210754207ba9d91973f57dffa7f487363753,v2_deterministic,REL03,5102a20c9a96783f745020f84fc5a2122c2d613b1a9f6824a63e1742ccf809ef,1,completed,1,0
phi4-mini:latest,78fad5d182a7c33065e153a5f8ba210754207ba9d91973f57dffa7f487363753,v2_deterministic,REL04,44db511a77a1ec50736a7ecfb1bc569e30ae22c62fcf6dde5c28135ce36c0405,1,completed,1,0
phi4-mini:latest,78fad5d182a7c33065e153a5f8ba210754207ba9d91973f57dffa7f487363753,v2_deterministic,REL05,e925b5c6d0945cb7ed31ff7e410f25957737e41575899546092c1b33ff7486fa,1,completed,1,0
phi4-mini:latest,78fad5d182a7c33065e153a5f8ba210754207ba9d91973f57dffa7f487363753,v2_deterministic,REL06,ab59032408916654f569f11bebdd1a04d719d429a06970404f315594383330e8,1,completed,1,0
phi4-mini:latest,78fad5d182a7c33065e153a5f8ba210754207ba9d91973f57dffa7f487363753,v2_deterministic,TRANS01,4fc6b6a3efe614d2a9a22eacd20cede0676673da9bf74a978c87bff7e323430f,2,network_error,2,0
phi4-mini:latest,78fad5d182a7c33065e153a5f8ba210754207ba9d91973f57dffa7f487363753,v2_deterministic,TRANS02,661955c3065427dbce61a250fc3e511d79f90743ee73685d2ace500fe326e55b,2,network_error,2,0
phi4-mini:latest,78fad5d182a7c33065e153a5f8ba210754207ba9d91973f57dffa7f487363753,v2_deterministic,TRANS03,17e64b733c6966a1296c2d7edc86c8d91705b7c521e3a509e7b41151df01fd95,2,network_error,2,0
phi4-mini:latest,78fad5d182a7c33065e153a5f8ba210754207ba9d91973f57dffa7f487363753,v2_deterministic,TRANS04,0f9fde745eb99c505ec66656f25e1914df79fa9776e76bd38f9d08c6e4cabe75,2,network_error,2,0
phi4-mini:latest,78fad5d182a7c33065e153a5f8ba210754207ba9d91973f57dffa7f487363753,v2_deterministic,TRANS05,57e482a869c0dffa144e65cfdfb33936399629d70e57ceb4a8d69481a63922b6,2,network_error,2,0
phi4-mini:latest,78fad5d182a7c33065e153a5f8ba210754207ba9d91973f57dffa7f487363753,v2_deterministic,TRANS06,5bc72344646712a814e840aaf5e4b62b5638c39f80d700147273739d02bf5de8,2,completed,2,0
phi4-mini:latest,78fad5d182a7c33065e153a5f8ba210754207ba9d91973f57dffa7f487363753,v2_deterministic,TRANS07,f587dbde0487a4c877cafbe0eb16b34a9cecb3d51809322c7094eefc78a754d6,2,completed,2,0
phi4-mini:latest,78fad5d182a7c33065e153a5f8ba210754207ba9d91973f57dffa7f487363753,v2_deterministic,TRANS08,e887b6167ee63b52308c9bc24e1604252f1ec9cfbdf8d33d5178ff1bd57b5dfb,2,completed,2,0
qwen3.5:4b,2a654d98e6fba55d452b7043684e9b57a947e393bbffa62485a7aac05ee4eefd,v2_deterministic,ocr_clear_en,d7ca1880a9a5b7177b46f00d5074a7d8409ff51234f0831776b3bffa500d49a9,1,completed,1,0
qwen3.5:4b,2a654d98e6fba55d452b7043684e9b57a947e393bbffa62485a7aac05ee4eefd,v2_deterministic,ocr_clear_zh,bad3bb32249be4187185329c3a803271cb8f8d119168bc2848ebd03e4b00d267,1,truncated_before_final_answer,1,0
qwen3.5:4b,2a654d98e6fba55d452b7043684e9b57a947e393bbffa62485a7aac05ee4eefd,v2_deterministic,ocr_fields,c05917edfe4a0cfcc54ccd9fd8c316f7d3df04cde7abbd6c03ac7bb52a8eb6e7,1,completed,1,0
qwen3.5:4b,2a654d98e6fba55d452b7043684e9b57a947e393bbffa62485a7aac05ee4eefd,v2_deterministic,ocr_form,1bfe1c5728c9bda69ea0c7e5ac5a3f401601ab89e4f3186ad15bee7c7b0676aa,1,truncated_before_final_answer,1,0
qwen3.5:4b,2a654d98e6fba55d452b7043684e9b57a947e393bbffa62485a7aac05ee4eefd,v2_deterministic,ocr_mixed,5c033ded9edb670567007d1beff9c0b38848a9df76cf61ddb151527192846b67,1,truncated_before_final_answer,1,0
qwen3.5:9b,6488c96fa5faab64bb65cbd30d4289e20e6130ef535a93ef9a49f42eda893ea7,v2_deterministic,ocr_clear_en,d7ca1880a9a5b7177b46f00d5074a7d8409ff51234f0831776b3bffa500d49a9,1,completed,1,0
qwen3.5:9b,6488c96fa5faab64bb65cbd30d4289e20e6130ef535a93ef9a49f42eda893ea7,v2_deterministic,ocr_clear_zh,bad3bb32249be4187185329c3a803271cb8f8d119168bc2848ebd03e4b00d267,1,completed,1,0
qwen3.5:9b,6488c96fa5faab64bb65cbd30d4289e20e6130ef535a93ef9a49f42eda893ea7,v2_deterministic,ocr_fields,c05917edfe4a0cfcc54ccd9fd8c316f7d3df04cde7abbd6c03ac7bb52a8eb6e7,1,completed,1,0
qwen3.5:9b,6488c96fa5faab64bb65cbd30d4289e20e6130ef535a93ef9a49f42eda893ea7,v2_deterministic,ocr_form,1bfe1c5728c9bda69ea0c7e5ac5a3f401601ab89e4f3186ad15bee7c7b0676aa,1,completed,1,0
qwen3.5:9b,6488c96fa5faab64bb65cbd30d4289e20e6130ef535a93ef9a49f42eda893ea7,v2_deterministic,ocr_mixed,5c033ded9edb670567007d1beff9c0b38848a9df76cf61ddb151527192846b67,1,completed,1,0
rnj-1:latest,d20e29ab8d0f11423b1e8da33764c8bdafc1d0abbb9971f68edd0f6d4176435f,v2_deterministic,CODE01,3a6ee053f316ac797eed83be7b511d932088853ce01f109c3a3d048762277fb7,2,syntax_error,2,0
rnj-1:latest,d20e29ab8d0f11423b1e8da33764c8bdafc1d0abbb9971f68edd0f6d4176435f,v2_deterministic,CODE02,7499e2260b2e423d47622f7a06875ba06e7550d12a493ae94b3374baa89bb127,2,syntax_error,2,0
rnj-1:latest,d20e29ab8d0f11423b1e8da33764c8bdafc1d0abbb9971f68edd0f6d4176435f,v2_deterministic,CODE03,78fa42595ce9312c77ef3397f4f95625e10003115b153900d9b20047d7234890,2,syntax_error,2,0
rnj-1:latest,d20e29ab8d0f11423b1e8da33764c8bdafc1d0abbb9971f68edd0f6d4176435f,v2_deterministic,CODE04,cbca68dc260d8f66dc2bd9244e1cdde7634672fdf81446239f5d8d18de488af9,2,syntax_error,2,0
rnj-1:latest,d20e29ab8d0f11423b1e8da33764c8bdafc1d0abbb9971f68edd0f6d4176435f,v2_deterministic,CODE05,915cc1c3562066f0272a964950a929036d538c65db95285acb47661c925bafce,2,syntax_error,2,0
rnj-1:latest,d20e29ab8d0f11423b1e8da33764c8bdafc1d0abbb9971f68edd0f6d4176435f,v2_deterministic,CODE06,3113278ebd1124f287fba61fb40b3c2e595434d0784c7956cb5581706b337405,2,syntax_error,2,0
rnj-1:latest,d20e29ab8d0f11423b1e8da33764c8bdafc1d0abbb9971f68edd0f6d4176435f,v2_deterministic,CODE07,8443ca250d7b0d1ce901412d358f43cfd8a8a809ed659b7528fdab053725683d,2,syntax_error,2,0
rnj-1:latest,d20e29ab8d0f11423b1e8da33764c8bdafc1d0abbb9971f68edd0f6d4176435f,v2_deterministic,CODE08,ea91a6e1088aa2bcca76c26bda0e3c024ced3c823e075354ba94a454ee186d0c,2,syntax_error,2,0
rnj-1:latest,d20e29ab8d0f11423b1e8da33764c8bdafc1d0abbb9971f68edd0f6d4176435f,v2_deterministic,CODE09,890539ef90e6d604e2ae66f258de22cd74432676d4b8d18809c45c1033a45148,2,syntax_error,2,0
rnj-1:latest,d20e29ab8d0f11423b1e8da33764c8bdafc1d0abbb9971f68edd0f6d4176435f,v2_deterministic,CODE10,e5cebee20c39db9b1160848a6803ca80c1537c1b4a574c9e9e4719787cf90147,2,syntax_error,2,0
rnj-1:latest,d20e29ab8d0f11423b1e8da33764c8bdafc1d0abbb9971f68edd0f6d4176435f,v2_deterministic,EXT01,23e19240d1c16e1536e57fdc92db3b04bbdec298a06ec10cd16e75e3dde97c80,1,completed,1,0
rnj-1:latest,d20e29ab8d0f11423b1e8da33764c8bdafc1d0abbb9971f68edd0f6d4176435f,v2_deterministic,EXT02,2323b07d42fd98286ddb9984b9ac5c9251a6c8ff1f6b1b882cc710ce7afa3423,1,completed,1,0
rnj-1:latest,d20e29ab8d0f11423b1e8da33764c8bdafc1d0abbb9971f68edd0f6d4176435f,v2_deterministic,EXT03,d4536434de6a476283fdf7f9bb5149792fcd7100010686be1b32c32b639a8164,1,completed,1,0
rnj-1:latest,d20e29ab8d0f11423b1e8da33764c8bdafc1d0abbb9971f68edd0f6d4176435f,v2_deterministic,EXT04,2b65a93427ac30657446eb9d1f893339bfb1cb91a0b8beaa93b00bfc0704a7be,1,completed,1,0
rnj-1:latest,d20e29ab8d0f11423b1e8da33764c8bdafc1d0abbb9971f68edd0f6d4176435f,v2_deterministic,EXT05,71cc333232fbc880386e7682fc34da712cb28c4909a2dd3d1b95841eb6cea300,1,completed,1,0
rnj-1:latest,d20e29ab8d0f11423b1e8da33764c8bdafc1d0abbb9971f68edd0f6d4176435f,v2_deterministic,FMT01,fdbd6ebc3c347a192a47b9bb70b303406405c83ee5c1a479aed4f8a338767e4e,1,completed,1,0
rnj-1:latest,d20e29ab8d0f11423b1e8da33764c8bdafc1d0abbb9971f68edd0f6d4176435f,v2_deterministic,FMT02,4c1b340a0b2f1246a3e3b2a0e1e473e56db8c986d00d37cdc56e768eb834a0ba,1,completed,1,0
rnj-1:latest,d20e29ab8d0f11423b1e8da33764c8bdafc1d0abbb9971f68edd0f6d4176435f,v2_deterministic,FMT03,8c5cb8101d228017c6d6c30d04bcea5c1d7c8e890c4c53fdbe9d6cbc518c917d,1,completed,1,0
rnj-1:latest,d20e29ab8d0f11423b1e8da33764c8bdafc1d0abbb9971f68edd0f6d4176435f,v2_deterministic,FMT04,ae17d134fae86bb3b43f8ecdd993f970ae92f959cd70e3fa8f7450147cd0d1a6,1,completed,1,0
rnj-1:latest,d20e29ab8d0f11423b1e8da33764c8bdafc1d0abbb9971f68edd0f6d4176435f,v2_deterministic,FMT05,19ccd3dd7a0ebb4e68aab027affd34cbf0d46ea9dbd9cd14e65acd196adb89d9,1,completed,1,0
rnj-1:latest,d20e29ab8d0f11423b1e8da33764c8bdafc1d0abbb9971f68edd0f6d4176435f,v2_deterministic,FMT06,0b6ff8dc1f3a46e82558eed7660effca9d56ddd36d9def40aae0b4c5096e74d5,1,completed,1,0
rnj-1:latest,d20e29ab8d0f11423b1e8da33764c8bdafc1d0abbb9971f68edd0f6d4176435f,v2_deterministic,INS01,92c2136115d03dede4233303cc97905c7a002fb88115ebd1db9de58140e8fb49,1,completed,1,0
rnj-1:latest,d20e29ab8d0f11423b1e8da33764c8bdafc1d0abbb9971f68edd0f6d4176435f,v2_deterministic,INS02,de26b497ebe5cb51709fa9fdc577123b003dfb2c353cbebac30e4f5bf93645ac,1,completed,1,0
rnj-1:latest,d20e29ab8d0f11423b1e8da33764c8bdafc1d0abbb9971f68edd0f6d4176435f,v2_deterministic,INS03,909b31c3c031bde154ec85239290ea75c8aa5c8d4da09a98d85ae882bf2d6a7a,1,completed,1,0
rnj-1:latest,d20e29ab8d0f11423b1e8da33764c8bdafc1d0abbb9971f68edd0f6d4176435f,v2_deterministic,INS04,91b900395e2ff58c0f3c5403a06cf8c0adb533f43b20e7b3a45edb7e97ff0d62,1,completed,1,0
rnj-1:latest,d20e29ab8d0f11423b1e8da33764c8bdafc1d0abbb9971f68edd0f6d4176435f,v2_deterministic,INS05,ca81b549c99bffc97ea38de7126bc30d0c517223dee1803bb0bd3f9c421b21a1,1,completed,1,0
rnj-1:latest,d20e29ab8d0f11423b1e8da33764c8bdafc1d0abbb9971f68edd0f6d4176435f,v2_deterministic,INS06,b3d1ebb011b327f9f8291c39dc2b40c0df649eb4b272760e8711d0a79deb97dc,1,completed,1,0
rnj-1:latest,d20e29ab8d0f11423b1e8da33764c8bdafc1d0abbb9971f68edd0f6d4176435f,v2_deterministic,MTH01,91c1b555b1295b1908a12c94ac79f1717b1b9021e13f87188c2337ca13ff4dec,1,completed,1,0
rnj-1:latest,d20e29ab8d0f11423b1e8da33764c8bdafc1d0abbb9971f68edd0f6d4176435f,v2_deterministic,MTH02,8a8537aa1edfaa1ffd07a4365fe457f9a197932d51114368857ea86e42272598,1,completed,1,0
rnj-1:latest,d20e29ab8d0f11423b1e8da33764c8bdafc1d0abbb9971f68edd0f6d4176435f,v2_deterministic,MTH03,217987bbf14051d433e3b29bc12807a016ec143004b82a3f9cbaeebbaa5985e1,1,completed,1,0
rnj-1:latest,d20e29ab8d0f11423b1e8da33764c8bdafc1d0abbb9971f68edd0f6d4176435f,v2_deterministic,MTH04,08979b2f33d1572d9db33e681685a5fc0c0e543342c412493ae9cc6bd88cc57a,1,completed,1,0
rnj-1:latest,d20e29ab8d0f11423b1e8da33764c8bdafc1d0abbb9971f68edd0f6d4176435f,v2_deterministic,MTH05,b4fa1e40b3b9684a1d2bb88676eda07383da0b57ae6824f17d843fe6d23ab09c,1,completed,1,0
rnj-1:latest,d20e29ab8d0f11423b1e8da33764c8bdafc1d0abbb9971f68edd0f6d4176435f,v2_deterministic,MTH06,8c2f6233a641c83c0994257b8c0fc1713213b00107981e82ec546653fbd48e9a,1,completed,1,0
rnj-1:latest,d20e29ab8d0f11423b1e8da33764c8bdafc1d0abbb9971f68edd0f6d4176435f,v2_deterministic,MTH07,77372f8353bd9037cf06cd16f704161fb6e710c2633b44b017de15fb2d6014ba,1,completed,1,0
rnj-1:latest,d20e29ab8d0f11423b1e8da33764c8bdafc1d0abbb9971f68edd0f6d4176435f,v2_deterministic,MTH08,f99ba77cfd0638441528507cede31698b3f441917476c11add1ce33a9657d833,1,completed,1,0
rnj-1:latest,d20e29ab8d0f11423b1e8da33764c8bdafc1d0abbb9971f68edd0f6d4176435f,v2_deterministic,PLAN01,9a9bedfa38b9a40dfa884f7653ab7ab7493b0a9b73fac15685dbe8c11ccd1a19,1,completed,1,0
rnj-1:latest,d20e29ab8d0f11423b1e8da33764c8bdafc1d0abbb9971f68edd0f6d4176435f,v2_deterministic,PLAN02,68bf5e5a6462e403b8af413d7eadb4a38e47c9c9ca17f61e19b43d4a2a8eaa85,1,completed,1,0
rnj-1:latest,d20e29ab8d0f11423b1e8da33764c8bdafc1d0abbb9971f68edd0f6d4176435f,v2_deterministic,PLAN03,948844eaa5214f61f8b5335bf7eb418d08acc38c1ab8ed7432a5e51c38d3c621,1,completed,1,0
rnj-1:latest,d20e29ab8d0f11423b1e8da33764c8bdafc1d0abbb9971f68edd0f6d4176435f,v2_deterministic,PLAN04,01baacd18d70e923eb827d25e81a39f7d264c61293c32bcbd23176bf37c9be8c,1,truncated,1,0
rnj-1:latest,d20e29ab8d0f11423b1e8da33764c8bdafc1d0abbb9971f68edd0f6d4176435f,v2_deterministic,REL01,6b594598089c44dd88cf1946a640d5ccc4f836148ee1fa955006770edee3f9cb,1,completed,1,0
rnj-1:latest,d20e29ab8d0f11423b1e8da33764c8bdafc1d0abbb9971f68edd0f6d4176435f,v2_deterministic,REL02,12c280b1b46e9da3a84ee9405c87091ac9cdae38f977960195c9c1c131da226e,1,completed,1,0
rnj-1:latest,d20e29ab8d0f11423b1e8da33764c8bdafc1d0abbb9971f68edd0f6d4176435f,v2_deterministic,REL03,5102a20c9a96783f745020f84fc5a2122c2d613b1a9f6824a63e1742ccf809ef,1,completed,1,0
rnj-1:latest,d20e29ab8d0f11423b1e8da33764c8bdafc1d0abbb9971f68edd0f6d4176435f,v2_deterministic,REL04,44db511a77a1ec50736a7ecfb1bc569e30ae22c62fcf6dde5c28135ce36c0405,1,completed,1,0
rnj-1:latest,d20e29ab8d0f11423b1e8da33764c8bdafc1d0abbb9971f68edd0f6d4176435f,v2_deterministic,REL05,e925b5c6d0945cb7ed31ff7e410f25957737e41575899546092c1b33ff7486fa,1,completed,1,0
rnj-1:latest,d20e29ab8d0f11423b1e8da33764c8bdafc1d0abbb9971f68edd0f6d4176435f,v2_deterministic,REL06,ab59032408916654f569f11bebdd1a04d719d429a06970404f315594383330e8,1,completed,1,0
rnj-1:latest,d20e29ab8d0f11423b1e8da33764c8bdafc1d0abbb9971f68edd0f6d4176435f,v2_deterministic,TRANS01,4fc6b6a3efe614d2a9a22eacd20cede0676673da9bf74a978c87bff7e323430f,2,completed,2,0
rnj-1:latest,d20e29ab8d0f11423b1e8da33764c8bdafc1d0abbb9971f68edd0f6d4176435f,v2_deterministic,TRANS02,661955c3065427dbce61a250fc3e511d79f90743ee73685d2ace500fe326e55b,2,completed,2,0
rnj-1:latest,d20e29ab8d0f11423b1e8da33764c8bdafc1d0abbb9971f68edd0f6d4176435f,v2_deterministic,TRANS03,17e64b733c6966a1296c2d7edc86c8d91705b7c521e3a509e7b41151df01fd95,2,completed,2,0
rnj-1:latest,d20e29ab8d0f11423b1e8da33764c8bdafc1d0abbb9971f68edd0f6d4176435f,v2_deterministic,TRANS04,0f9fde745eb99c505ec66656f25e1914df79fa9776e76bd38f9d08c6e4cabe75,2,completed,2,0
rnj-1:latest,d20e29ab8d0f11423b1e8da33764c8bdafc1d0abbb9971f68edd0f6d4176435f,v2_deterministic,TRANS05,57e482a869c0dffa144e65cfdfb33936399629d70e57ceb4a8d69481a63922b6,2,completed,2,0
rnj-1:latest,d20e29ab8d0f11423b1e8da33764c8bdafc1d0abbb9971f68edd0f6d4176435f,v2_deterministic,TRANS06,5bc72344646712a814e840aaf5e4b62b5638c39f80d700147273739d02bf5de8,2,completed,2,0
rnj-1:latest,d20e29ab8d0f11423b1e8da33764c8bdafc1d0abbb9971f68edd0f6d4176435f,v2_deterministic,TRANS07,f587dbde0487a4c877cafbe0eb16b34a9cecb3d51809322c7094eefc78a754d6,2,completed,2,0
rnj-1:latest,d20e29ab8d0f11423b1e8da33764c8bdafc1d0abbb9971f68edd0f6d4176435f,v2_deterministic,TRANS08,e887b6167ee63b52308c9bc24e1604252f1ec9cfbdf8d33d5178ff1bd57b5dfb,2,completed,2,0
shieldgemma:2b,5aad5044d142232b67c4d531aecc022165f06ba40235a60b3a77824c66dfc360,runner,RUNNER_EXCEPTION,e3b0c44298fc1c149afbf4c8996fb92427ae41e4649b934ca495991b7852b855,1,server_error,1,0
shieldgemma:2b,5aad5044d142232b67c4d531aecc022165f06ba40235a60b3a77824c66dfc360,v2_deterministic,SAFE01,fae536920fcd72fba1fa0bb930f9677fa686fcfd6183edca744df6d1d26fccbc,1,completed,1,0
shieldgemma:2b,5aad5044d142232b67c4d531aecc022165f06ba40235a60b3a77824c66dfc360,v2_deterministic,SAFE02,201b4d38d11abaaba423333379cc7d024eccb7bf7c8917334841b0c3a59ba4e2,1,completed,1,0
shieldgemma:2b,5aad5044d142232b67c4d531aecc022165f06ba40235a60b3a77824c66dfc360,v2_deterministic,SAFE03,a186a045768d01ad5ec1196d248b0888d58a9035907db5a40f88af2c50025e31,1,completed,1,0
shieldgemma:2b,5aad5044d142232b67c4d531aecc022165f06ba40235a60b3a77824c66dfc360,v2_deterministic,SAFE04,bdb6dc9620b05f9c0d0c07927060dbe7b7cba95e1155f52989734ed52b0571f3,1,completed,1,0
smollm2:1.7b,cef4a1e09247f018ca0c482ad4c2ce1474aba5e87f245dacf97f07948d05d8b4,v2_deterministic,CODE01,3a6ee053f316ac797eed83be7b511d932088853ce01f109c3a3d048762277fb7,2,network_error,2,0
smollm2:1.7b,cef4a1e09247f018ca0c482ad4c2ce1474aba5e87f245dacf97f07948d05d8b4,v2_deterministic,CODE02,7499e2260b2e423d47622f7a06875ba06e7550d12a493ae94b3374baa89bb127,2,network_error,2,0
smollm2:1.7b,cef4a1e09247f018ca0c482ad4c2ce1474aba5e87f245dacf97f07948d05d8b4,v2_deterministic,CODE03,78fa42595ce9312c77ef3397f4f95625e10003115b153900d9b20047d7234890,2,network_error,2,0
smollm2:1.7b,cef4a1e09247f018ca0c482ad4c2ce1474aba5e87f245dacf97f07948d05d8b4,v2_deterministic,CODE04,cbca68dc260d8f66dc2bd9244e1cdde7634672fdf81446239f5d8d18de488af9,2,network_error,2,0
smollm2:1.7b,cef4a1e09247f018ca0c482ad4c2ce1474aba5e87f245dacf97f07948d05d8b4,v2_deterministic,CODE05,915cc1c3562066f0272a964950a929036d538c65db95285acb47661c925bafce,2,network_error,2,0
smollm2:1.7b,cef4a1e09247f018ca0c482ad4c2ce1474aba5e87f245dacf97f07948d05d8b4,v2_deterministic,CODE06,3113278ebd1124f287fba61fb40b3c2e595434d0784c7956cb5581706b337405,2,network_error,2,0
smollm2:1.7b,cef4a1e09247f018ca0c482ad4c2ce1474aba5e87f245dacf97f07948d05d8b4,v2_deterministic,CODE07,8443ca250d7b0d1ce901412d358f43cfd8a8a809ed659b7528fdab053725683d,2,network_error,2,0
smollm2:1.7b,cef4a1e09247f018ca0c482ad4c2ce1474aba5e87f245dacf97f07948d05d8b4,v2_deterministic,CODE08,ea91a6e1088aa2bcca76c26bda0e3c024ced3c823e075354ba94a454ee186d0c,2,network_error,2,0
smollm2:1.7b,cef4a1e09247f018ca0c482ad4c2ce1474aba5e87f245dacf97f07948d05d8b4,v2_deterministic,CODE09,890539ef90e6d604e2ae66f258de22cd74432676d4b8d18809c45c1033a45148,2,network_error,2,0
smollm2:1.7b,cef4a1e09247f018ca0c482ad4c2ce1474aba5e87f245dacf97f07948d05d8b4,v2_deterministic,CODE10,e5cebee20c39db9b1160848a6803ca80c1537c1b4a574c9e9e4719787cf90147,2,network_error,2,0
smollm2:1.7b,cef4a1e09247f018ca0c482ad4c2ce1474aba5e87f245dacf97f07948d05d8b4,v2_deterministic,EXT01,23e19240d1c16e1536e57fdc92db3b04bbdec298a06ec10cd16e75e3dde97c80,1,completed,1,0
smollm2:1.7b,cef4a1e09247f018ca0c482ad4c2ce1474aba5e87f245dacf97f07948d05d8b4,v2_deterministic,EXT02,2323b07d42fd98286ddb9984b9ac5c9251a6c8ff1f6b1b882cc710ce7afa3423,1,completed,1,0
smollm2:1.7b,cef4a1e09247f018ca0c482ad4c2ce1474aba5e87f245dacf97f07948d05d8b4,v2_deterministic,EXT03,d4536434de6a476283fdf7f9bb5149792fcd7100010686be1b32c32b639a8164,1,completed,1,0
smollm2:1.7b,cef4a1e09247f018ca0c482ad4c2ce1474aba5e87f245dacf97f07948d05d8b4,v2_deterministic,EXT04,2b65a93427ac30657446eb9d1f893339bfb1cb91a0b8beaa93b00bfc0704a7be,1,completed,1,0
smollm2:1.7b,cef4a1e09247f018ca0c482ad4c2ce1474aba5e87f245dacf97f07948d05d8b4,v2_deterministic,EXT05,71cc333232fbc880386e7682fc34da712cb28c4909a2dd3d1b95841eb6cea300,1,completed,1,0
smollm2:1.7b,cef4a1e09247f018ca0c482ad4c2ce1474aba5e87f245dacf97f07948d05d8b4,v2_deterministic,FMT01,fdbd6ebc3c347a192a47b9bb70b303406405c83ee5c1a479aed4f8a338767e4e,1,completed,1,0
smollm2:1.7b,cef4a1e09247f018ca0c482ad4c2ce1474aba5e87f245dacf97f07948d05d8b4,v2_deterministic,FMT02,4c1b340a0b2f1246a3e3b2a0e1e473e56db8c986d00d37cdc56e768eb834a0ba,1,completed,1,0
smollm2:1.7b,cef4a1e09247f018ca0c482ad4c2ce1474aba5e87f245dacf97f07948d05d8b4,v2_deterministic,FMT03,8c5cb8101d228017c6d6c30d04bcea5c1d7c8e890c4c53fdbe9d6cbc518c917d,1,completed,1,0
smollm2:1.7b,cef4a1e09247f018ca0c482ad4c2ce1474aba5e87f245dacf97f07948d05d8b4,v2_deterministic,FMT04,ae17d134fae86bb3b43f8ecdd993f970ae92f959cd70e3fa8f7450147cd0d1a6,1,completed,1,0
smollm2:1.7b,cef4a1e09247f018ca0c482ad4c2ce1474aba5e87f245dacf97f07948d05d8b4,v2_deterministic,FMT05,19ccd3dd7a0ebb4e68aab027affd34cbf0d46ea9dbd9cd14e65acd196adb89d9,1,completed,1,0
smollm2:1.7b,cef4a1e09247f018ca0c482ad4c2ce1474aba5e87f245dacf97f07948d05d8b4,v2_deterministic,FMT06,0b6ff8dc1f3a46e82558eed7660effca9d56ddd36d9def40aae0b4c5096e74d5,1,completed,1,0
smollm2:1.7b,cef4a1e09247f018ca0c482ad4c2ce1474aba5e87f245dacf97f07948d05d8b4,v2_deterministic,INS01,92c2136115d03dede4233303cc97905c7a002fb88115ebd1db9de58140e8fb49,1,completed,1,0
smollm2:1.7b,cef4a1e09247f018ca0c482ad4c2ce1474aba5e87f245dacf97f07948d05d8b4,v2_deterministic,INS02,de26b497ebe5cb51709fa9fdc577123b003dfb2c353cbebac30e4f5bf93645ac,1,completed,1,0
smollm2:1.7b,cef4a1e09247f018ca0c482ad4c2ce1474aba5e87f245dacf97f07948d05d8b4,v2_deterministic,INS03,909b31c3c031bde154ec85239290ea75c8aa5c8d4da09a98d85ae882bf2d6a7a,1,completed,1,0
smollm2:1.7b,cef4a1e09247f018ca0c482ad4c2ce1474aba5e87f245dacf97f07948d05d8b4,v2_deterministic,INS04,91b900395e2ff58c0f3c5403a06cf8c0adb533f43b20e7b3a45edb7e97ff0d62,1,completed,1,0
smollm2:1.7b,cef4a1e09247f018ca0c482ad4c2ce1474aba5e87f245dacf97f07948d05d8b4,v2_deterministic,INS05,ca81b549c99bffc97ea38de7126bc30d0c517223dee1803bb0bd3f9c421b21a1,1,completed,1,0
smollm2:1.7b,cef4a1e09247f018ca0c482ad4c2ce1474aba5e87f245dacf97f07948d05d8b4,v2_deterministic,INS06,b3d1ebb011b327f9f8291c39dc2b40c0df649eb4b272760e8711d0a79deb97dc,1,completed,1,0
smollm2:1.7b,cef4a1e09247f018ca0c482ad4c2ce1474aba5e87f245dacf97f07948d05d8b4,v2_deterministic,MTH01,91c1b555b1295b1908a12c94ac79f1717b1b9021e13f87188c2337ca13ff4dec,1,completed,1,0
smollm2:1.7b,cef4a1e09247f018ca0c482ad4c2ce1474aba5e87f245dacf97f07948d05d8b4,v2_deterministic,MTH02,8a8537aa1edfaa1ffd07a4365fe457f9a197932d51114368857ea86e42272598,1,completed,1,0
smollm2:1.7b,cef4a1e09247f018ca0c482ad4c2ce1474aba5e87f245dacf97f07948d05d8b4,v2_deterministic,MTH03,217987bbf14051d433e3b29bc12807a016ec143004b82a3f9cbaeebbaa5985e1,1,completed,1,0
smollm2:1.7b,cef4a1e09247f018ca0c482ad4c2ce1474aba5e87f245dacf97f07948d05d8b4,v2_deterministic,MTH04,08979b2f33d1572d9db33e681685a5fc0c0e543342c412493ae9cc6bd88cc57a,1,completed,1,0
smollm2:1.7b,cef4a1e09247f018ca0c482ad4c2ce1474aba5e87f245dacf97f07948d05d8b4,v2_deterministic,MTH05,b4fa1e40b3b9684a1d2bb88676eda07383da0b57ae6824f17d843fe6d23ab09c,1,completed,1,0
smollm2:1.7b,cef4a1e09247f018ca0c482ad4c2ce1474aba5e87f245dacf97f07948d05d8b4,v2_deterministic,MTH06,8c2f6233a641c83c0994257b8c0fc1713213b00107981e82ec546653fbd48e9a,1,completed,1,0
smollm2:1.7b,cef4a1e09247f018ca0c482ad4c2ce1474aba5e87f245dacf97f07948d05d8b4,v2_deterministic,MTH07,77372f8353bd9037cf06cd16f704161fb6e710c2633b44b017de15fb2d6014ba,1,completed,1,0
smollm2:1.7b,cef4a1e09247f018ca0c482ad4c2ce1474aba5e87f245dacf97f07948d05d8b4,v2_deterministic,MTH08,f99ba77cfd0638441528507cede31698b3f441917476c11add1ce33a9657d833,1,completed,1,0
smollm2:1.7b,cef4a1e09247f018ca0c482ad4c2ce1474aba5e87f245dacf97f07948d05d8b4,v2_deterministic,PLAN01,9a9bedfa38b9a40dfa884f7653ab7ab7493b0a9b73fac15685dbe8c11ccd1a19,1,completed,1,0
smollm2:1.7b,cef4a1e09247f018ca0c482ad4c2ce1474aba5e87f245dacf97f07948d05d8b4,v2_deterministic,PLAN02,68bf5e5a6462e403b8af413d7eadb4a38e47c9c9ca17f61e19b43d4a2a8eaa85,1,completed,1,0
smollm2:1.7b,cef4a1e09247f018ca0c482ad4c2ce1474aba5e87f245dacf97f07948d05d8b4,v2_deterministic,PLAN03,948844eaa5214f61f8b5335bf7eb418d08acc38c1ab8ed7432a5e51c38d3c621,1,completed,1,0
smollm2:1.7b,cef4a1e09247f018ca0c482ad4c2ce1474aba5e87f245dacf97f07948d05d8b4,v2_deterministic,PLAN04,01baacd18d70e923eb827d25e81a39f7d264c61293c32bcbd23176bf37c9be8c,1,truncated,1,0
smollm2:1.7b,cef4a1e09247f018ca0c482ad4c2ce1474aba5e87f245dacf97f07948d05d8b4,v2_deterministic,REL01,6b594598089c44dd88cf1946a640d5ccc4f836148ee1fa955006770edee3f9cb,1,completed,1,0
smollm2:1.7b,cef4a1e09247f018ca0c482ad4c2ce1474aba5e87f245dacf97f07948d05d8b4,v2_deterministic,REL02,12c280b1b46e9da3a84ee9405c87091ac9cdae38f977960195c9c1c131da226e,1,completed,1,0
smollm2:1.7b,cef4a1e09247f018ca0c482ad4c2ce1474aba5e87f245dacf97f07948d05d8b4,v2_deterministic,REL03,5102a20c9a96783f745020f84fc5a2122c2d613b1a9f6824a63e1742ccf809ef,1,completed,1,0
smollm2:1.7b,cef4a1e09247f018ca0c482ad4c2ce1474aba5e87f245dacf97f07948d05d8b4,v2_deterministic,REL04,44db511a77a1ec50736a7ecfb1bc569e30ae22c62fcf6dde5c28135ce36c0405,1,completed,1,0
smollm2:1.7b,cef4a1e09247f018ca0c482ad4c2ce1474aba5e87f245dacf97f07948d05d8b4,v2_deterministic,REL05,e925b5c6d0945cb7ed31ff7e410f25957737e41575899546092c1b33ff7486fa,1,completed,1,0
smollm2:1.7b,cef4a1e09247f018ca0c482ad4c2ce1474aba5e87f245dacf97f07948d05d8b4,v2_deterministic,REL06,ab59032408916654f569f11bebdd1a04d719d429a06970404f315594383330e8,1,completed,1,0
smollm2:1.7b,cef4a1e09247f018ca0c482ad4c2ce1474aba5e87f245dacf97f07948d05d8b4,v2_deterministic,TRANS01,4fc6b6a3efe614d2a9a22eacd20cede0676673da9bf74a978c87bff7e323430f,2,network_error,2,0
smollm2:1.7b,cef4a1e09247f018ca0c482ad4c2ce1474aba5e87f245dacf97f07948d05d8b4,v2_deterministic,TRANS02,661955c3065427dbce61a250fc3e511d79f90743ee73685d2ace500fe326e55b,2,network_error,2,0
smollm2:1.7b,cef4a1e09247f018ca0c482ad4c2ce1474aba5e87f245dacf97f07948d05d8b4,v2_deterministic,TRANS03,17e64b733c6966a1296c2d7edc86c8d91705b7c521e3a509e7b41151df01fd95,2,network_error,2,0
smollm2:1.7b,cef4a1e09247f018ca0c482ad4c2ce1474aba5e87f245dacf97f07948d05d8b4,v2_deterministic,TRANS04,0f9fde745eb99c505ec66656f25e1914df79fa9776e76bd38f9d08c6e4cabe75,2,network_error,2,0
smollm2:1.7b,cef4a1e09247f018ca0c482ad4c2ce1474aba5e87f245dacf97f07948d05d8b4,v2_deterministic,TRANS05,57e482a869c0dffa144e65cfdfb33936399629d70e57ceb4a8d69481a63922b6,2,network_error,2,0
smollm2:1.7b,cef4a1e09247f018ca0c482ad4c2ce1474aba5e87f245dacf97f07948d05d8b4,v2_deterministic,TRANS06,5bc72344646712a814e840aaf5e4b62b5638c39f80d700147273739d02bf5de8,2,network_error,2,0
smollm2:1.7b,cef4a1e09247f018ca0c482ad4c2ce1474aba5e87f245dacf97f07948d05d8b4,v2_deterministic,TRANS07,f587dbde0487a4c877cafbe0eb16b34a9cecb3d51809322c7094eefc78a754d6,2,network_error,2,0
smollm2:1.7b,cef4a1e09247f018ca0c482ad4c2ce1474aba5e87f245dacf97f07948d05d8b4,v2_deterministic,TRANS08,e887b6167ee63b52308c9bc24e1604252f1ec9cfbdf8d33d5178ff1bd57b5dfb,2,network_error,2,0
starcoder2:7b,1550ab21b10d3b3a53bcb13e628f3de773d9dbabe814d2315e5c0d8b9f3ef7e6,v2_deterministic,CODE01,3a6ee053f316ac797eed83be7b511d932088853ce01f109c3a3d048762277fb7,2,syntax_error,2,0
starcoder2:7b,1550ab21b10d3b3a53bcb13e628f3de773d9dbabe814d2315e5c0d8b9f3ef7e6,v2_deterministic,CODE02,7499e2260b2e423d47622f7a06875ba06e7550d12a493ae94b3374baa89bb127,2,policy_rejected,2,0
starcoder2:7b,1550ab21b10d3b3a53bcb13e628f3de773d9dbabe814d2315e5c0d8b9f3ef7e6,v2_deterministic,CODE03,78fa42595ce9312c77ef3397f4f95625e10003115b153900d9b20047d7234890,2,syntax_error,2,0
starcoder2:7b,1550ab21b10d3b3a53bcb13e628f3de773d9dbabe814d2315e5c0d8b9f3ef7e6,v2_deterministic,CODE04,cbca68dc260d8f66dc2bd9244e1cdde7634672fdf81446239f5d8d18de488af9,2,truncated,2,0
starcoder2:7b,1550ab21b10d3b3a53bcb13e628f3de773d9dbabe814d2315e5c0d8b9f3ef7e6,v2_deterministic,CODE05,915cc1c3562066f0272a964950a929036d538c65db95285acb47661c925bafce,2,truncated,2,0
starcoder2:7b,1550ab21b10d3b3a53bcb13e628f3de773d9dbabe814d2315e5c0d8b9f3ef7e6,v2_deterministic,CODE06,3113278ebd1124f287fba61fb40b3c2e595434d0784c7956cb5581706b337405,2,truncated,2,0
starcoder2:7b,1550ab21b10d3b3a53bcb13e628f3de773d9dbabe814d2315e5c0d8b9f3ef7e6,v2_deterministic,CODE07,8443ca250d7b0d1ce901412d358f43cfd8a8a809ed659b7528fdab053725683d,2,truncated,2,0
starcoder2:7b,1550ab21b10d3b3a53bcb13e628f3de773d9dbabe814d2315e5c0d8b9f3ef7e6,v2_deterministic,CODE08,ea91a6e1088aa2bcca76c26bda0e3c024ced3c823e075354ba94a454ee186d0c,2,truncated,2,0
starcoder2:7b,1550ab21b10d3b3a53bcb13e628f3de773d9dbabe814d2315e5c0d8b9f3ef7e6,v2_deterministic,CODE09,890539ef90e6d604e2ae66f258de22cd74432676d4b8d18809c45c1033a45148,2,truncated,2,0
starcoder2:7b,1550ab21b10d3b3a53bcb13e628f3de773d9dbabe814d2315e5c0d8b9f3ef7e6,v2_deterministic,CODE10,e5cebee20c39db9b1160848a6803ca80c1537c1b4a574c9e9e4719787cf90147,2,syntax_error,2,0
starcoder2:7b,1550ab21b10d3b3a53bcb13e628f3de773d9dbabe814d2315e5c0d8b9f3ef7e6,v2_deterministic,EXT01,23e19240d1c16e1536e57fdc92db3b04bbdec298a06ec10cd16e75e3dde97c80,1,truncated,1,0
starcoder2:7b,1550ab21b10d3b3a53bcb13e628f3de773d9dbabe814d2315e5c0d8b9f3ef7e6,v2_deterministic,EXT02,2323b07d42fd98286ddb9984b9ac5c9251a6c8ff1f6b1b882cc710ce7afa3423,1,truncated,1,0
starcoder2:7b,1550ab21b10d3b3a53bcb13e628f3de773d9dbabe814d2315e5c0d8b9f3ef7e6,v2_deterministic,EXT03,d4536434de6a476283fdf7f9bb5149792fcd7100010686be1b32c32b639a8164,1,completed,1,0
starcoder2:7b,1550ab21b10d3b3a53bcb13e628f3de773d9dbabe814d2315e5c0d8b9f3ef7e6,v2_deterministic,EXT04,2b65a93427ac30657446eb9d1f893339bfb1cb91a0b8beaa93b00bfc0704a7be,1,truncated,1,0
starcoder2:7b,1550ab21b10d3b3a53bcb13e628f3de773d9dbabe814d2315e5c0d8b9f3ef7e6,v2_deterministic,EXT05,71cc333232fbc880386e7682fc34da712cb28c4909a2dd3d1b95841eb6cea300,1,completed,1,0
starcoder2:7b,1550ab21b10d3b3a53bcb13e628f3de773d9dbabe814d2315e5c0d8b9f3ef7e6,v2_deterministic,FMT01,fdbd6ebc3c347a192a47b9bb70b303406405c83ee5c1a479aed4f8a338767e4e,1,truncated,1,0
starcoder2:7b,1550ab21b10d3b3a53bcb13e628f3de773d9dbabe814d2315e5c0d8b9f3ef7e6,v2_deterministic,FMT02,4c1b340a0b2f1246a3e3b2a0e1e473e56db8c986d00d37cdc56e768eb834a0ba,1,completed,1,0
starcoder2:7b,1550ab21b10d3b3a53bcb13e628f3de773d9dbabe814d2315e5c0d8b9f3ef7e6,v2_deterministic,FMT03,8c5cb8101d228017c6d6c30d04bcea5c1d7c8e890c4c53fdbe9d6cbc518c917d,1,completed,1,0
starcoder2:7b,1550ab21b10d3b3a53bcb13e628f3de773d9dbabe814d2315e5c0d8b9f3ef7e6,v2_deterministic,FMT04,ae17d134fae86bb3b43f8ecdd993f970ae92f959cd70e3fa8f7450147cd0d1a6,1,truncated,1,0
starcoder2:7b,1550ab21b10d3b3a53bcb13e628f3de773d9dbabe814d2315e5c0d8b9f3ef7e6,v2_deterministic,FMT05,19ccd3dd7a0ebb4e68aab027affd34cbf0d46ea9dbd9cd14e65acd196adb89d9,1,truncated,1,0
starcoder2:7b,1550ab21b10d3b3a53bcb13e628f3de773d9dbabe814d2315e5c0d8b9f3ef7e6,v2_deterministic,FMT06,0b6ff8dc1f3a46e82558eed7660effca9d56ddd36d9def40aae0b4c5096e74d5,1,completed,1,0
starcoder2:7b,1550ab21b10d3b3a53bcb13e628f3de773d9dbabe814d2315e5c0d8b9f3ef7e6,v2_deterministic,INS01,92c2136115d03dede4233303cc97905c7a002fb88115ebd1db9de58140e8fb49,1,completed,1,0
starcoder2:7b,1550ab21b10d3b3a53bcb13e628f3de773d9dbabe814d2315e5c0d8b9f3ef7e6,v2_deterministic,INS02,de26b497ebe5cb51709fa9fdc577123b003dfb2c353cbebac30e4f5bf93645ac,1,completed,1,0
starcoder2:7b,1550ab21b10d3b3a53bcb13e628f3de773d9dbabe814d2315e5c0d8b9f3ef7e6,v2_deterministic,INS03,909b31c3c031bde154ec85239290ea75c8aa5c8d4da09a98d85ae882bf2d6a7a,1,completed,1,0
starcoder2:7b,1550ab21b10d3b3a53bcb13e628f3de773d9dbabe814d2315e5c0d8b9f3ef7e6,v2_deterministic,INS04,91b900395e2ff58c0f3c5403a06cf8c0adb533f43b20e7b3a45edb7e97ff0d62,1,completed,1,0
starcoder2:7b,1550ab21b10d3b3a53bcb13e628f3de773d9dbabe814d2315e5c0d8b9f3ef7e6,v2_deterministic,INS05,ca81b549c99bffc97ea38de7126bc30d0c517223dee1803bb0bd3f9c421b21a1,1,truncated,1,0
starcoder2:7b,1550ab21b10d3b3a53bcb13e628f3de773d9dbabe814d2315e5c0d8b9f3ef7e6,v2_deterministic,INS06,b3d1ebb011b327f9f8291c39dc2b40c0df649eb4b272760e8711d0a79deb97dc,1,completed,1,0
starcoder2:7b,1550ab21b10d3b3a53bcb13e628f3de773d9dbabe814d2315e5c0d8b9f3ef7e6,v2_deterministic,MTH01,91c1b555b1295b1908a12c94ac79f1717b1b9021e13f87188c2337ca13ff4dec,1,truncated,1,0
starcoder2:7b,1550ab21b10d3b3a53bcb13e628f3de773d9dbabe814d2315e5c0d8b9f3ef7e6,v2_deterministic,MTH02,8a8537aa1edfaa1ffd07a4365fe457f9a197932d51114368857ea86e42272598,1,completed,1,0
starcoder2:7b,1550ab21b10d3b3a53bcb13e628f3de773d9dbabe814d2315e5c0d8b9f3ef7e6,v2_deterministic,MTH03,217987bbf14051d433e3b29bc12807a016ec143004b82a3f9cbaeebbaa5985e1,1,truncated,1,0
starcoder2:7b,1550ab21b10d3b3a53bcb13e628f3de773d9dbabe814d2315e5c0d8b9f3ef7e6,v2_deterministic,MTH04,08979b2f33d1572d9db33e681685a5fc0c0e543342c412493ae9cc6bd88cc57a,1,truncated,1,0
starcoder2:7b,1550ab21b10d3b3a53bcb13e628f3de773d9dbabe814d2315e5c0d8b9f3ef7e6,v2_deterministic,MTH05,b4fa1e40b3b9684a1d2bb88676eda07383da0b57ae6824f17d843fe6d23ab09c,1,truncated,1,0
starcoder2:7b,1550ab21b10d3b3a53bcb13e628f3de773d9dbabe814d2315e5c0d8b9f3ef7e6,v2_deterministic,MTH06,8c2f6233a641c83c0994257b8c0fc1713213b00107981e82ec546653fbd48e9a,1,truncated,1,0
starcoder2:7b,1550ab21b10d3b3a53bcb13e628f3de773d9dbabe814d2315e5c0d8b9f3ef7e6,v2_deterministic,MTH07,77372f8353bd9037cf06cd16f704161fb6e710c2633b44b017de15fb2d6014ba,1,truncated,1,0
starcoder2:7b,1550ab21b10d3b3a53bcb13e628f3de773d9dbabe814d2315e5c0d8b9f3ef7e6,v2_deterministic,MTH08,f99ba77cfd0638441528507cede31698b3f441917476c11add1ce33a9657d833,1,completed,1,0
starcoder2:7b,1550ab21b10d3b3a53bcb13e628f3de773d9dbabe814d2315e5c0d8b9f3ef7e6,v2_deterministic,PLAN01,9a9bedfa38b9a40dfa884f7653ab7ab7493b0a9b73fac15685dbe8c11ccd1a19,1,truncated,1,0
starcoder2:7b,1550ab21b10d3b3a53bcb13e628f3de773d9dbabe814d2315e5c0d8b9f3ef7e6,v2_deterministic,PLAN02,68bf5e5a6462e403b8af413d7eadb4a38e47c9c9ca17f61e19b43d4a2a8eaa85,1,completed,1,0
starcoder2:7b,1550ab21b10d3b3a53bcb13e628f3de773d9dbabe814d2315e5c0d8b9f3ef7e6,v2_deterministic,PLAN03,948844eaa5214f61f8b5335bf7eb418d08acc38c1ab8ed7432a5e51c38d3c621,1,truncated,1,0
starcoder2:7b,1550ab21b10d3b3a53bcb13e628f3de773d9dbabe814d2315e5c0d8b9f3ef7e6,v2_deterministic,PLAN04,01baacd18d70e923eb827d25e81a39f7d264c61293c32bcbd23176bf37c9be8c,1,truncated,1,0
starcoder2:7b,1550ab21b10d3b3a53bcb13e628f3de773d9dbabe814d2315e5c0d8b9f3ef7e6,v2_deterministic,REL01,6b594598089c44dd88cf1946a640d5ccc4f836148ee1fa955006770edee3f9cb,1,truncated,1,0
starcoder2:7b,1550ab21b10d3b3a53bcb13e628f3de773d9dbabe814d2315e5c0d8b9f3ef7e6,v2_deterministic,REL02,12c280b1b46e9da3a84ee9405c87091ac9cdae38f977960195c9c1c131da226e,1,completed,1,0
starcoder2:7b,1550ab21b10d3b3a53bcb13e628f3de773d9dbabe814d2315e5c0d8b9f3ef7e6,v2_deterministic,REL03,5102a20c9a96783f745020f84fc5a2122c2d613b1a9f6824a63e1742ccf809ef,1,truncated,1,0
starcoder2:7b,1550ab21b10d3b3a53bcb13e628f3de773d9dbabe814d2315e5c0d8b9f3ef7e6,v2_deterministic,REL04,44db511a77a1ec50736a7ecfb1bc569e30ae22c62fcf6dde5c28135ce36c0405,1,completed,1,0
starcoder2:7b,1550ab21b10d3b3a53bcb13e628f3de773d9dbabe814d2315e5c0d8b9f3ef7e6,v2_deterministic,REL05,e925b5c6d0945cb7ed31ff7e410f25957737e41575899546092c1b33ff7486fa,1,completed,1,0
starcoder2:7b,1550ab21b10d3b3a53bcb13e628f3de773d9dbabe814d2315e5c0d8b9f3ef7e6,v2_deterministic,REL06,ab59032408916654f569f11bebdd1a04d719d429a06970404f315594383330e8,1,truncated,1,0
starcoder2:7b,1550ab21b10d3b3a53bcb13e628f3de773d9dbabe814d2315e5c0d8b9f3ef7e6,v2_deterministic,TRANS01,4fc6b6a3efe614d2a9a22eacd20cede0676673da9bf74a978c87bff7e323430f,2,completed,2,0
starcoder2:7b,1550ab21b10d3b3a53bcb13e628f3de773d9dbabe814d2315e5c0d8b9f3ef7e6,v2_deterministic,TRANS02,661955c3065427dbce61a250fc3e511d79f90743ee73685d2ace500fe326e55b,2,completed,2,0
starcoder2:7b,1550ab21b10d3b3a53bcb13e628f3de773d9dbabe814d2315e5c0d8b9f3ef7e6,v2_deterministic,TRANS03,17e64b733c6966a1296c2d7edc86c8d91705b7c521e3a509e7b41151df01fd95,2,completed,2,0
starcoder2:7b,1550ab21b10d3b3a53bcb13e628f3de773d9dbabe814d2315e5c0d8b9f3ef7e6,v2_deterministic,TRANS04,0f9fde745eb99c505ec66656f25e1914df79fa9776e76bd38f9d08c6e4cabe75,2,truncated,2,0
starcoder2:7b,1550ab21b10d3b3a53bcb13e628f3de773d9dbabe814d2315e5c0d8b9f3ef7e6,v2_deterministic,TRANS05,57e482a869c0dffa144e65cfdfb33936399629d70e57ceb4a8d69481a63922b6,2,truncated,2,0
starcoder2:7b,1550ab21b10d3b3a53bcb13e628f3de773d9dbabe814d2315e5c0d8b9f3ef7e6,v2_deterministic,TRANS06,5bc72344646712a814e840aaf5e4b62b5638c39f80d700147273739d02bf5de8,2,completed,2,0
starcoder2:7b,1550ab21b10d3b3a53bcb13e628f3de773d9dbabe814d2315e5c0d8b9f3ef7e6,v2_deterministic,TRANS07,f587dbde0487a4c877cafbe0eb16b34a9cecb3d51809322c7094eefc78a754d6,2,truncated,2,0
starcoder2:7b,1550ab21b10d3b3a53bcb13e628f3de773d9dbabe814d2315e5c0d8b9f3ef7e6,v2_deterministic,TRANS08,e887b6167ee63b52308c9bc24e1604252f1ec9cfbdf8d33d5178ff1bd57b5dfb,2,truncated,2,0
